event,file,A_baseline_mV,A_positive_excursion_mV,A_positive_time_ns,A_negative_excursion_mV,A_negative_time_ns,B_baseline_mV,B_positive_excursion_mV,B_positive_time_ns,B_negative_excursion_mV,B_negative_time_ns,C_baseline_mV,C_positive_excursion_mV,C_positive_time_ns,C_negative_excursion_mV,C_negative_time_ns,D_baseline_mV,D_positive_excursion_mV,D_positive_time_ns,D_negative_excursion_mV,D_negative_time_ns
0,event_000000.csv,0.0,39.98524,-92.0,-39.98524,-16.0,0.0,39.52387,104.0,-39.52387,-92.0,118.8792,79.20150000000001,192.0,-39.67766999999999,-8.0,23.80659,23.806600000000003,0.0,-7.93553,-68.0
1,event_000001.csv,0.0,39.98524,-72.0,-39.98524,96.0,0.0,39.52387,-68.0,-39.52387,-72.0,118.8792,118.8792,20.0,-79.35533,44.0,23.80659,23.806600000000003,0.0,-15.871058999999999,-36.0
2,event_000002.csv,0.0,39.98524,-100.0,-39.98524,68.0,0.0,39.52387,-64.0,-39.52387,-100.0,118.8792,79.20150000000001,8.0,-79.35533,36.0,23.80659,23.806600000000003,0.0,-15.871058999999999,-28.0
3,event_000003.csv,0.0,79.97047,108.0,-39.98524,-76.0,0.0,39.52387,-60.0,-39.52387,-88.0,118.8792,79.20150000000001,-100.0,-39.67766999999999,-76.0,23.80659,23.806600000000003,0.0,-15.871058999999999,-40.0
4,event_000004.csv,0.0,39.98524,-84.0,-39.98524,-56.0,0.0,39.52387,-60.0,-39.52387,-32.0,118.8792,79.20150000000001,-100.0,-39.67766999999999,-56.0,31.74213,15.871060000000003,0.0,-15.87107,-48.0
5,event_000005.csv,0.0,39.98524,-88.0,-39.98524,-44.0,0.0,39.52387,-72.0,-39.52387,-68.0,118.8792,118.8792,16.0,-39.67766999999999,-44.0,23.80659,23.806600000000003,0.0,-23.80659,20.0
6,event_000006.csv,0.0,39.98524,-100.0,-39.98524,36.0,0.0,39.52387,-48.0,-39.52387,100.0,118.8792,79.20150000000001,24.0,-39.67766999999999,-92.0,23.80659,23.806600000000003,0.0,-15.871058999999999,20.0
7,event_000007.csv,0.0,39.98524,-76.0,0.0,-100.0,0.0,39.52387,-12.0,-39.52387,-32.0,118.8792,79.20150000000001,-40.0,-39.67766999999999,-20.0,23.80659,23.806600000000003,0.0,-15.871058999999999,-40.0
8,event_000008.csv,0.0,39.98524,-92.0,-39.98524,16.0,0.0,39.52387,-92.0,-39.52387,-56.0,118.8792,79.20150000000001,-40.0,-39.67766999999999,-24.0,23.80659,23.806600000000003,0.0,-15.871058999999999,88.0
9,event_000009.csv,0.0,39.98524,-88.0,0.0,-100.0,0.0,39.52387,-88.0,-39.52387,-76.0,158.5568,39.5239,-28.0,-79.35527,-8.0,23.80659,23.806600000000003,0.0,-15.871058999999999,-28.0
10,event_000010.csv,0.0,39.98524,-100.0,-39.98524,156.0,0.0,39.52387,-100.0,0.0,-96.0,118.8792,79.20150000000001,-28.0,-39.67766999999999,-96.0,23.80659,23.806600000000003,0.0,-7.93553,-72.0
11,event_000011.csv,0.0,79.97047,36.0,0.0,-100.0,0.0,39.52387,-56.0,-39.52387,-36.0,118.8792,118.8792,16.0,-79.35533,40.0,23.80659,23.806600000000003,0.0,-15.871058999999999,20.0
12,event_000012.csv,0.0,39.98524,-68.0,0.0,-100.0,0.0,39.52387,-64.0,-39.52387,60.0,158.5568,39.5239,-88.0,-119.03293000000001,44.0,23.80659,23.806600000000003,0.0,-31.742121,32.0
13,event_000013.csv,0.0,39.98524,-96.0,-39.98524,-52.0,0.0,39.52387,-80.0,-39.52387,-92.0,118.8792,79.20150000000001,16.0,-39.67766999999999,-40.0,31.74213,15.871060000000003,0.0,-15.87107,20.0
14,event_000014.csv,0.0,39.98524,-68.0,0.0,-100.0,0.0,39.52387,-72.0,-39.52387,-36.0,118.8792,79.20150000000001,72.0,-39.67766999999999,-92.0,23.80659,23.806600000000003,0.0,-15.871058999999999,-36.0
15,event_000015.csv,0.0,39.98524,-96.0,0.0,-100.0,0.0,39.52387,-88.0,-39.52387,-100.0,118.8792,79.20150000000001,-16.0,-39.67766999999999,-4.0,27.77436,19.83883,0.0,-11.903300000000002,16.0
16,event_000016.csv,0.0,39.98524,-76.0,0.0,-100.0,0.0,79.20153,196.0,-39.52387,-72.0,118.8792,79.20150000000001,-88.0,-39.67766999999999,32.0,23.80659,23.806600000000003,0.0,-15.871058999999999,16.0
17,event_000017.csv,0.0,39.98524,-96.0,-39.98524,12.0,0.0,39.52387,-72.0,-39.52387,-44.0,118.8792,79.20150000000001,-48.0,-39.67766999999999,-12.0,23.80659,23.806600000000003,0.0,-15.871058999999999,-40.0
18,event_000018.csv,0.0,39.98524,-100.0,-39.98524,112.0,0.0,39.52387,-80.0,-39.52387,-68.0,118.8792,118.8792,8.0,-79.35533,32.0,23.80659,23.806600000000003,0.0,-15.871058999999999,20.0
19,event_000019.csv,0.0,79.97047,-72.0,0.0,-92.0,0.0,39.52387,-88.0,0.0,-100.0,118.8792,79.20150000000001,8.0,-39.67766999999999,-44.0,23.80659,23.806600000000003,0.0,-7.93553,-60.0
20,event_000020.csv,0.0,39.98524,-96.0,-39.98524,164.0,0.0,39.52387,-80.0,-39.52387,-92.0,118.8792,118.8792,56.0,-79.35533,-92.0,23.80659,23.806600000000003,0.0,-15.871058999999999,-52.0
21,event_000021.csv,0.0,39.98524,-80.0,-39.98524,12.0,0.0,39.52387,-96.0,-39.52387,4.0,118.8792,79.20150000000001,-28.0,-39.67766999999999,-4.0,15.87106,31.742130000000003,0.0,-7.935529,-36.0
22,event_000022.csv,0.0,39.98524,-60.0,-39.98524,188.0,0.0,79.20153,-88.0,-39.52387,-20.0,118.8792,39.67760000000001,-76.0,-39.67766999999999,-100.0,31.74213,15.871060000000003,0.0,-15.87107,8.0
23,event_000023.csv,0.0,39.98524,-56.0,0.0,-100.0,0.0,39.52387,-72.0,-39.52387,-60.0,118.8792,118.8792,8.0,-79.35533,32.0,23.80659,23.806600000000003,0.0,-7.93553,12.0
24,event_000024.csv,0.0,79.97047,124.0,0.0,-100.0,0.0,39.52387,-92.0,-39.52387,-88.0,158.5568,39.5239,-36.0,-79.35527,-64.0,23.80659,23.806600000000003,0.0,-23.80659,-36.0
25,event_000025.csv,0.0,39.98524,-84.0,-39.98524,-40.0,0.0,39.52387,-76.0,-39.52387,-96.0,158.5568,39.5239,16.0,-79.35527,0.0,23.80659,23.806600000000003,0.0,-15.871058999999999,-40.0
26,event_000026.csv,0.0,39.98524,-64.0,-39.98524,-68.0,0.0,39.52387,-72.0,-39.52387,-84.0,118.8792,79.20150000000001,-76.0,-79.35533,-92.0,23.80659,23.806600000000003,0.0,-7.93553,-76.0
27,event_000027.csv,0.0,39.98524,-72.0,0.0,-100.0,0.0,39.52387,-84.0,-39.52387,136.0,118.8792,79.20150000000001,-28.0,-79.35533,-8.0,19.838825,27.774365000000003,0.0,-11.903293999999999,-60.0
28,event_000028.csv,0.0,39.98524,-88.0,-39.98524,148.0,0.0,39.52387,-52.0,-39.52387,-92.0,158.5568,39.5239,200.0,-79.35527,-76.0,23.80659,23.806600000000003,0.0,-7.93553,-92.0
29,event_000029.csv,0.0,39.98524,-96.0,-39.98524,124.0,0.0,39.52387,-72.0,-39.52387,-28.0,158.5568,39.5239,20.0,-79.35527,-56.0,23.80659,23.806600000000003,0.0,-15.871058999999999,-36.0
30,event_000030.csv,0.0,39.98524,-20.0,-39.98524,140.0,0.0,39.52387,-40.0,-39.52387,-92.0,118.8792,79.20150000000001,-80.0,-79.35533,32.0,23.80659,23.806600000000003,0.0,-7.93553,-76.0
31,event_000031.csv,0.0,39.98524,-100.0,-39.98524,144.0,0.0,39.52387,-88.0,-39.52387,28.0,118.8792,79.20150000000001,12.0,-79.35533,-12.0,23.80659,23.806600000000003,0.0,-15.871058999999999,-40.0
32,event_000032.csv,0.0,39.98524,-100.0,-39.98524,144.0,0.0,39.52387,4.0,-39.52387,-96.0,118.8792,79.20150000000001,-28.0,-39.67766999999999,-48.0,23.80659,23.806600000000003,0.0,-15.871058999999999,-40.0
33,event_000033.csv,0.0,39.98524,-84.0,-39.98524,28.0,0.0,39.52387,-72.0,-39.52387,-60.0,118.8792,79.20150000000001,16.0,-39.67766999999999,-56.0,23.80659,23.806600000000003,0.0,-15.871058999999999,20.0
34,event_000034.csv,0.0,39.98524,0.0,-39.98524,128.0,0.0,39.52387,80.0,-39.52387,-12.0,158.5568,118.87919999999997,12.0,-119.03293000000001,-52.0,23.80659,23.806600000000003,0.0,-23.80659,16.0
35,event_000035.csv,0.0,39.98524,-80.0,-39.98524,-92.0,0.0,39.52387,-72.0,-39.52387,-68.0,118.8792,79.20150000000001,-80.0,-79.35533,44.0,31.74213,15.871060000000003,0.0,-23.806599,28.0
36,event_000036.csv,0.0,39.98524,-96.0,-39.98524,124.0,0.0,39.52387,-56.0,-39.52387,12.0,118.8792,118.8792,-48.0,-118.8792,36.0,23.80659,23.806600000000003,0.0,-15.871058999999999,24.0
37,event_000037.csv,0.0,39.98524,-92.0,0.0,-100.0,0.0,39.52387,-80.0,-39.52387,-92.0,118.8792,79.20150000000001,24.0,-39.67766999999999,-84.0,23.80659,23.806600000000003,0.0,-23.80659,20.0
38,event_000038.csv,0.0,39.98524,-52.0,-39.98524,24.0,0.0,39.52387,-84.0,0.0,-100.0,118.8792,79.20150000000001,-48.0,-79.35533,176.0,23.80659,23.806600000000003,0.0,-15.871058999999999,-40.0
39,event_000039.csv,0.0,39.98524,-96.0,-39.98524,64.0,0.0,39.52387,-100.0,-39.52387,-40.0,118.8792,79.20150000000001,-76.0,-39.67766999999999,-100.0,15.87106,31.742130000000003,0.0,-7.935529,-72.0
40,event_000040.csv,0.0,39.98524,-96.0,0.0,-100.0,0.0,39.52387,-92.0,-39.52387,-76.0,158.5568,118.87919999999997,164.0,-119.03293000000001,132.0,23.80659,23.806600000000003,0.0,-15.871058999999999,28.0
41,event_000041.csv,0.0,39.98524,-100.0,0.0,-96.0,0.0,79.20153,108.0,-39.52387,-8.0,158.5568,79.20159999999998,-88.0,-79.35527,-64.0,23.80659,23.806600000000003,0.0,-15.871058999999999,-52.0
42,event_000042.csv,0.0,39.98524,-84.0,0.0,-100.0,0.0,39.52387,-28.0,-39.52387,88.0,118.8792,79.20150000000001,-36.0,-79.35533,40.0,23.80659,23.806600000000003,0.0,-15.871058999999999,20.0
43,event_000043.csv,0.0,39.98524,-96.0,0.0,-100.0,0.0,39.52387,-96.0,-39.52387,-76.0,118.8792,118.8792,-40.0,-79.35533,116.0,23.80659,23.806600000000003,0.0,-15.871058999999999,-36.0
44,event_000044.csv,0.0,39.98524,-92.0,-39.98524,-4.0,0.0,39.52387,-68.0,-39.52387,24.0,138.71800000000002,99.04039999999998,20.0,-59.51647000000001,32.0,23.80659,23.806600000000003,0.0,-15.871058999999999,-40.0
45,event_000045.csv,0.0,39.98524,-96.0,0.0,-100.0,0.0,39.52387,-52.0,-39.52387,-40.0,118.8792,79.20150000000001,12.0,-39.67766999999999,-12.0,31.74213,15.871060000000003,0.0,-23.806599,-40.0
46,event_000046.csv,0.0,39.98524,-92.0,0.0,-100.0,0.0,39.52387,-96.0,-39.52387,-84.0,138.71800000000002,59.36269999999999,-80.0,-99.19413000000002,124.0,23.80659,23.806600000000003,0.0,-23.80659,-40.0
47,event_000047.csv,0.0,39.98524,-100.0,-39.98524,-28.0,0.0,39.52387,-40.0,-39.52387,140.0,138.71800000000002,59.36269999999999,-24.0,-59.51647000000001,-12.0,23.80659,23.806600000000003,0.0,-15.871058999999999,-52.0
48,event_000048.csv,0.0,39.98524,-100.0,0.0,-96.0,0.0,39.52387,-96.0,-39.52387,-92.0,118.8792,79.20150000000001,-56.0,-39.67766999999999,-92.0,23.80659,23.806600000000003,0.0,-7.93553,-40.0
49,event_000049.csv,0.0,39.98524,-100.0,-39.98524,-92.0,0.0,39.52387,-48.0,-39.52387,-36.0,118.8792,118.8792,156.0,-39.67766999999999,-44.0,23.80659,23.806600000000003,0.0,-15.871058999999999,-36.0
50,event_000050.csv,0.0,39.98524,-96.0,-39.98524,24.0,0.0,39.52387,4.0,-39.52387,-48.0,118.8792,79.20150000000001,-52.0,-39.67766999999999,-92.0,23.80659,23.806600000000003,0.0,-7.93553,-40.0
51,event_000051.csv,0.0,39.98524,-88.0,0.0,-100.0,0.0,39.52387,136.0,-39.52387,-36.0,118.8792,79.20150000000001,-40.0,-39.67766999999999,-76.0,31.74213,15.871060000000003,0.0,-23.806599,-40.0
52,event_000052.csv,0.0,39.98524,-96.0,0.0,-100.0,0.0,39.52387,-96.0,-39.52387,-60.0,118.8792,79.20150000000001,12.0,-79.35533,40.0,23.80659,23.806600000000003,0.0,-15.871058999999999,28.0
53,event_000053.csv,0.0,39.98524,-100.0,-39.98524,136.0,0.0,39.52387,-12.0,-39.52387,-36.0,158.5568,39.5239,12.0,-79.35527,-12.0,23.80659,23.806600000000003,0.0,-7.93553,-40.0
54,event_000054.csv,0.0,39.98524,-100.0,-39.98524,-20.0,0.0,39.52387,-88.0,-39.52387,-92.0,118.8792,158.55679999999998,56.0,-118.8792,40.0,23.80659,23.806600000000003,0.0,-15.871058999999999,20.0
55,event_000055.csv,0.0,39.98524,-96.0,0.0,-100.0,0.0,39.52387,-96.0,-39.52387,-44.0,118.8792,118.8792,8.0,-39.67766999999999,-12.0,23.80659,23.806600000000003,0.0,-15.871058999999999,-40.0
56,event_000056.csv,0.0,39.98524,-100.0,-39.98524,-32.0,0.0,39.52387,-64.0,-39.52387,-100.0,118.8792,79.20150000000001,8.0,-39.67766999999999,-20.0,23.80659,23.806600000000003,0.0,-15.871058999999999,-36.0
57,event_000057.csv,0.0,39.98524,-100.0,-39.98524,40.0,0.0,39.52387,-28.0,-39.52387,-56.0,158.5568,79.20159999999998,20.0,-79.35527,0.0,23.80659,23.806600000000003,0.0,-7.93553,-64.0
58,event_000058.csv,0.0,39.98524,4.0,0.0,-100.0,0.0,39.52387,-40.0,-39.52387,-60.0,118.8792,79.20150000000001,-96.0,-79.35533,-8.0,15.87106,31.742130000000003,0.0,-15.87106,-36.0
59,event_000059.csv,0.0,39.98524,-96.0,0.0,-100.0,0.0,39.52387,-72.0,-39.52387,28.0,118.8792,79.20150000000001,12.0,-79.35533,36.0,23.80659,23.806600000000003,0.0,-15.871058999999999,24.0
60,event_000060.csv,0.0,39.98524,-100.0,-39.98524,28.0,0.0,39.52387,-88.0,-39.52387,-60.0,118.8792,79.20150000000001,-32.0,-39.67766999999999,-92.0,23.80659,31.742130000000003,0.0,-15.871058999999999,28.0
61,event_000061.csv,0.0,39.98524,-100.0,0.0,-96.0,0.0,39.52387,-16.0,-39.52387,-84.0,118.8792,158.55679999999998,16.0,-39.67766999999999,-76.0,23.80659,31.742130000000003,0.0,-15.871058999999999,-28.0
62,event_000062.csv,0.0,39.98524,-92.0,0.0,-100.0,0.0,39.52387,-88.0,0.0,-100.0,158.5568,39.5239,16.0,-79.35527,-12.0,15.87106,31.742130000000003,0.0,-7.935529,-40.0
63,event_000063.csv,0.0,39.98524,-100.0,-39.98524,-4.0,0.0,39.52387,-96.0,-39.52387,92.0,158.5568,39.5239,0.0,-119.03293000000001,28.0,23.80659,23.806600000000003,0.0,-7.93553,-72.0
64,event_000064.csv,0.0,39.98524,-80.0,-39.98524,52.0,0.0,39.52387,-96.0,-39.52387,-100.0,118.8792,79.20150000000001,72.0,-39.67766999999999,4.0,23.80659,23.806600000000003,0.0,-15.871058999999999,20.0
65,event_000065.csv,0.0,39.98524,-64.0,-39.98524,-100.0,0.0,39.52387,-80.0,-39.52387,-84.0,158.5568,39.5239,20.0,-79.35527,-20.0,23.80659,23.806600000000003,0.0,-15.871058999999999,20.0
66,event_000066.csv,0.0,79.97047,196.0,-39.98524,-64.0,0.0,39.52387,-92.0,-39.52387,16.0,118.8792,118.8792,104.0,-39.67766999999999,-8.0,23.80659,31.742130000000003,12.0,-7.93553,20.0
67,event_000067.csv,0.0,39.98524,-92.0,0.0,-100.0,0.0,39.52387,-88.0,-39.52387,-4.0,118.8792,79.20150000000001,96.0,-79.35533,172.0,23.80659,23.806600000000003,0.0,-15.871058999999999,-40.0
68,event_000068.csv,0.0,39.98524,-68.0,0.0,-100.0,0.0,39.52387,-96.0,-39.52387,-68.0,118.8792,79.20150000000001,92.0,-79.35533,-12.0,23.80659,23.806600000000003,0.0,-7.93553,-36.0
69,event_000069.csv,0.0,39.98524,-96.0,0.0,-100.0,0.0,39.52387,-80.0,-39.52387,20.0,118.8792,158.55679999999998,72.0,-118.8792,44.0,23.80659,23.806600000000003,0.0,-15.871058999999999,24.0
70,event_000070.csv,0.0,39.98524,-92.0,0.0,-100.0,0.0,39.52387,-88.0,-39.52387,-100.0,158.5568,39.5239,16.0,-79.35527,-36.0,15.87106,31.742130000000003,0.0,-7.935529,-40.0
71,event_000071.csv,0.0,39.98524,-84.0,-39.98524,16.0,0.0,39.52387,-68.0,-39.52387,-48.0,118.8792,79.20150000000001,-88.0,-79.35533,0.0,23.80659,23.806600000000003,0.0,-7.93553,-8.0
72,event_000072.csv,0.0,39.98524,-88.0,-39.98524,-20.0,0.0,39.52387,-88.0,-39.52387,-68.0,118.8792,79.20150000000001,-64.0,-39.67766999999999,-8.0,23.80659,23.806600000000003,0.0,-15.871058999999999,-36.0
73,event_000073.csv,0.0,39.98524,-100.0,0.0,-96.0,0.0,39.52387,-100.0,-39.52387,-32.0,118.8792,79.20150000000001,-36.0,-39.67766999999999,-8.0,23.80659,23.806600000000003,0.0,-7.93553,-64.0
74,event_000074.csv,0.0,39.98524,-100.0,-39.98524,-92.0,0.0,39.52387,-96.0,-39.52387,-92.0,118.8792,118.8792,16.0,-79.35533,36.0,23.80659,23.806600000000003,0.0,-23.80659,28.0
75,event_000075.csv,0.0,39.98524,-72.0,0.0,-100.0,0.0,39.52387,-88.0,-39.52387,-92.0,158.5568,39.5239,-40.0,-79.35527,-44.0,23.80659,23.806600000000003,0.0,-15.871058999999999,-40.0
76,event_000076.csv,0.0,39.98524,-100.0,-39.98524,72.0,0.0,39.52387,-60.0,-39.52387,12.0,118.8792,118.8792,12.0,-79.35533,84.0,23.80659,23.806600000000003,0.0,-15.871058999999999,-24.0
77,event_000077.csv,0.0,79.97047,-60.0,0.0,-100.0,0.0,39.52387,-88.0,-39.52387,-68.0,118.8792,118.8792,144.0,-39.67766999999999,-12.0,23.80659,23.806600000000003,0.0,-15.871058999999999,-40.0
78,event_000078.csv,0.0,39.98524,-100.0,-39.98524,64.0,0.0,39.52387,-100.0,-39.52387,8.0,118.8792,79.20150000000001,148.0,-39.67766999999999,0.0,23.80659,23.806600000000003,0.0,-15.871058999999999,-64.0
79,event_000079.csv,0.0,39.98524,-92.0,-39.98524,-80.0,0.0,39.52387,-100.0,-39.52387,56.0,118.8792,79.20150000000001,8.0,-79.35533,128.0,23.80659,23.806600000000003,0.0,-7.93553,-60.0
80,event_000080.csv,0.0,39.98524,-100.0,-39.98524,-80.0,0.0,39.52387,-92.0,-39.52387,-100.0,118.8792,79.20150000000001,48.0,-39.67766999999999,-20.0,23.80659,23.806600000000003,0.0,-15.871058999999999,4.0
81,event_000081.csv,0.0,39.98524,-32.0,-39.98524,-84.0,0.0,39.52387,-88.0,-39.52387,-20.0,118.8792,118.8792,16.0,-79.35533,-4.0,23.80659,23.806600000000003,0.0,-15.871058999999999,20.0
82,event_000082.csv,0.0,39.98524,-72.0,0.0,-100.0,0.0,39.52387,-64.0,-39.52387,12.0,118.8792,79.20150000000001,8.0,-39.67766999999999,-68.0,23.80659,23.806600000000003,0.0,-15.871058999999999,-40.0
83,event_000083.csv,0.0,39.98524,-52.0,-39.98524,180.0,0.0,39.52387,-96.0,-39.52387,-92.0,118.8792,79.20150000000001,8.0,-39.67766999999999,-76.0,23.80659,23.806600000000003,0.0,-15.871058999999999,-52.0
84,event_000084.csv,0.0,39.98524,-88.0,-39.98524,-44.0,0.0,118.8792,80.0,-39.52387,-52.0,118.8792,79.20150000000001,-40.0,-39.67766999999999,-48.0,23.80659,23.806600000000003,0.0,-15.871058999999999,-40.0
85,event_000085.csv,0.0,39.98524,-100.0,0.0,-92.0,0.0,39.52387,-76.0,-39.52387,-100.0,118.8792,317.1137,156.0,-39.67766999999999,-8.0,23.80659,23.806600000000003,0.0,-7.93553,-48.0
86,event_000086.csv,0.0,39.98524,-80.0,0.0,-100.0,0.0,39.52387,-56.0,-39.52387,-60.0,118.8792,79.20150000000001,16.0,-79.35533,36.0,23.80659,23.806600000000003,0.0,-7.93553,16.0
87,event_000087.csv,0.0,39.98524,-100.0,0.0,-96.0,0.0,39.52387,-100.0,-39.52387,-20.0,158.5568,39.5239,12.0,-79.35527,-60.0,23.80659,31.742130000000003,0.0,-15.871058999999999,-36.0
88,event_000088.csv,0.0,39.98524,-96.0,-39.98524,92.0,0.0,39.52387,-88.0,-39.52387,28.0,158.5568,39.5239,8.0,-119.03293000000001,36.0,31.74213,15.871060000000003,0.0,-15.87107,-76.0
89,event_000089.csv,0.0,39.98524,-80.0,0.0,-100.0,0.0,39.52387,-88.0,-39.52387,-92.0,118.8792,118.8792,144.0,-39.67766999999999,-100.0,23.80659,23.806600000000003,0.0,-15.871058999999999,20.0
90,event_000090.csv,0.0,39.98524,-92.0,0.0,-100.0,0.0,39.52387,-44.0,-39.52387,32.0,118.8792,79.20150000000001,-40.0,-39.67766999999999,-16.0,23.80659,23.806600000000003,0.0,-7.93553,-88.0
91,event_000091.csv,0.0,39.98524,-88.0,-39.98524,196.0,0.0,39.52387,-64.0,-39.52387,-44.0,118.8792,79.20150000000001,-72.0,-39.67766999999999,-12.0,23.80659,23.806600000000003,0.0,-15.871058999999999,-40.0
92,event_000092.csv,0.0,39.98524,-76.0,-39.98524,140.0,0.0,39.52387,64.0,-39.52387,-100.0,118.8792,118.8792,192.0,-39.67766999999999,-88.0,23.80659,23.806600000000003,0.0,-7.93553,-40.0
93,event_000093.csv,0.0,39.98524,-100.0,0.0,-96.0,0.0,39.52387,80.0,-39.52387,44.0,118.8792,79.20150000000001,8.0,-39.67766999999999,-92.0,23.80659,23.806600000000003,0.0,-15.871058999999999,-52.0
94,event_000094.csv,0.0,39.98524,-48.0,-39.98524,72.0,0.0,39.52387,-84.0,-39.52387,-40.0,118.8792,79.20150000000001,-28.0,-39.67766999999999,-8.0,15.87106,31.742130000000003,0.0,-15.87106,-24.0
95,event_000095.csv,0.0,39.98524,-96.0,0.0,-100.0,0.0,79.20153,-16.0,0.0,-100.0,118.8792,79.20150000000001,100.0,-39.67766999999999,-36.0,23.80659,23.806600000000003,0.0,-15.871058999999999,-52.0
96,event_000096.csv,0.0,79.97047,120.0,0.0,-100.0,0.0,39.52387,-80.0,-39.52387,-84.0,138.71800000000002,59.36269999999999,-40.0,-59.51647000000001,-76.0,23.80659,23.806600000000003,0.0,-15.871058999999999,-36.0
97,event_000097.csv,0.0,39.98524,-92.0,0.0,-100.0,0.0,39.52387,-100.0,-39.52387,-32.0,118.8792,79.20150000000001,-40.0,-39.67766999999999,-92.0,23.80659,23.806600000000003,0.0,-23.80659,-40.0
98,event_000098.csv,0.0,39.98524,-96.0,0.0,-100.0,0.0,39.52387,-24.0,-39.52387,-92.0,118.8792,118.8792,56.0,-79.35533,36.0,23.80659,23.806600000000003,0.0,-15.871058999999999,24.0
99,event_000099.csv,0.0,39.98524,-96.0,-39.98524,60.0,0.0,39.52387,-96.0,-39.52387,76.0,118.8792,158.55679999999998,56.0,-158.40307,128.0,23.80659,23.806600000000003,0.0,-23.80659,20.0
100,event_000100.csv,0.0,39.98524,-80.0,-39.98524,140.0,0.0,39.52387,44.0,-39.52387,28.0,138.71800000000002,99.04039999999998,16.0,-99.19413000000002,-4.0,23.80659,23.806600000000003,0.0,-15.871058999999999,24.0
101,event_000101.csv,0.0,39.98524,-32.0,-39.98524,-84.0,0.0,39.52387,-88.0,-39.52387,4.0,118.8792,79.20150000000001,-16.0,-79.35533,-4.0,23.80659,23.806600000000003,0.0,-15.871058999999999,20.0
102,event_000102.csv,0.0,39.98524,-84.0,0.0,-100.0,0.0,39.52387,-96.0,-39.52387,28.0,158.5568,39.5239,-88.0,-79.35527,-12.0,23.80659,23.806600000000003,0.0,-15.871058999999999,20.0
103,event_000103.csv,0.0,39.98524,-96.0,-39.98524,60.0,0.0,39.52387,-96.0,-39.52387,-4.0,118.8792,118.8792,16.0,-79.35533,-4.0,27.77436,19.83883,0.0,-19.838829,28.0
104,event_000104.csv,0.0,39.98524,-88.0,0.0,-100.0,0.0,39.52387,-64.0,-39.52387,-76.0,118.8792,118.8792,-40.0,-79.35533,-64.0,15.87106,31.742130000000003,0.0,-15.87106,-40.0
105,event_000105.csv,0.0,39.98524,-80.0,0.0,-100.0,0.0,39.52387,-40.0,-39.52387,-84.0,118.8792,79.20150000000001,32.0,-39.67766999999999,-68.0,23.80659,23.806600000000003,0.0,-15.871058999999999,8.0
106,event_000106.csv,0.0,39.98524,-96.0,0.0,-100.0,0.0,39.52387,-88.0,-39.52387,68.0,118.8792,79.20150000000001,-16.0,-39.67766999999999,-36.0,23.80659,23.806600000000003,0.0,-15.871058999999999,28.0
107,event_000107.csv,0.0,39.98524,-96.0,-39.98524,-100.0,0.0,39.52387,-72.0,-39.52387,-44.0,118.8792,79.20150000000001,20.0,-79.35533,172.0,23.80659,23.806600000000003,0.0,-7.93553,-40.0
108,event_000108.csv,0.0,39.98524,-56.0,0.0,-100.0,0.0,39.52387,-80.0,-39.52387,-84.0,158.5568,39.5239,-88.0,-79.35527,-12.0,23.80659,23.806600000000003,0.0,-15.871058999999999,20.0
109,event_000109.csv,0.0,39.98524,-96.0,-39.98524,172.0,0.0,39.52387,-88.0,-39.52387,-36.0,118.8792,79.20150000000001,16.0,-39.67766999999999,-68.0,27.77436,27.77436,0.0,-11.903300000000002,-36.0
110,event_000110.csv,0.0,39.98524,-76.0,-39.98524,16.0,0.0,39.52387,-100.0,-39.52387,72.0,118.8792,79.20150000000001,-76.0,-39.67766999999999,-96.0,23.80659,23.806600000000003,0.0,-15.871058999999999,-40.0
111,event_000111.csv,0.0,39.98524,-88.0,-39.98524,-76.0,0.0,39.52387,-96.0,-39.52387,44.0,118.8792,79.20150000000001,8.0,-39.67766999999999,-72.0,15.87106,31.742130000000003,0.0,-15.87106,-36.0
112,event_000112.csv,0.0,39.98524,-96.0,0.0,-100.0,0.0,39.52387,4.0,-39.52387,16.0,118.8792,118.8792,-20.0,-79.35533,-8.0,23.80659,23.806600000000003,0.0,-15.871058999999999,-16.0
113,event_000113.csv,0.0,39.98524,-28.0,-39.98524,-36.0,0.0,39.52387,-40.0,-39.52387,44.0,118.8792,118.8792,140.0,-39.67766999999999,-36.0,23.80659,23.806600000000003,0.0,-15.871058999999999,-52.0
114,event_000114.csv,0.0,39.98524,-68.0,-39.98524,180.0,0.0,39.52387,-56.0,-39.52387,-84.0,118.8792,79.20150000000001,-56.0,-39.67766999999999,-12.0,23.80659,23.806600000000003,0.0,-7.93553,-64.0
115,event_000115.csv,0.0,39.98524,-96.0,-39.98524,-100.0,0.0,39.52387,-56.0,0.0,-100.0,118.8792,79.20150000000001,-96.0,-39.67766999999999,-12.0,23.80659,23.806600000000003,0.0,-7.93553,-92.0
116,event_000116.csv,0.0,39.98524,-16.0,-39.98524,108.0,0.0,39.52387,-24.0,-39.52387,-92.0,118.8792,79.20150000000001,64.0,-39.67766999999999,-84.0,23.80659,23.806600000000003,0.0,-15.871058999999999,-36.0
117,event_000117.csv,0.0,39.98524,-88.0,-39.98524,-52.0,0.0,39.52387,-48.0,-39.52387,-92.0,118.8792,118.8792,144.0,-79.35533,-56.0,23.80659,23.806600000000003,0.0,-7.93553,-72.0
118,event_000118.csv,0.0,39.98524,-96.0,-39.98524,188.0,0.0,39.52387,-88.0,-39.52387,-28.0,118.8792,118.8792,96.0,-39.67766999999999,-36.0,15.87106,31.742130000000003,0.0,-7.935529,-92.0
119,event_000119.csv,0.0,39.98524,-84.0,0.0,-100.0,0.0,39.52387,-100.0,-39.52387,-56.0,118.8792,79.20150000000001,-36.0,-39.67766999999999,-8.0,23.80659,23.806600000000003,0.0,-15.871058999999999,-36.0
120,event_000120.csv,0.0,39.98524,-88.0,-39.98524,36.0,0.0,39.52387,-56.0,-39.52387,-60.0,118.8792,79.20150000000001,8.0,-79.35533,-12.0,23.80659,23.806600000000003,0.0,-15.871058999999999,-40.0
121,event_000121.csv,0.0,39.98524,-88.0,-39.98524,124.0,0.0,39.52387,-96.0,-39.52387,188.0,118.8792,79.20150000000001,60.0,-79.35533,176.0,23.80659,23.806600000000003,0.0,-15.871058999999999,4.0
122,event_000122.csv,0.0,39.98524,-76.0,0.0,-100.0,0.0,39.52387,-96.0,-39.52387,-20.0,118.8792,79.20150000000001,56.0,-39.67766999999999,-100.0,23.80659,23.806600000000003,0.0,-7.93553,-20.0
123,event_000123.csv,0.0,39.98524,-92.0,0.0,-100.0,0.0,39.52387,8.0,-39.52387,-100.0,118.8792,118.8792,144.0,-79.35533,172.0,23.80659,23.806600000000003,0.0,-15.871058999999999,-52.0
124,event_000124.csv,0.0,39.98524,-76.0,0.0,-100.0,0.0,39.52387,8.0,-39.52387,-44.0,158.5568,79.20159999999998,16.0,-79.35527,4.0,23.80659,23.806600000000003,0.0,-7.93553,20.0
125,event_000125.csv,0.0,39.98524,-76.0,-39.98524,16.0,0.0,39.52387,-76.0,-39.52387,-96.0,118.8792,79.20150000000001,20.0,-39.67766999999999,-64.0,23.80659,23.806600000000003,0.0,-15.871058999999999,-48.0
126,event_000126.csv,0.0,39.98524,-84.0,0.0,-100.0,0.0,39.52387,-52.0,-39.52387,-80.0,118.8792,79.20150000000001,-100.0,-39.67766999999999,-88.0,27.77436,19.83883,0.0,-11.903300000000002,-40.0
127,event_000127.csv,0.0,39.98524,-80.0,-39.98524,108.0,0.0,39.52387,-56.0,-39.52387,-76.0,158.5568,39.5239,-48.0,-79.35527,-68.0,23.80659,23.806600000000003,0.0,-7.93553,-72.0
128,event_000128.csv,0.0,39.98524,-92.0,0.0,-100.0,0.0,39.52387,-60.0,-39.52387,-96.0,118.8792,118.8792,152.0,-39.67766999999999,-20.0,23.80659,23.806600000000003,0.0,-15.871058999999999,-40.0
129,event_000129.csv,0.0,39.98524,-84.0,-39.98524,36.0,0.0,39.52387,-96.0,-39.52387,-100.0,118.8792,118.8792,8.0,-39.67766999999999,172.0,23.80659,23.806600000000003,0.0,-7.93553,-52.0
130,event_000130.csv,0.0,39.98524,-100.0,0.0,-96.0,0.0,39.52387,-88.0,-39.52387,68.0,118.8792,118.8792,-40.0,-79.35533,-12.0,23.80659,23.806600000000003,0.0,-15.871058999999999,-40.0
131,event_000131.csv,0.0,79.97047,44.0,-39.98524,-40.0,0.0,39.52387,-92.0,-39.52387,-80.0,118.8792,39.67760000000001,-100.0,-39.67766999999999,-44.0,23.80659,23.806600000000003,0.0,-23.80659,-40.0
132,event_000132.csv,0.0,39.98524,-92.0,-39.98524,-80.0,0.0,39.52387,-96.0,-39.52387,-92.0,118.8792,79.20150000000001,-24.0,-39.67766999999999,-44.0,23.80659,23.806600000000003,0.0,-7.93553,-84.0
133,event_000133.csv,0.0,39.98524,-96.0,-39.98524,-100.0,0.0,39.52387,-52.0,-39.52387,108.0,118.8792,118.8792,60.0,-79.35533,44.0,23.80659,23.806600000000003,0.0,-23.80659,28.0
134,event_000134.csv,0.0,39.98524,-96.0,0.0,-100.0,0.0,39.52387,-32.0,-39.52387,108.0,158.5568,39.5239,-32.0,-79.35527,-44.0,23.80659,23.806600000000003,0.0,-7.93553,-52.0
135,event_000135.csv,0.0,39.98524,-100.0,0.0,-92.0,0.0,39.52387,-96.0,-39.52387,-52.0,158.5568,39.5239,8.0,-79.35527,-52.0,31.74213,23.806590000000003,0.0,-15.87107,-40.0
136,event_000136.csv,0.0,39.98524,-96.0,-39.98524,-36.0,0.0,39.52387,-64.0,-39.52387,-44.0,118.8792,79.20150000000001,-48.0,-39.67766999999999,44.0,23.80659,23.806600000000003,0.0,-7.93553,-52.0
137,event_000137.csv,0.0,39.98524,-32.0,-39.98524,76.0,0.0,39.52387,-24.0,-39.52387,-92.0,118.8792,79.20150000000001,80.0,-39.67766999999999,-56.0,23.80659,23.806600000000003,0.0,-15.871058999999999,-36.0
138,event_000138.csv,0.0,39.98524,-100.0,-39.98524,-12.0,0.0,39.52387,-96.0,-39.52387,-36.0,158.5568,79.20159999999998,-28.0,-79.35527,0.0,23.80659,23.806600000000003,0.0,-15.871058999999999,-28.0
139,event_000139.csv,0.0,39.98524,-96.0,0.0,-100.0,0.0,39.52387,-88.0,-39.52387,-84.0,158.5568,39.5239,16.0,-119.03293000000001,36.0,23.80659,23.806600000000003,0.0,-15.871058999999999,28.0
140,event_000140.csv,0.0,39.98524,-96.0,0.0,-100.0,0.0,39.52387,-88.0,-39.52387,20.0,158.5568,79.20159999999998,16.0,-79.35527,28.0,23.80659,23.806600000000003,0.0,-7.93553,12.0
141,event_000141.csv,0.0,39.98524,-96.0,-39.98524,172.0,0.0,39.52387,-96.0,-39.52387,4.0,158.5568,79.20159999999998,144.0,-79.35527,28.0,23.80659,23.806600000000003,0.0,-23.80659,20.0
142,event_000142.csv,0.0,79.97047,80.0,-39.98524,-4.0,0.0,39.52387,-32.0,-39.52387,-100.0,158.5568,79.20159999999998,16.0,-79.35527,-100.0,23.80659,23.806600000000003,0.0,-15.871058999999999,-60.0
143,event_000143.csv,0.0,2159.972,0.0,0.0,-100.0,0.0,3728.469,4.0,-39.52387,-80.0,158.5568,4841.4432,0.0,-79.35527,-56.0,-15.87106,111.1282,8.0,-23.806600000000003,-12.0
144,event_000144.csv,0.0,39.98524,-88.0,-39.98524,164.0,0.0,39.52387,-88.0,-39.52387,-68.0,118.8792,79.20150000000001,-40.0,-39.67766999999999,36.0,23.80659,23.806600000000003,0.0,-15.871058999999999,-52.0
145,event_000145.csv,0.0,39.98524,-84.0,-39.98524,-8.0,0.0,39.52387,-76.0,-39.52387,-96.0,118.8792,79.20150000000001,-32.0,-79.35533,120.0,23.80659,23.806600000000003,0.0,-15.871058999999999,-40.0
146,event_000146.csv,0.0,39.98524,-88.0,-39.98524,-28.0,0.0,79.20153,-88.0,-39.52387,76.0,158.5568,79.20159999999998,144.0,-119.03293000000001,-12.0,15.87106,31.742130000000003,0.0,-7.935529,-52.0
147,event_000147.csv,0.0,39.98524,-100.0,-39.98524,116.0,0.0,39.52387,-88.0,-39.52387,-96.0,158.5568,79.20159999999998,12.0,-39.67760000000001,-64.0,23.80659,23.806600000000003,0.0,-23.80659,20.0
148,event_000148.csv,0.0,79.97047,180.0,-39.98524,-48.0,0.0,39.52387,-92.0,-39.52387,-32.0,118.8792,118.8792,20.0,-39.67766999999999,-56.0,23.80659,23.806600000000003,0.0,-15.871058999999999,-36.0
149,event_000149.csv,0.0,39.98524,-88.0,-39.98524,-84.0,0.0,39.52387,-80.0,-39.52387,52.0,158.5568,79.20159999999998,-80.0,-119.03293000000001,-100.0,23.80659,23.806600000000003,0.0,-7.93553,-72.0
150,event_000150.csv,0.0,39.98524,-60.0,-39.98524,-64.0,0.0,79.20153,-52.0,-39.52387,136.0,118.8792,118.8792,20.0,-39.67766999999999,-64.0,23.80659,23.806600000000003,0.0,-15.871058999999999,20.0
151,event_000151.csv,0.0,39.98524,-96.0,0.0,-100.0,0.0,39.52387,-76.0,-39.52387,-72.0,118.8792,79.20150000000001,92.0,-39.67766999999999,40.0,23.80659,23.806600000000003,0.0,-15.871058999999999,-40.0
152,event_000152.csv,0.0,39.98524,-96.0,0.0,-100.0,0.0,39.52387,-48.0,-39.52387,-36.0,158.5568,39.5239,16.0,-79.35527,-68.0,23.80659,23.806600000000003,0.0,-15.871058999999999,-52.0
153,event_000153.csv,0.0,39.98524,-60.0,0.0,-100.0,0.0,39.52387,-64.0,-39.52387,-100.0,118.8792,118.8792,-24.0,-79.35533,-44.0,23.80659,23.806600000000003,0.0,-15.871058999999999,-20.0
154,event_000154.csv,0.0,39.98524,-72.0,0.0,-100.0,0.0,39.52387,-88.0,-39.52387,-36.0,118.8792,79.20150000000001,-40.0,-39.67766999999999,-60.0,23.80659,23.806600000000003,0.0,-7.93553,-52.0
155,event_000155.csv,0.0,39.98524,-100.0,0.0,-96.0,0.0,39.52387,-64.0,-39.52387,-36.0,118.8792,79.20150000000001,-40.0,-39.67766999999999,132.0,23.80659,23.806600000000003,0.0,-15.871058999999999,-52.0
156,event_000156.csv,0.0,39.98524,-96.0,0.0,-100.0,0.0,39.52387,-32.0,-39.52387,12.0,118.8792,79.20150000000001,-100.0,-39.67766999999999,-12.0,15.87106,31.742130000000003,0.0,-7.935529,-96.0
157,event_000157.csv,0.0,39.98524,-84.0,-39.98524,12.0,0.0,39.52387,16.0,-39.52387,-84.0,118.8792,118.8792,200.0,-39.67766999999999,-68.0,15.87106,31.742130000000003,0.0,-7.935529,-4.0
158,event_000158.csv,0.0,39.98524,-64.0,-39.98524,60.0,0.0,39.52387,-96.0,-39.52387,-92.0,118.8792,79.20150000000001,-32.0,-39.67766999999999,-84.0,23.80659,23.806600000000003,0.0,-15.871058999999999,20.0
159,event_000159.csv,0.0,39.98524,-100.0,-39.98524,24.0,0.0,39.52387,-76.0,-39.52387,-96.0,118.8792,79.20150000000001,-52.0,-39.67766999999999,-12.0,23.80659,23.806600000000003,0.0,-15.871058999999999,-40.0
160,event_000160.csv,0.0,39.98524,-96.0,-39.98524,-100.0,0.0,39.52387,-52.0,-39.52387,-76.0,118.8792,79.20150000000001,4.0,-79.35533,-12.0,23.80659,23.806600000000003,0.0,-15.871058999999999,-28.0
161,event_000161.csv,0.0,39.98524,-100.0,0.0,-96.0,0.0,39.52387,-92.0,-39.52387,-96.0,118.8792,79.20150000000001,-100.0,-39.67766999999999,-12.0,23.80659,23.806600000000003,0.0,-15.871058999999999,-40.0
162,event_000162.csv,0.0,39.98524,-64.0,-39.98524,-4.0,0.0,39.52387,-56.0,-39.52387,92.0,118.8792,118.8792,184.0,-39.67766999999999,-100.0,31.74213,15.871060000000003,0.0,-15.87107,-96.0
163,event_000163.csv,0.0,39.98524,-100.0,-39.98524,-92.0,0.0,39.52387,24.0,-39.52387,-84.0,118.8792,118.8792,196.0,-39.67766999999999,-64.0,23.80659,23.806600000000003,0.0,-15.871058999999999,8.0
164,event_000164.csv,0.0,39.98524,-96.0,-39.98524,76.0,0.0,39.52387,-56.0,-39.52387,-92.0,118.8792,118.8792,64.0,-118.8792,40.0,23.80659,23.806600000000003,0.0,-15.871058999999999,28.0
165,event_000165.csv,0.0,39.98524,-48.0,0.0,-100.0,0.0,39.52387,-32.0,-39.52387,-92.0,158.5568,79.20159999999998,144.0,-79.35527,-88.0,23.80659,23.806600000000003,0.0,-15.871058999999999,-52.0
166,event_000166.csv,0.0,39.98524,-100.0,-39.98524,-76.0,0.0,39.52387,-76.0,-39.52387,12.0,118.8792,79.20150000000001,-40.0,-79.35533,40.0,23.80659,23.806600000000003,0.0,-23.80659,-36.0
167,event_000167.csv,0.0,39.98524,-100.0,-39.98524,-76.0,0.0,39.52387,-64.0,-39.52387,188.0,158.5568,39.5239,-40.0,-119.03293000000001,-4.0,23.80659,23.806600000000003,0.0,-15.871058999999999,20.0
168,event_000168.csv,0.0,39.98524,-96.0,0.0,-100.0,0.0,39.52387,-48.0,-39.52387,-68.0,118.8792,79.20150000000001,8.0,-39.67766999999999,-96.0,23.80659,23.806600000000003,0.0,-15.871058999999999,-28.0
169,event_000169.csv,0.0,39.98524,-96.0,-39.98524,-72.0,0.0,39.52387,-84.0,0.0,-100.0,118.8792,118.8792,12.0,-79.35533,36.0,23.80659,23.806600000000003,0.0,-15.871058999999999,24.0
170,event_000170.csv,0.0,39.98524,-100.0,-39.98524,-4.0,0.0,39.52387,-96.0,-39.52387,-100.0,158.5568,79.20159999999998,56.0,-79.35527,-48.0,23.80659,23.806600000000003,0.0,-15.871058999999999,68.0
171,event_000171.csv,0.0,39.98524,-72.0,0.0,-100.0,0.0,39.52387,-40.0,-39.52387,-68.0,118.8792,79.20150000000001,8.0,-39.67766999999999,-24.0,23.80659,23.806600000000003,0.0,-15.871058999999999,-40.0
172,event_000172.csv,0.0,39.98524,-96.0,-39.98524,-68.0,0.0,39.52387,-72.0,-39.52387,-60.0,118.8792,118.8792,12.0,-39.67766999999999,-8.0,23.80659,23.806600000000003,0.0,-15.871058999999999,20.0
173,event_000173.csv,0.0,39.98524,-96.0,0.0,-100.0,0.0,39.52387,-88.0,-39.52387,-52.0,118.8792,79.20150000000001,16.0,-39.67766999999999,-52.0,23.80659,23.806600000000003,0.0,-15.871058999999999,-4.0
174,event_000174.csv,0.0,39.98524,-96.0,-39.98524,152.0,0.0,39.52387,-36.0,-39.52387,-96.0,118.8792,79.20150000000001,-32.0,-39.67766999999999,-76.0,23.80659,23.806600000000003,0.0,-7.93553,-52.0
175,event_000175.csv,0.0,39.98524,-100.0,0.0,-92.0,0.0,39.52387,-28.0,-39.52387,64.0,158.5568,39.5239,16.0,-79.35527,-40.0,23.80659,23.806600000000003,0.0,-15.871058999999999,-40.0
176,event_000176.csv,0.0,79.97047,0.0,-39.98524,-100.0,0.0,39.52387,-48.0,-39.52387,28.0,118.8792,4881.1208,-8.0,-39.67766999999999,-68.0,-15.87106,103.19266,4.0,-23.806600000000003,-20.0
177,event_000177.csv,0.0,39.98524,-100.0,0.0,-96.0,0.0,39.52387,48.0,-39.52387,76.0,118.8792,118.8792,8.0,-79.35533,84.0,31.74213,15.871060000000003,0.0,-15.87107,-24.0
178,event_000178.csv,0.0,39.98524,-88.0,-39.98524,116.0,0.0,39.52387,-96.0,-39.52387,-100.0,158.5568,39.5239,8.0,-79.35527,-12.0,23.80659,23.806600000000003,0.0,-7.93553,12.0
179,event_000179.csv,0.0,39.98524,-76.0,-39.98524,120.0,0.0,39.52387,-80.0,-39.52387,-68.0,118.8792,79.20150000000001,16.0,-79.35533,124.0,23.80659,23.806600000000003,0.0,-23.80659,-36.0
180,event_000180.csv,0.0,39.98524,-100.0,-39.98524,36.0,0.0,39.52387,-32.0,-39.52387,-92.0,118.8792,79.20150000000001,-72.0,-79.35533,-96.0,23.80659,23.806600000000003,0.0,-15.871058999999999,-68.0
181,event_000181.csv,0.0,39.98524,-80.0,-39.98524,-20.0,0.0,39.52387,-88.0,-39.52387,-92.0,158.5568,39.5239,-28.0,-79.35527,-12.0,23.80659,23.806600000000003,0.0,-15.871058999999999,-40.0
182,event_000182.csv,0.0,39.98524,-100.0,-39.98524,-48.0,0.0,39.52387,-100.0,-39.52387,-80.0,138.71800000000002,59.36269999999999,-60.0,-59.51647000000001,-48.0,23.80659,23.806600000000003,0.0,-15.871058999999999,-48.0
183,event_000183.csv,0.0,39.98524,-96.0,0.0,-100.0,0.0,39.52387,-80.0,-39.52387,-92.0,158.5568,79.20159999999998,148.0,-79.35527,-44.0,23.80659,23.806600000000003,0.0,-7.93553,-92.0
184,event_000184.csv,0.0,39.98524,-100.0,-39.98524,-60.0,0.0,39.52387,-96.0,-39.52387,-52.0,118.8792,79.20150000000001,8.0,-39.67766999999999,-64.0,15.87106,31.742130000000003,0.0,-15.87106,20.0
185,event_000185.csv,0.0,39.98524,-52.0,-39.98524,16.0,0.0,39.52387,-68.0,-39.52387,-56.0,118.8792,79.20150000000001,20.0,-39.67766999999999,0.0,23.80659,23.806600000000003,0.0,-15.871058999999999,-36.0
186,event_000186.csv,0.0,39.98524,-96.0,-39.98524,-60.0,0.0,39.52387,-96.0,-39.52387,28.0,118.8792,118.8792,148.0,-39.67766999999999,-76.0,23.80659,23.806600000000003,0.0,-15.871058999999999,-36.0
187,event_000187.csv,0.0,39.98524,-100.0,-39.98524,-36.0,0.0,39.52387,-68.0,-39.52387,8.0,158.5568,79.20159999999998,-28.0,-79.35527,-48.0,23.80659,23.806600000000003,0.0,-15.871058999999999,-52.0
188,event_000188.csv,0.0,39.98524,-96.0,0.0,-100.0,0.0,39.52387,-24.0,-39.52387,-84.0,138.71800000000002,59.36269999999999,-40.0,-59.51647000000001,-12.0,23.80659,31.742130000000003,0.0,-15.871058999999999,-36.0
189,event_000189.csv,0.0,39.98524,-88.0,-39.98524,-76.0,0.0,39.52387,-72.0,-39.52387,36.0,118.8792,79.20150000000001,16.0,-79.35533,180.0,23.80659,23.806600000000003,0.0,-7.93553,-52.0
190,event_000190.csv,0.0,39.98524,-100.0,0.0,-92.0,0.0,39.52387,-100.0,-39.52387,-88.0,118.8792,79.20150000000001,12.0,-39.67766999999999,-12.0,23.80659,23.806600000000003,0.0,-7.93553,-40.0
191,event_000191.csv,0.0,39.98524,-4.0,0.0,-100.0,0.0,39.52387,-96.0,-39.52387,-72.0,118.8792,118.8792,148.0,-39.67766999999999,-68.0,15.87106,31.742130000000003,0.0,-7.935529,-40.0
192,event_000192.csv,0.0,39.98524,-88.0,-39.98524,36.0,0.0,39.52387,-96.0,-39.52387,4.0,118.8792,79.20150000000001,8.0,-39.67766999999999,-12.0,31.74213,15.871060000000003,0.0,-7.93554,-100.0
193,event_000193.csv,0.0,39.98524,-100.0,0.0,-96.0,0.0,39.52387,-92.0,-39.52387,8.0,118.8792,79.20150000000001,-60.0,-39.67766999999999,-16.0,23.80659,23.806600000000003,0.0,-15.871058999999999,-36.0
194,event_000194.csv,0.0,79.97047,-84.0,0.0,-92.0,0.0,39.52387,-64.0,-39.52387,-92.0,118.8792,79.20150000000001,-40.0,-39.67766999999999,-92.0,23.80659,23.806600000000003,0.0,-15.871058999999999,-48.0
195,event_000195.csv,0.0,39.98524,-100.0,0.0,-96.0,0.0,39.52387,-64.0,-39.52387,28.0,118.8792,79.20150000000001,-40.0,-79.35533,0.0,23.80659,23.806600000000003,0.0,-15.871058999999999,-40.0
196,event_000196.csv,0.0,39.98524,-96.0,0.0,-100.0,0.0,39.52387,-96.0,-39.52387,4.0,118.8792,79.20150000000001,-80.0,-79.35533,120.0,23.80659,23.806600000000003,0.0,-15.871058999999999,20.0
197,event_000197.csv,0.0,39.98524,-92.0,-39.98524,72.0,0.0,39.52387,-88.0,-39.52387,-92.0,118.8792,79.20150000000001,-28.0,-39.67766999999999,-76.0,31.74213,23.806590000000003,0.0,-15.87107,-64.0
198,event_000198.csv,0.0,39.98524,-100.0,0.0,-96.0,0.0,39.52387,-40.0,-39.52387,36.0,118.8792,79.20150000000001,-40.0,-39.67766999999999,-76.0,23.80659,23.806600000000003,0.0,-15.871058999999999,-36.0
199,event_000199.csv,0.0,39.98524,-96.0,0.0,-100.0,0.0,39.52387,-56.0,-39.52387,-44.0,118.8792,79.20150000000001,8.0,-39.67766999999999,-12.0,23.80659,23.806600000000003,0.0,-15.871058999999999,-36.0
200,event_000200.csv,0.0,39.98524,-80.0,0.0,-100.0,0.0,39.52387,-56.0,-39.52387,-76.0,118.8792,118.8792,16.0,-79.35533,36.0,7.935531,39.677659000000006,0.0,-23.806591,8.0
201,event_000201.csv,0.0,39.98524,-96.0,0.0,-100.0,0.0,39.52387,-56.0,-39.52387,36.0,158.5568,39.5239,16.0,-119.03293000000001,196.0,15.87106,31.742130000000003,0.0,-15.87106,20.0
202,event_000202.csv,0.0,39.98524,-88.0,0.0,-100.0,0.0,39.52387,80.0,-39.52387,-44.0,118.8792,79.20150000000001,-88.0,-39.67766999999999,-68.0,23.80659,23.806600000000003,0.0,-7.93553,-76.0
203,event_000203.csv,0.0,39.98524,-100.0,0.0,-96.0,0.0,39.52387,140.0,-39.52387,-100.0,158.5568,39.5239,-88.0,-79.35527,-68.0,23.80659,23.806600000000003,0.0,-23.80659,20.0
204,event_000204.csv,0.0,39.98524,-96.0,0.0,-100.0,0.0,39.52387,88.0,-39.52387,-28.0,158.5568,79.20159999999998,144.0,-79.35527,-56.0,23.80659,23.806600000000003,0.0,-7.93553,-64.0
205,event_000205.csv,0.0,39.98524,-92.0,-39.98524,-16.0,0.0,39.52387,-92.0,-39.52387,-32.0,158.5568,79.20159999999998,8.0,-119.03293000000001,32.0,23.80659,23.806600000000003,0.0,-23.80659,-40.0
206,event_000206.csv,0.0,39.98524,-92.0,0.0,-100.0,0.0,39.52387,-68.0,-39.52387,136.0,118.8792,39.67760000000001,-84.0,-39.67766999999999,-64.0,23.80659,23.806600000000003,0.0,-7.93553,-52.0
207,event_000207.csv,0.0,39.98524,-68.0,0.0,-100.0,0.0,39.52387,-84.0,-39.52387,-48.0,118.8792,118.8792,108.0,-79.35533,84.0,23.80659,23.806600000000003,0.0,-7.93553,-56.0
208,event_000208.csv,0.0,39.98524,-84.0,-39.98524,196.0,0.0,39.52387,-32.0,-39.52387,-60.0,118.8792,79.20150000000001,-40.0,-39.67766999999999,-92.0,23.80659,23.806600000000003,0.0,-23.80659,-36.0
209,event_000209.csv,0.0,39.98524,-96.0,-39.98524,28.0,0.0,39.52387,-96.0,-39.52387,-60.0,118.8792,79.20150000000001,16.0,-39.67766999999999,-52.0,31.74213,15.871060000000003,0.0,-15.87107,-48.0
210,event_000210.csv,0.0,39.98524,-64.0,0.0,-100.0,0.0,39.52387,-96.0,-39.52387,-12.0,158.5568,39.5239,-28.0,-79.35527,-8.0,23.80659,23.806600000000003,0.0,-7.93553,-92.0
211,event_000211.csv,0.0,39.98524,-96.0,-39.98524,-68.0,0.0,39.52387,-24.0,-39.52387,-12.0,118.8792,79.20150000000001,16.0,-79.35533,-20.0,23.80659,23.806600000000003,0.0,-15.871058999999999,-36.0
212,event_000212.csv,0.0,39.98524,-48.0,-39.98524,-56.0,0.0,39.52387,-12.0,-39.52387,-48.0,118.8792,356.7913,96.0,-79.35533,40.0,23.80659,23.806600000000003,0.0,-15.871058999999999,24.0
213,event_000213.csv,0.0,39.98524,-64.0,-39.98524,52.0,0.0,39.52387,-96.0,-39.52387,-100.0,158.5568,79.20159999999998,196.0,-119.03293000000001,116.0,23.80659,23.806600000000003,0.0,-15.871058999999999,-40.0
214,event_000214.csv,0.0,39.98524,-96.0,-39.98524,92.0,0.0,39.52387,-32.0,-39.52387,-44.0,158.5568,39.5239,-64.0,-79.35527,-8.0,23.80659,23.806600000000003,0.0,-7.93553,-64.0
215,event_000215.csv,0.0,39.98524,-88.0,0.0,-100.0,0.0,39.52387,-68.0,-39.52387,-64.0,118.8792,118.8792,20.0,-39.67766999999999,-96.0,19.838825,27.774365000000003,0.0,-11.903293999999999,-40.0
216,event_000216.csv,0.0,39.98524,-96.0,-39.98524,132.0,0.0,39.52387,-96.0,-39.52387,44.0,118.8792,79.20150000000001,-88.0,-39.67766999999999,-12.0,23.80659,23.806600000000003,0.0,-15.871058999999999,20.0
217,event_000217.csv,0.0,39.98524,-40.0,-39.98524,140.0,0.0,39.52387,-100.0,-39.52387,-68.0,158.5568,39.5239,-40.0,-79.35527,-100.0,15.87106,31.742130000000003,0.0,-7.935529,-40.0
218,event_000218.csv,0.0,39.98524,-76.0,-39.98524,-16.0,0.0,39.52387,-100.0,-39.52387,56.0,118.8792,79.20150000000001,20.0,-39.67766999999999,-96.0,23.80659,23.806600000000003,0.0,-7.93553,-40.0
219,event_000219.csv,0.0,39.98524,-80.0,-39.98524,12.0,0.0,39.52387,32.0,-39.52387,128.0,118.8792,118.8792,16.0,-79.35533,-84.0,23.80659,23.806600000000003,0.0,-15.871058999999999,20.0
220,event_000220.csv,0.0,39.98524,-60.0,0.0,-100.0,0.0,39.52387,-92.0,-39.52387,-88.0,158.5568,39.5239,-60.0,-79.35527,-16.0,23.80659,23.806600000000003,0.0,-15.871058999999999,-40.0
221,event_000221.csv,0.0,39.98524,-56.0,0.0,-100.0,0.0,39.52387,-24.0,-39.52387,16.0,118.8792,118.8792,16.0,-79.35533,40.0,31.74213,15.871060000000003,0.0,-23.806599,28.0
222,event_000222.csv,0.0,39.98524,-80.0,-39.98524,60.0,0.0,39.52387,-64.0,-39.52387,-60.0,118.8792,118.8792,16.0,-79.35533,40.0,23.80659,23.806600000000003,0.0,-15.871058999999999,20.0
223,event_000223.csv,0.0,39.98524,-96.0,-39.98524,60.0,0.0,39.52387,-88.0,0.0,-100.0,158.5568,39.5239,-80.0,-79.35527,40.0,23.80659,23.806600000000003,0.0,-15.871058999999999,20.0
224,event_000224.csv,0.0,39.98524,-96.0,-39.98524,-84.0,0.0,39.52387,-96.0,-39.52387,-12.0,118.8792,79.20150000000001,-28.0,-39.67766999999999,-12.0,23.80659,23.806600000000003,0.0,-15.871058999999999,8.0
225,event_000225.csv,0.0,39.98524,-72.0,-39.98524,116.0,0.0,39.52387,-48.0,-39.52387,44.0,118.8792,79.20150000000001,-40.0,-79.35533,-12.0,15.87106,31.742130000000003,0.0,-15.87106,-40.0
226,event_000226.csv,0.0,39.98524,-60.0,0.0,-100.0,0.0,39.52387,-80.0,-39.52387,-100.0,118.8792,79.20150000000001,-96.0,-39.67766999999999,-60.0,31.74213,15.871060000000003,0.0,-15.87107,-28.0
227,event_000227.csv,0.0,39.98524,-92.0,-39.98524,112.0,0.0,39.52387,-100.0,-39.52387,24.0,118.8792,79.20150000000001,-40.0,-39.67766999999999,-96.0,19.838825,27.774365000000003,0.0,-19.838825,-40.0
228,event_000228.csv,0.0,39.98524,-92.0,0.0,-100.0,0.0,39.52387,-84.0,-39.52387,-40.0,118.8792,79.20150000000001,112.0,-79.35533,-64.0,23.80659,23.806600000000003,0.0,-7.93553,-88.0
229,event_000229.csv,0.0,39.98524,-92.0,-39.98524,-52.0,0.0,39.52387,-80.0,-39.52387,-100.0,158.5568,39.5239,-80.0,-79.35527,20.0,23.80659,23.806600000000003,0.0,-15.871058999999999,4.0
230,event_000230.csv,0.0,39.98524,-72.0,0.0,-100.0,0.0,79.20153,36.0,-39.52387,-80.0,118.8792,118.8792,8.0,-39.67766999999999,-100.0,23.80659,23.806600000000003,0.0,-15.871058999999999,-40.0
231,event_000231.csv,0.0,39.98524,-84.0,-39.98524,-100.0,0.0,39.52387,72.0,-39.52387,-76.0,118.8792,79.20150000000001,-16.0,-39.67766999999999,-100.0,31.74213,15.871060000000003,0.0,-15.87107,-36.0
232,event_000232.csv,0.0,39.98524,-88.0,-39.98524,-24.0,0.0,39.52387,-44.0,-39.52387,-24.0,158.5568,39.5239,-44.0,-119.03293000000001,-8.0,23.80659,23.806600000000003,0.0,-31.742121,-28.0
233,event_000233.csv,0.0,39.98524,-72.0,-39.98524,164.0,0.0,39.52387,-40.0,-39.52387,-4.0,158.5568,39.5239,24.0,-79.35527,-76.0,23.80659,23.806600000000003,0.0,-7.93553,-64.0
234,event_000234.csv,0.0,39.98524,-76.0,-39.98524,108.0,0.0,39.52387,-72.0,-39.52387,-92.0,118.8792,118.8792,20.0,-79.35533,40.0,23.80659,23.806600000000003,0.0,-15.871058999999999,-48.0
235,event_000235.csv,0.0,39.98524,-84.0,0.0,-100.0,0.0,79.20153,68.0,-39.52387,152.0,118.8792,118.8792,140.0,-79.35533,164.0,23.80659,23.806600000000003,0.0,-15.871058999999999,8.0
236,event_000236.csv,0.0,39.98524,-84.0,0.0,-100.0,0.0,39.52387,-76.0,-39.52387,-96.0,158.5568,39.5239,20.0,-79.35527,40.0,23.80659,23.806600000000003,0.0,-15.871058999999999,20.0
237,event_000237.csv,0.0,39.98524,-88.0,-39.98524,-60.0,0.0,39.52387,-88.0,-39.52387,-84.0,118.8792,79.20150000000001,20.0,-39.67766999999999,-32.0,23.80659,23.806600000000003,0.0,-15.871058999999999,-28.0
238,event_000238.csv,0.0,39.98524,-32.0,-39.98524,-100.0,0.0,39.52387,-72.0,-39.52387,68.0,118.8792,79.20150000000001,8.0,-39.67766999999999,-36.0,23.80659,23.806600000000003,0.0,-7.93553,-20.0
239,event_000239.csv,0.0,39.98524,-60.0,-39.98524,-36.0,0.0,39.52387,-72.0,-39.52387,-76.0,118.8792,79.20150000000001,20.0,-79.35533,172.0,23.80659,23.806600000000003,0.0,-15.871058999999999,-36.0
240,event_000240.csv,0.0,39.98524,-96.0,-39.98524,-84.0,0.0,39.52387,-4.0,-39.52387,-76.0,158.5568,39.5239,84.0,-79.35527,-68.0,23.80659,23.806600000000003,0.0,-15.871058999999999,-52.0
241,event_000241.csv,0.0,39.98524,-80.0,-39.98524,132.0,0.0,39.52387,-96.0,-39.52387,-44.0,158.5568,79.20159999999998,12.0,-79.35527,-44.0,15.87106,31.742130000000003,0.0,-23.806591,20.0
242,event_000242.csv,0.0,39.98524,-100.0,0.0,-96.0,0.0,39.52387,-92.0,-39.52387,-56.0,138.71800000000002,59.36269999999999,-40.0,-59.51647000000001,-8.0,23.80659,23.806600000000003,0.0,-15.871058999999999,-40.0
243,event_000243.csv,0.0,39.98524,-72.0,-39.98524,-12.0,0.0,79.20153,48.0,-39.52387,-36.0,118.8792,118.8792,8.0,-79.35533,36.0,23.80659,23.806600000000003,0.0,-7.93553,12.0
244,event_000244.csv,0.0,39.98524,-88.0,-39.98524,172.0,0.0,39.52387,24.0,-39.52387,60.0,158.5568,118.87919999999997,168.0,-158.5568,144.0,23.80659,23.806600000000003,0.0,-15.871058999999999,20.0
245,event_000245.csv,0.0,39.98524,-84.0,0.0,-100.0,0.0,39.52387,-20.0,-39.52387,-40.0,118.8792,118.8792,-28.0,-39.67766999999999,-100.0,23.80659,23.806600000000003,0.0,-7.93553,-72.0
246,event_000246.csv,0.0,39.98524,-96.0,-39.98524,24.0,0.0,39.52387,-76.0,-39.52387,-96.0,118.8792,118.8792,-52.0,-79.35533,-76.0,23.80659,23.806600000000003,0.0,-15.871058999999999,4.0
247,event_000247.csv,0.0,39.98524,-68.0,-39.98524,-60.0,0.0,39.52387,-72.0,-39.52387,-20.0,118.8792,317.1137,152.0,-39.67766999999999,-92.0,23.80659,23.806600000000003,0.0,-7.93553,-68.0
248,event_000248.csv,0.0,39.98524,-88.0,-39.98524,-92.0,0.0,39.52387,-96.0,-39.52387,-28.0,118.8792,79.20150000000001,8.0,-79.35533,-76.0,23.80659,23.806600000000003,0.0,-15.871058999999999,-52.0
249,event_000249.csv,0.0,39.98524,-96.0,-39.98524,-100.0,0.0,39.52387,16.0,-39.52387,-100.0,118.8792,118.8792,16.0,-39.67766999999999,-8.0,23.80659,23.806600000000003,0.0,-15.871058999999999,-40.0
250,event_000250.csv,0.0,39.98524,-96.0,-39.98524,-72.0,0.0,39.52387,-84.0,-39.52387,-80.0,118.8792,79.20150000000001,-84.0,-79.35533,32.0,23.80659,23.806600000000003,0.0,-7.93553,-8.0
251,event_000251.csv,0.0,39.98524,-64.0,-39.98524,100.0,0.0,39.52387,-80.0,-39.52387,-92.0,118.8792,118.8792,16.0,-79.35533,-36.0,23.80659,23.806600000000003,0.0,-15.871058999999999,-8.0
252,event_000252.csv,0.0,39.98524,-72.0,-39.98524,-52.0,0.0,39.52387,-88.0,-39.52387,-52.0,158.5568,39.5239,8.0,-119.03293000000001,40.0,23.80659,23.806600000000003,0.0,-15.871058999999999,-36.0
253,event_000253.csv,0.0,39.98524,-96.0,0.0,-100.0,0.0,39.52387,-40.0,-39.52387,-100.0,118.8792,79.20150000000001,8.0,-39.67766999999999,-100.0,23.80659,23.806600000000003,0.0,-15.871058999999999,-40.0
254,event_000254.csv,0.0,39.98524,-100.0,-39.98524,-28.0,0.0,39.52387,-56.0,-39.52387,-44.0,118.8792,79.20150000000001,24.0,-39.67766999999999,-20.0,23.80659,23.806600000000003,0.0,-15.871058999999999,-60.0
255,event_000255.csv,0.0,39.98524,-48.0,-39.98524,28.0,0.0,39.52387,-40.0,-39.52387,-92.0,118.8792,79.20150000000001,16.0,-39.67766999999999,-12.0,23.80659,23.806600000000003,0.0,-7.93553,-48.0
256,event_000256.csv,0.0,39.98524,-96.0,0.0,-100.0,0.0,39.52387,-96.0,-39.52387,-76.0,118.8792,79.20150000000001,16.0,-79.35533,124.0,23.80659,23.806600000000003,0.0,-7.93553,-92.0
257,event_000257.csv,0.0,39.98524,-92.0,-39.98524,140.0,0.0,39.52387,-88.0,-39.52387,-64.0,118.8792,79.20150000000001,8.0,-39.67766999999999,-84.0,23.80659,23.806600000000003,0.0,-15.871058999999999,-40.0
258,event_000258.csv,0.0,39.98524,-92.0,-39.98524,176.0,0.0,39.52387,-36.0,-39.52387,-96.0,118.8792,79.20150000000001,-52.0,-39.67766999999999,-64.0,23.80659,23.806600000000003,0.0,-15.871058999999999,-36.0
259,event_000259.csv,0.0,39.98524,-96.0,-39.98524,124.0,0.0,39.52387,-96.0,-39.52387,-92.0,118.8792,118.8792,16.0,-79.35533,-4.0,15.87106,31.742130000000003,0.0,-23.806591,-24.0
260,event_000260.csv,0.0,79.97047,96.0,0.0,-100.0,0.0,39.52387,-48.0,-39.52387,-28.0,118.8792,79.20150000000001,-88.0,-39.67766999999999,-20.0,23.80659,23.806600000000003,0.0,-15.871058999999999,-28.0
261,event_000261.csv,0.0,39.98524,-92.0,0.0,-100.0,0.0,39.52387,-48.0,-39.52387,-84.0,118.8792,79.20150000000001,64.0,-39.67766999999999,-44.0,31.74213,15.871060000000003,0.0,-15.87107,8.0
262,event_000262.csv,0.0,39.98524,-96.0,-39.98524,100.0,0.0,39.52387,-16.0,-39.52387,-20.0,118.8792,79.20150000000001,-52.0,-39.67766999999999,-76.0,23.80659,23.806600000000003,0.0,-15.871058999999999,-28.0
263,event_000263.csv,0.0,39.98524,-88.0,0.0,-100.0,0.0,39.52387,-72.0,-39.52387,-60.0,118.8792,118.8792,16.0,-79.35533,36.0,23.80659,23.806600000000003,0.0,-7.93553,16.0
264,event_000264.csv,0.0,39.98524,-88.0,0.0,-100.0,0.0,39.52387,120.0,-39.52387,28.0,118.8792,79.20150000000001,136.0,-39.67766999999999,-88.0,23.80659,23.806600000000003,0.0,-15.871058999999999,-52.0
265,event_000265.csv,0.0,39.98524,-92.0,-39.98524,-64.0,0.0,39.52387,-68.0,-39.52387,24.0,118.8792,79.20150000000001,20.0,-39.67766999999999,-96.0,23.80659,23.806600000000003,0.0,-15.871058999999999,-40.0
266,event_000266.csv,0.0,39.98524,-88.0,-39.98524,36.0,0.0,39.52387,-48.0,-39.52387,-100.0,118.8792,4881.1208,-4.0,-39.67766999999999,-76.0,0.0,87.3216,4.0,-31.74213,-16.0
267,event_000267.csv,0.0,39.98524,-96.0,-39.98524,60.0,0.0,39.52387,-56.0,-39.52387,-60.0,158.5568,39.5239,-80.0,-79.35527,-44.0,23.80659,31.742130000000003,0.0,-15.871058999999999,-36.0
268,event_000268.csv,0.0,39.98524,-76.0,0.0,-100.0,0.0,39.52387,56.0,-39.52387,-36.0,118.8792,79.20150000000001,-40.0,-39.67766999999999,-56.0,23.80659,23.806600000000003,0.0,-15.871058999999999,-20.0
269,event_000269.csv,0.0,39.98524,-80.0,-39.98524,-28.0,0.0,39.52387,-96.0,-39.52387,28.0,118.8792,79.20150000000001,-80.0,-79.35533,-100.0,27.77436,19.83883,0.0,-11.903300000000002,-68.0
270,event_000270.csv,0.0,39.98524,-100.0,-39.98524,36.0,0.0,39.52387,-24.0,-39.52387,108.0,118.8792,317.1137,-8.0,-39.67766999999999,84.0,23.80659,23.806600000000003,0.0,-15.871058999999999,-80.0
271,event_000271.csv,0.0,39.98524,-92.0,0.0,-100.0,0.0,79.20153,12.0,-39.52387,-56.0,118.8792,79.20150000000001,-28.0,-39.67766999999999,44.0,31.74213,15.871060000000003,0.0,-15.87107,-48.0
272,event_000272.csv,0.0,39.98524,-88.0,-39.98524,52.0,0.0,39.52387,-96.0,-39.52387,52.0,158.5568,39.5239,-40.0,-119.03293000000001,196.0,23.80659,23.806600000000003,0.0,-15.871058999999999,-36.0
273,event_000273.csv,0.0,39.98524,-96.0,-39.98524,20.0,0.0,39.52387,-96.0,-39.52387,-4.0,118.8792,79.20150000000001,-40.0,-79.35533,36.0,23.80659,23.806600000000003,0.0,-15.871058999999999,20.0
274,event_000274.csv,0.0,39.98524,-100.0,0.0,-92.0,0.0,39.52387,-24.0,-39.52387,44.0,118.8792,4559.3938,12.0,-39.67766999999999,-92.0,0.0,47.61319,0.0,-15.87106,156.0
275,event_000275.csv,0.0,39.98524,-32.0,0.0,-100.0,0.0,39.52387,-84.0,-39.52387,-72.0,118.8792,79.20150000000001,16.0,-79.35533,120.0,15.87106,31.742130000000003,0.0,-15.87106,16.0
276,event_000276.csv,0.0,39.98524,-96.0,-39.98524,108.0,0.0,39.52387,-88.0,-39.52387,44.0,118.8792,79.20150000000001,-96.0,-79.35533,120.0,23.80659,23.806600000000003,0.0,-23.80659,-28.0
277,event_000277.csv,0.0,39.98524,-60.0,-39.98524,-36.0,0.0,39.52387,-88.0,-39.52387,-92.0,118.8792,118.8792,144.0,-118.8792,40.0,31.74213,15.871060000000003,0.0,-23.806599,28.0
278,event_000278.csv,0.0,39.98524,-96.0,-39.98524,92.0,0.0,39.52387,-88.0,-39.52387,-100.0,118.8792,79.20150000000001,-96.0,-39.67766999999999,-68.0,19.838825,27.774365000000003,0.0,-19.838825,20.0
279,event_000279.csv,0.0,39.98524,-96.0,-39.98524,28.0,0.0,39.52387,56.0,-39.52387,28.0,118.8792,118.8792,144.0,-79.35533,44.0,31.74213,23.806590000000003,0.0,-15.87107,-52.0
280,event_000280.csv,0.0,39.98524,-100.0,-39.98524,-40.0,0.0,39.52387,-100.0,-39.52387,192.0,118.8792,79.20150000000001,-84.0,-39.67766999999999,-100.0,23.80659,23.806600000000003,0.0,-7.93553,-48.0
281,event_000281.csv,0.0,39.98524,-96.0,0.0,-100.0,0.0,39.52387,-96.0,-39.52387,-92.0,118.8792,79.20150000000001,-40.0,-39.67766999999999,-92.0,23.80659,23.806600000000003,0.0,-15.871058999999999,-28.0
282,event_000282.csv,0.0,39.98524,-96.0,-39.98524,148.0,0.0,39.52387,-72.0,-39.52387,12.0,118.8792,79.20150000000001,-40.0,-39.67766999999999,-92.0,23.80659,23.806600000000003,0.0,-7.93553,-36.0
283,event_000283.csv,0.0,39.98524,-60.0,-39.98524,48.0,0.0,39.52387,-100.0,-39.52387,-32.0,138.71800000000002,99.04039999999998,20.0,-59.51647000000001,-68.0,23.80659,31.742130000000003,0.0,-15.871058999999999,-40.0
284,event_000284.csv,0.0,39.98524,-92.0,-39.98524,168.0,0.0,39.52387,-92.0,-39.52387,88.0,158.5568,39.5239,140.0,-79.35527,-72.0,23.80659,23.806600000000003,0.0,-7.93553,-80.0
285,event_000285.csv,0.0,39.98524,-96.0,0.0,-100.0,0.0,39.52387,-24.0,-39.52387,12.0,118.8792,118.8792,-20.0,-118.8792,132.0,23.80659,23.806600000000003,0.0,-15.871058999999999,24.0
286,event_000286.csv,0.0,39.98524,-100.0,0.0,-96.0,0.0,39.52387,-84.0,-39.52387,-72.0,118.8792,118.8792,12.0,-39.67766999999999,-28.0,23.80659,23.806600000000003,0.0,-7.93553,16.0
287,event_000287.csv,0.0,79.97047,152.0,-39.98524,-4.0,0.0,39.52387,-96.0,-39.52387,28.0,118.8792,79.20150000000001,60.0,-118.8792,84.0,23.80659,23.806600000000003,0.0,-7.93553,-36.0
288,event_000288.csv,0.0,39.98524,-96.0,0.0,-100.0,0.0,39.52387,-80.0,-39.52387,172.0,138.71800000000002,59.36269999999999,144.0,-59.51647000000001,-84.0,23.80659,23.806600000000003,0.0,-15.871058999999999,-40.0
289,event_000289.csv,0.0,39.98524,-76.0,-39.98524,-84.0,0.0,39.52387,-72.0,-39.52387,-80.0,118.8792,79.20150000000001,-48.0,-39.67766999999999,-100.0,31.74213,15.871060000000003,0.0,-15.87107,-36.0
290,event_000290.csv,0.0,39.98524,-80.0,-39.98524,-28.0,0.0,39.52387,-96.0,-39.52387,-52.0,118.8792,39.67760000000001,-96.0,-39.67766999999999,-44.0,23.80659,23.806600000000003,0.0,-15.871058999999999,-36.0
291,event_000291.csv,0.0,39.98524,-88.0,0.0,-100.0,0.0,39.52387,-80.0,-39.52387,28.0,118.8792,79.20150000000001,88.0,-39.67766999999999,-12.0,23.80659,23.806600000000003,0.0,-15.871058999999999,20.0
292,event_000292.csv,0.0,39.98524,-76.0,-39.98524,-64.0,0.0,39.52387,-76.0,-39.52387,-64.0,118.8792,79.20150000000001,4.0,-79.35533,-100.0,23.80659,23.806600000000003,0.0,-7.93553,-64.0
293,event_000293.csv,0.0,39.98524,-96.0,-39.98524,140.0,0.0,39.52387,-100.0,-39.52387,-20.0,118.8792,79.20150000000001,8.0,-39.67766999999999,-44.0,23.80659,23.806600000000003,0.0,-15.871058999999999,-40.0
294,event_000294.csv,0.0,39.98524,-60.0,0.0,-100.0,0.0,39.52387,-88.0,-39.52387,-44.0,118.8792,79.20150000000001,8.0,-79.35533,40.0,23.80659,23.806600000000003,0.0,-15.871058999999999,24.0
295,event_000295.csv,0.0,79.97047,-56.0,0.0,-96.0,0.0,39.52387,-72.0,-39.52387,-60.0,118.8792,79.20150000000001,8.0,-79.35533,28.0,15.87106,31.742130000000003,0.0,-7.935529,-48.0
296,event_000296.csv,0.0,39.98524,-96.0,0.0,-100.0,0.0,39.52387,-88.0,-39.52387,-12.0,118.8792,118.8792,16.0,-79.35533,-8.0,23.80659,23.806600000000003,0.0,-15.871058999999999,20.0
297,event_000297.csv,0.0,39.98524,-100.0,-39.98524,-76.0,0.0,39.52387,-48.0,-39.52387,-76.0,158.5568,39.5239,-24.0,-79.35527,-12.0,23.80659,23.806600000000003,0.0,-15.871058999999999,-36.0
298,event_000298.csv,0.0,39.98524,-96.0,-39.98524,116.0,0.0,39.52387,-72.0,-39.52387,-92.0,138.71800000000002,99.04039999999998,16.0,-99.19413000000002,-8.0,23.80659,23.806600000000003,0.0,-15.871058999999999,-40.0
299,event_000299.csv,0.0,1079.909,-8.0,-39.98524,-84.0,0.0,2340.213,-4.0,-39.52387,-100.0,118.8792,4881.1208,-8.0,-39.67766999999999,-100.0,-39.67766,95.22638,0.0,-23.837349999999994,-20.0
300,event_000300.csv,0.0,39.98524,-36.0,-39.98524,72.0,0.0,39.52387,-76.0,-39.52387,-64.0,158.5568,39.5239,12.0,-79.35527,-24.0,23.80659,23.806600000000003,0.0,-15.871058999999999,-40.0
301,event_000301.csv,0.0,39.98524,-100.0,0.0,-96.0,0.0,39.52387,-64.0,-39.52387,-48.0,118.8792,79.20150000000001,-28.0,-39.67766999999999,-96.0,23.80659,23.806600000000003,0.0,-15.871058999999999,-40.0
302,event_000302.csv,0.0,39.98524,-80.0,0.0,-100.0,0.0,39.52387,-80.0,-39.52387,-44.0,118.8792,79.20150000000001,16.0,-39.67766999999999,-92.0,31.74213,15.871060000000003,0.0,-15.87107,-40.0
303,event_000303.csv,0.0,39.98524,-80.0,-39.98524,-52.0,0.0,39.52387,-72.0,-39.52387,-84.0,118.8792,79.20150000000001,8.0,-39.67766999999999,-4.0,23.80659,23.806600000000003,0.0,-15.871058999999999,-40.0
304,event_000304.csv,0.0,39.98524,-100.0,-39.98524,-12.0,0.0,39.52387,-96.0,-39.52387,-100.0,158.5568,118.87919999999997,56.0,-158.5568,84.0,23.80659,23.806600000000003,0.0,-15.871058999999999,-20.0
305,event_000305.csv,0.0,599.9323,-4.0,0.0,-100.0,0.0,39.52387,-4.0,-39.52387,-72.0,118.8792,3369.9868,12.0,-39.67766999999999,-72.0,15.87106,31.742130000000003,0.0,-7.935529,-64.0
306,event_000306.csv,0.0,39.98524,-84.0,-39.98524,164.0,0.0,39.52387,-64.0,-39.52387,-68.0,118.8792,118.8792,152.0,-39.67766999999999,-60.0,23.80659,23.806600000000003,0.0,-15.871058999999999,20.0
307,event_000307.csv,0.0,39.98524,-64.0,-39.98524,24.0,0.0,39.52387,-76.0,-39.52387,-64.0,158.5568,79.20159999999998,12.0,-119.03293000000001,40.0,23.80659,23.806600000000003,0.0,-15.871058999999999,-40.0
308,event_000308.csv,0.0,39.98524,-92.0,0.0,-100.0,0.0,39.52387,-100.0,-39.52387,-84.0,118.8792,79.20150000000001,84.0,-39.67766999999999,-96.0,27.77436,19.83883,0.0,-11.903300000000002,-52.0
309,event_000309.csv,0.0,39.98524,-92.0,-39.98524,-100.0,0.0,39.52387,-40.0,-39.52387,-20.0,118.8792,118.8792,112.0,-79.35533,136.0,23.80659,23.806600000000003,0.0,-15.871058999999999,24.0
310,event_000310.csv,0.0,39.98524,-72.0,-39.98524,48.0,0.0,79.20153,180.0,-39.52387,-80.0,118.8792,79.20150000000001,148.0,-39.67766999999999,-96.0,23.80659,23.806600000000003,0.0,-15.871058999999999,-48.0
311,event_000311.csv,0.0,39.98524,-92.0,-39.98524,-4.0,0.0,39.52387,-64.0,-39.52387,-60.0,158.5568,79.20159999999998,160.0,-119.03293000000001,140.0,23.80659,23.806600000000003,0.0,-7.93553,28.0
312,event_000312.csv,0.0,39.98524,-80.0,-39.98524,-52.0,0.0,39.52387,-72.0,-39.52387,-92.0,118.8792,79.20150000000001,8.0,-39.67766999999999,-20.0,23.80659,23.806600000000003,0.0,-15.871058999999999,-36.0
313,event_000313.csv,0.0,39.98524,-64.0,-39.98524,-60.0,0.0,39.52387,-72.0,-39.52387,-100.0,118.8792,79.20150000000001,-96.0,-39.67766999999999,-20.0,23.80659,23.806600000000003,0.0,-15.871058999999999,-36.0
314,event_000314.csv,0.0,39.98524,-80.0,-39.98524,-4.0,0.0,39.52387,-24.0,-39.52387,100.0,158.5568,39.5239,-24.0,-79.35527,-100.0,23.80659,23.806600000000003,0.0,-7.93553,-36.0
315,event_000315.csv,0.0,39.98524,-84.0,0.0,-100.0,0.0,39.52387,-92.0,-39.52387,-40.0,118.8792,118.8792,-72.0,-118.8792,-96.0,23.80659,23.806600000000003,0.0,-15.871058999999999,8.0
316,event_000316.csv,0.0,39.98524,-44.0,-39.98524,-68.0,0.0,39.52387,-40.0,-39.52387,-28.0,118.8792,79.20150000000001,8.0,-39.67766999999999,-100.0,23.80659,23.806600000000003,0.0,-15.871058999999999,-40.0
317,event_000317.csv,0.0,39.98524,-92.0,-39.98524,28.0,0.0,39.52387,56.0,-39.52387,-84.0,118.8792,79.20150000000001,-16.0,-39.67766999999999,-48.0,23.80659,23.806600000000003,0.0,-15.871058999999999,-52.0
318,event_000318.csv,0.0,39.98524,-92.0,-39.98524,-36.0,0.0,39.52387,-88.0,-39.52387,-84.0,118.8792,79.20150000000001,32.0,-79.35533,60.0,23.80659,23.806600000000003,0.0,-15.871058999999999,100.0
319,event_000319.csv,0.0,39.98524,-88.0,0.0,-100.0,0.0,39.52387,-44.0,-39.52387,-92.0,118.8792,158.55679999999998,20.0,-118.8792,40.0,23.80659,23.806600000000003,0.0,-23.80659,28.0
320,event_000320.csv,0.0,39.98524,-88.0,-39.98524,108.0,0.0,39.52387,-56.0,-39.52387,-76.0,118.8792,79.20150000000001,-96.0,-39.67766999999999,-36.0,23.80659,23.806600000000003,0.0,-15.871058999999999,20.0
321,event_000321.csv,0.0,39.98524,-76.0,-39.98524,0.0,0.0,39.52387,-36.0,-39.52387,-76.0,158.5568,39.5239,-100.0,-79.35527,32.0,23.80659,23.806600000000003,0.0,-15.871058999999999,-36.0
322,event_000322.csv,0.0,39.98524,-84.0,0.0,-100.0,0.0,39.52387,-56.0,-39.52387,-28.0,118.8792,79.20150000000001,8.0,-79.35533,116.0,23.80659,23.806600000000003,0.0,-15.871058999999999,16.0
323,event_000323.csv,0.0,39.98524,-88.0,0.0,-100.0,0.0,39.52387,-84.0,-39.52387,-72.0,118.8792,79.20150000000001,-76.0,-39.67766999999999,-8.0,23.80659,23.806600000000003,0.0,-15.871058999999999,-40.0
324,event_000324.csv,0.0,39.98524,-72.0,-39.98524,-92.0,0.0,39.52387,-96.0,-39.52387,-4.0,158.5568,39.5239,-40.0,-79.35527,-12.0,23.80659,23.806600000000003,0.0,-15.871058999999999,-36.0
325,event_000325.csv,0.0,39.98524,-80.0,-39.98524,120.0,0.0,39.52387,-92.0,-39.52387,-80.0,118.8792,118.8792,12.0,-79.35533,36.0,23.80659,23.806600000000003,0.0,-15.871058999999999,32.0
326,event_000326.csv,0.0,39.98524,-100.0,-39.98524,136.0,0.0,39.52387,-76.0,-39.52387,-88.0,118.8792,118.8792,-44.0,-79.35533,-92.0,23.80659,23.806600000000003,0.0,-15.871058999999999,-72.0
327,event_000327.csv,0.0,39.98524,-88.0,-39.98524,-56.0,0.0,39.52387,-88.0,-39.52387,-84.0,118.8792,79.20150000000001,96.0,-39.67766999999999,-52.0,31.74213,15.871060000000003,0.0,-15.87107,-36.0
328,event_000328.csv,0.0,39.98524,-68.0,0.0,-100.0,0.0,39.52387,-80.0,-39.52387,-84.0,118.8792,79.20150000000001,8.0,-39.67766999999999,-76.0,23.80659,23.806600000000003,0.0,-7.93553,-40.0
329,event_000329.csv,0.0,39.98524,-72.0,0.0,-100.0,0.0,39.52387,-56.0,-39.52387,60.0,118.8792,118.8792,8.0,-79.35533,-12.0,15.87106,31.742130000000003,0.0,-15.87106,-28.0
330,event_000330.csv,0.0,39.98524,-80.0,0.0,-100.0,0.0,39.52387,-48.0,-39.52387,12.0,118.8792,79.20150000000001,8.0,-79.35533,-12.0,23.80659,23.806600000000003,0.0,-23.80659,-36.0
331,event_000331.csv,0.0,39.98524,-92.0,-39.98524,-88.0,0.0,39.52387,-36.0,-39.52387,-8.0,118.8792,79.20150000000001,12.0,-79.35533,-8.0,23.80659,23.806600000000003,0.0,-15.871058999999999,-36.0
332,event_000332.csv,0.0,39.98524,-100.0,-39.98524,20.0,0.0,79.20153,168.0,-39.52387,-92.0,118.8792,79.20150000000001,-72.0,-79.35533,180.0,31.74213,15.871060000000003,0.0,-15.87107,-52.0
333,event_000333.csv,0.0,39.98524,-96.0,-39.98524,152.0,0.0,39.52387,120.0,-39.52387,-60.0,118.8792,79.20150000000001,-28.0,-39.67766999999999,-12.0,23.80659,23.806600000000003,0.0,-15.871058999999999,-40.0
334,event_000334.csv,0.0,39.98524,-100.0,-39.98524,-40.0,0.0,39.52387,-76.0,-39.52387,-16.0,118.8792,79.20150000000001,8.0,-79.35533,36.0,23.80659,23.806600000000003,0.0,-7.93553,16.0
335,event_000335.csv,0.0,39.98524,-92.0,-39.98524,140.0,0.0,39.52387,-96.0,-39.52387,-28.0,118.8792,79.20150000000001,12.0,-79.35533,40.0,23.80659,23.806600000000003,0.0,-15.871058999999999,20.0
336,event_000336.csv,0.0,39.98524,-92.0,-39.98524,168.0,0.0,39.52387,-12.0,-39.52387,-80.0,118.8792,79.20150000000001,-52.0,-39.67766999999999,-12.0,23.80659,23.806600000000003,0.0,-15.871058999999999,-52.0
337,event_000337.csv,0.0,39.98524,-96.0,-39.98524,108.0,0.0,39.52387,8.0,-39.52387,-36.0,158.5568,79.20159999999998,48.0,-119.03293000000001,76.0,23.80659,23.806600000000003,0.0,-15.871058999999999,-20.0
338,event_000338.csv,0.0,39.98524,-92.0,-39.98524,-84.0,0.0,39.52387,-88.0,-39.52387,-12.0,118.8792,79.20150000000001,-64.0,-79.35533,40.0,23.80659,23.806600000000003,0.0,-15.871058999999999,20.0
339,event_000339.csv,0.0,39.98524,-96.0,-39.98524,-68.0,0.0,39.52387,-56.0,-39.52387,-100.0,138.71800000000002,59.36269999999999,96.0,-99.19413000000002,-84.0,23.80659,23.806600000000003,0.0,-15.871058999999999,-36.0
340,event_000340.csv,0.0,39.98524,-76.0,-39.98524,192.0,0.0,39.52387,-52.0,-39.52387,-16.0,118.8792,79.20150000000001,12.0,-79.35533,-8.0,23.80659,23.806600000000003,0.0,-15.871058999999999,-16.0
341,event_000341.csv,0.0,39.98524,-60.0,-39.98524,-36.0,0.0,79.20153,32.0,-39.52387,-80.0,118.8792,79.20150000000001,16.0,-39.67766999999999,-20.0,23.80659,23.806600000000003,0.0,-15.871058999999999,84.0
342,event_000342.csv,0.0,39.98524,-96.0,0.0,-100.0,0.0,39.52387,-88.0,-39.52387,-68.0,118.8792,79.20150000000001,16.0,-39.67766999999999,12.0,31.74213,15.871060000000003,0.0,-15.87107,4.0
343,event_000343.csv,0.0,39.98524,-68.0,-39.98524,52.0,0.0,39.52387,-96.0,-39.52387,4.0,118.8792,79.20150000000001,0.0,-79.35533,32.0,23.80659,23.806600000000003,0.0,-7.93553,20.0
344,event_000344.csv,0.0,39.98524,-100.0,-39.98524,116.0,0.0,39.52387,-48.0,-39.52387,12.0,118.8792,79.20150000000001,16.0,-79.35533,36.0,23.80659,23.806600000000003,0.0,-15.871058999999999,32.0
345,event_000345.csv,0.0,39.98524,-92.0,0.0,-100.0,0.0,39.52387,-80.0,-39.52387,-92.0,158.5568,39.5239,8.0,-79.35527,-84.0,23.80659,23.806600000000003,0.0,-15.871058999999999,20.0
346,event_000346.csv,0.0,39.98524,-100.0,0.0,-96.0,0.0,39.52387,-88.0,-39.52387,-84.0,118.8792,118.8792,16.0,-79.35533,36.0,23.80659,23.806600000000003,0.0,-23.80659,20.0
347,event_000347.csv,0.0,39.98524,-96.0,0.0,-100.0,0.0,39.52387,-72.0,-39.52387,-36.0,118.8792,79.20150000000001,-28.0,-79.35533,-12.0,23.80659,23.806600000000003,0.0,-15.871058999999999,-20.0
348,event_000348.csv,0.0,39.98524,-92.0,0.0,-100.0,0.0,39.52387,-24.0,-39.52387,164.0,118.8792,79.20150000000001,-80.0,-39.67766999999999,44.0,23.80659,23.806600000000003,0.0,-7.93553,-40.0
349,event_000349.csv,0.0,39.98524,-96.0,-39.98524,-20.0,0.0,39.52387,-40.0,-39.52387,36.0,118.8792,79.20150000000001,4.0,-79.35533,-8.0,31.74213,15.871060000000003,0.0,-15.87107,12.0
350,event_000350.csv,0.0,39.98524,-96.0,0.0,-100.0,0.0,39.52387,-72.0,-39.52387,-76.0,118.8792,79.20150000000001,16.0,-39.67766999999999,-20.0,15.87106,31.742130000000003,0.0,-15.87106,-36.0
351,event_000351.csv,0.0,39.98524,-100.0,-39.98524,-8.0,0.0,39.52387,-92.0,-39.52387,-96.0,118.8792,79.20150000000001,-84.0,-39.67766999999999,-24.0,31.74213,15.871060000000003,0.0,-15.87107,-40.0
352,event_000352.csv,0.0,39.98524,-100.0,-39.98524,48.0,0.0,39.52387,-56.0,-39.52387,-16.0,158.5568,39.5239,-28.0,-119.03293000000001,-8.0,23.80659,23.806600000000003,0.0,-15.871058999999999,-40.0
353,event_000353.csv,0.0,39.98524,-96.0,-39.98524,72.0,0.0,39.52387,-96.0,-39.52387,-84.0,118.8792,79.20150000000001,28.0,-79.35533,44.0,23.80659,23.806600000000003,0.0,-15.871058999999999,-40.0
354,event_000354.csv,0.0,39.98524,-100.0,0.0,-96.0,0.0,79.20153,44.0,-39.52387,-16.0,118.8792,79.20150000000001,-84.0,-39.67766999999999,-32.0,23.80659,23.806600000000003,0.0,-7.93553,-48.0
355,event_000355.csv,0.0,39.98524,-64.0,-39.98524,-68.0,0.0,39.52387,-40.0,-39.52387,-100.0,118.8792,118.8792,144.0,-39.67766999999999,-20.0,23.80659,23.806600000000003,0.0,-15.871058999999999,-36.0
356,event_000356.csv,0.0,39.98524,-84.0,-39.98524,-44.0,0.0,39.52387,-92.0,-39.52387,-80.0,118.8792,118.8792,80.0,-39.67766999999999,-72.0,23.80659,23.806600000000003,0.0,-7.93553,8.0
357,event_000357.csv,0.0,39.98524,-76.0,-39.98524,-16.0,0.0,39.52387,28.0,-39.52387,-88.0,118.8792,79.20150000000001,-52.0,-39.67766999999999,-64.0,23.80659,23.806600000000003,0.0,-15.871058999999999,-40.0
358,event_000358.csv,0.0,39.98524,-64.0,0.0,-100.0,0.0,39.52387,-48.0,-39.52387,-68.0,118.8792,79.20150000000001,200.0,-39.67766999999999,36.0,23.80659,23.806600000000003,0.0,-7.93553,-48.0
359,event_000359.csv,0.0,39.98524,-80.0,-39.98524,92.0,0.0,39.52387,-64.0,-39.52387,-100.0,118.8792,79.20150000000001,-96.0,-39.67766999999999,-20.0,23.80659,23.806600000000003,0.0,-15.871058999999999,-36.0
360,event_000360.csv,0.0,39.98524,-84.0,0.0,-100.0,0.0,39.52387,-68.0,-39.52387,-48.0,118.8792,118.8792,20.0,-39.67766999999999,0.0,19.838825,27.774365000000003,0.0,-11.903293999999999,-36.0
361,event_000361.csv,0.0,39.98524,-84.0,-39.98524,-72.0,0.0,39.52387,-100.0,-39.52387,-56.0,118.8792,118.8792,12.0,-79.35533,-12.0,23.80659,23.806600000000003,0.0,-15.871058999999999,-32.0
362,event_000362.csv,0.0,39.98524,-100.0,0.0,-96.0,0.0,79.20153,52.0,0.0,-100.0,118.8792,79.20150000000001,-84.0,-39.67766999999999,-32.0,15.87106,31.742130000000003,0.0,-15.87106,-24.0
363,event_000363.csv,0.0,39.98524,-100.0,0.0,-96.0,0.0,39.52387,-76.0,-39.52387,-80.0,118.8792,79.20150000000001,-52.0,-39.67766999999999,-56.0,23.80659,23.806600000000003,0.0,-23.80659,-28.0
364,event_000364.csv,0.0,39.98524,-72.0,-39.98524,188.0,0.0,39.52387,-88.0,-39.52387,-28.0,118.8792,79.20150000000001,20.0,-79.35533,120.0,23.80659,23.806600000000003,0.0,-15.871058999999999,-36.0
365,event_000365.csv,0.0,39.98524,-96.0,0.0,-100.0,0.0,39.52387,-88.0,-39.52387,-84.0,158.5568,39.5239,-40.0,-79.35527,-68.0,15.87106,31.742130000000003,0.0,-15.87106,20.0
366,event_000366.csv,0.0,39.98524,-84.0,0.0,-100.0,0.0,39.52387,-36.0,-39.52387,-40.0,158.5568,39.5239,140.0,-79.35527,-92.0,31.74213,15.871060000000003,0.0,-15.87107,-52.0
367,event_000367.csv,0.0,39.98524,-64.0,0.0,-100.0,0.0,39.52387,0.0,-39.52387,-28.0,158.5568,277.4361,120.0,-119.03293000000001,-8.0,23.80659,31.742130000000003,0.0,-31.742121,20.0
368,event_000368.csv,0.0,39.98524,-96.0,0.0,-100.0,0.0,39.52387,-56.0,-39.52387,-44.0,118.8792,79.20150000000001,-96.0,-39.67766999999999,-68.0,23.80659,23.806600000000003,0.0,-15.871058999999999,-36.0
369,event_000369.csv,0.0,39.98524,-100.0,-39.98524,-96.0,0.0,39.52387,-100.0,-39.52387,36.0,118.8792,673.9050000000001,16.0,-39.67766999999999,-44.0,23.80659,23.806600000000003,0.0,-7.93553,-92.0
370,event_000370.csv,0.0,39.98524,-96.0,-39.98524,28.0,0.0,0.0,-100.0,-39.52387,12.0,118.8792,79.20150000000001,-76.0,-39.67766999999999,-100.0,23.80659,23.806600000000003,0.0,-7.93553,-68.0
371,event_000371.csv,0.0,2359.898,8.0,-39.98524,-52.0,0.0,2221.18,12.0,-39.52387,-56.0,118.8792,4881.1208,0.0,-79.35533,-64.0,0.0,142.9011,12.0,-39.67766,-8.0
372,event_000372.csv,0.0,39.98524,-88.0,-39.98524,44.0,0.0,39.52387,-88.0,-39.52387,-8.0,118.8792,79.20150000000001,-88.0,-79.35533,-100.0,23.80659,23.806600000000003,0.0,-15.871058999999999,-84.0
373,event_000373.csv,0.0,39.98524,-96.0,-39.98524,4.0,0.0,39.52387,-100.0,-39.52387,108.0,118.8792,79.20150000000001,-88.0,-39.67766999999999,-92.0,23.80659,23.806600000000003,0.0,-15.871058999999999,-36.0
374,event_000374.csv,0.0,39.98524,-88.0,0.0,-100.0,0.0,39.52387,-68.0,-39.52387,-72.0,118.8792,79.20150000000001,60.0,-118.8792,0.0,23.80659,23.806600000000003,0.0,-7.93553,-80.0
375,event_000375.csv,0.0,39.98524,-92.0,0.0,-100.0,0.0,39.52387,-100.0,-39.52387,0.0,118.8792,79.20150000000001,-48.0,-79.35533,32.0,23.80659,23.806600000000003,0.0,-23.80659,-40.0
376,event_000376.csv,0.0,39.98524,-80.0,-39.98524,108.0,0.0,79.20153,-56.0,-39.52387,84.0,158.5568,39.5239,8.0,-79.35527,52.0,15.87106,31.742130000000003,0.0,-7.935529,-40.0
377,event_000377.csv,0.0,39.98524,-100.0,0.0,-88.0,0.0,39.52387,-4.0,-39.52387,-48.0,158.5568,39.5239,-72.0,-79.35527,-20.0,23.80659,23.806600000000003,0.0,-7.93553,-40.0
378,event_000378.csv,0.0,39.98524,-96.0,0.0,-100.0,0.0,39.52387,32.0,-39.52387,-20.0,118.8792,79.20150000000001,8.0,-39.67766999999999,-72.0,23.80659,23.806600000000003,0.0,-15.871058999999999,-40.0
379,event_000379.csv,0.0,39.98524,-84.0,-39.98524,-100.0,0.0,39.52387,-80.0,0.0,-100.0,118.8792,158.55679999999998,20.0,-118.8792,-4.0,15.87106,31.742130000000003,0.0,-15.87106,-24.0
380,event_000380.csv,0.0,39.98524,-72.0,-39.98524,-44.0,0.0,39.52387,-80.0,-39.52387,-56.0,158.5568,39.5239,-32.0,-119.03293000000001,0.0,23.80659,23.806600000000003,0.0,-15.871058999999999,-20.0
381,event_000381.csv,0.0,39.98524,-92.0,0.0,-100.0,0.0,79.20153,72.0,-39.52387,-60.0,118.8792,118.8792,60.0,-39.67766999999999,-100.0,31.74213,15.871060000000003,0.0,-15.87107,20.0
382,event_000382.csv,0.0,39.98524,-88.0,-39.98524,196.0,0.0,39.52387,-64.0,-39.52387,-12.0,118.8792,118.8792,8.0,-79.35533,36.0,23.80659,23.806600000000003,0.0,-7.93553,16.0
383,event_000383.csv,0.0,39.98524,-88.0,-39.98524,28.0,0.0,39.52387,-56.0,-39.52387,-96.0,118.8792,79.20150000000001,-48.0,-39.67766999999999,28.0,23.80659,23.806600000000003,0.0,-15.871058999999999,-36.0
384,event_000384.csv,0.0,39.98524,-84.0,0.0,-100.0,0.0,39.52387,-72.0,-39.52387,-60.0,118.8792,79.20150000000001,8.0,-39.67766999999999,-20.0,15.87106,31.742130000000003,0.0,-7.935529,-40.0
385,event_000385.csv,0.0,39.98524,-80.0,-39.98524,-84.0,0.0,39.52387,-72.0,-39.52387,-84.0,118.8792,79.20150000000001,-60.0,-79.35533,108.0,23.80659,23.806600000000003,0.0,-15.871058999999999,-40.0
386,event_000386.csv,0.0,39.98524,-88.0,-39.98524,-12.0,0.0,39.52387,-32.0,-39.52387,-100.0,118.8792,118.8792,-52.0,-118.8792,36.0,23.80659,23.806600000000003,0.0,-7.93553,-36.0
387,event_000387.csv,0.0,39.98524,-76.0,-39.98524,-100.0,0.0,39.52387,-36.0,-39.52387,0.0,118.8792,118.8792,12.0,-79.35533,32.0,23.80659,23.806600000000003,0.0,-15.871058999999999,24.0
388,event_000388.csv,0.0,39.98524,-76.0,-39.98524,-40.0,0.0,39.52387,-52.0,-39.52387,-48.0,158.5568,39.5239,20.0,-119.03293000000001,128.0,23.80659,23.806600000000003,0.0,-15.871058999999999,24.0
389,event_000389.csv,0.0,39.98524,-100.0,-39.98524,4.0,0.0,39.52387,-96.0,-39.52387,-100.0,158.5568,39.5239,152.0,-79.35527,-12.0,23.80659,23.806600000000003,0.0,-15.871058999999999,20.0
390,event_000390.csv,0.0,39.98524,-100.0,0.0,-96.0,0.0,39.52387,-96.0,-39.52387,-52.0,118.8792,118.8792,-40.0,-79.35533,-60.0,23.80659,23.806600000000003,0.0,-23.80659,-36.0
391,event_000391.csv,0.0,39.98524,-72.0,-39.98524,-44.0,0.0,39.52387,-16.0,-39.52387,36.0,118.8792,79.20150000000001,12.0,-39.67766999999999,-60.0,23.80659,23.806600000000003,0.0,-7.93553,-48.0
392,event_000392.csv,0.0,39.98524,-80.0,0.0,-100.0,0.0,39.52387,-80.0,-39.52387,-92.0,118.8792,79.20150000000001,-64.0,-39.67766999999999,-100.0,27.77436,19.83883,0.0,-11.903300000000002,8.0
393,event_000393.csv,0.0,39.98524,-100.0,-39.98524,160.0,0.0,39.52387,-52.0,-39.52387,-96.0,158.5568,39.5239,-44.0,-79.35527,-68.0,23.80659,23.806600000000003,0.0,-15.871058999999999,-24.0
394,event_000394.csv,0.0,39.98524,-96.0,-39.98524,-40.0,0.0,39.52387,4.0,-39.52387,-96.0,138.71800000000002,99.04039999999998,-52.0,-99.19413000000002,-28.0,31.74213,15.871060000000003,0.0,-7.93554,-96.0
395,event_000395.csv,0.0,39.98524,-96.0,0.0,-100.0,0.0,39.52387,-80.0,-39.52387,-68.0,118.8792,118.8792,88.0,-79.35533,112.0,23.80659,23.806600000000003,0.0,-7.93553,-52.0
396,event_000396.csv,0.0,39.98524,-92.0,-39.98524,52.0,0.0,39.52387,-28.0,-39.52387,-96.0,118.8792,79.20150000000001,-28.0,-39.67766999999999,0.0,23.80659,23.806600000000003,0.0,-7.93553,-96.0
397,event_000397.csv,0.0,39.98524,-92.0,-39.98524,-4.0,0.0,39.52387,-24.0,-39.52387,-92.0,118.8792,79.20150000000001,-48.0,-79.35533,164.0,23.80659,23.806600000000003,0.0,-7.93553,-44.0
398,event_000398.csv,0.0,39.98524,-100.0,0.0,-96.0,0.0,39.52387,-52.0,-39.52387,-60.0,118.8792,79.20150000000001,-68.0,-39.67766999999999,-88.0,23.80659,23.806600000000003,0.0,-23.80659,-40.0
399,event_000399.csv,0.0,39.98524,-96.0,-39.98524,140.0,0.0,39.52387,56.0,-39.52387,-36.0,118.8792,79.20150000000001,96.0,-39.67766999999999,-68.0,23.80659,23.806600000000003,0.0,-7.93553,-20.0
400,event_000400.csv,0.0,39.98524,-72.0,-39.98524,-64.0,0.0,39.52387,-76.0,-39.52387,176.0,118.8792,79.20150000000001,148.0,-39.67766999999999,-92.0,15.87106,31.742130000000003,0.0,-7.935529,-52.0
401,event_000401.csv,0.0,39.98524,-96.0,-39.98524,-92.0,0.0,39.52387,-92.0,-39.52387,32.0,118.8792,79.20150000000001,16.0,-39.67766999999999,32.0,23.80659,23.806600000000003,0.0,-15.871058999999999,16.0
402,event_000402.csv,0.0,39.98524,-88.0,-39.98524,-64.0,0.0,39.52387,-48.0,-39.52387,-100.0,118.8792,79.20150000000001,-84.0,-39.67766999999999,112.0,23.80659,23.806600000000003,0.0,-15.871058999999999,-48.0
403,event_000403.csv,0.0,39.98524,-72.0,-39.98524,100.0,0.0,39.52387,-88.0,-39.52387,68.0,138.71800000000002,59.36269999999999,8.0,-59.51647000000001,-44.0,15.87106,31.742130000000003,0.0,-15.87106,20.0
404,event_000404.csv,0.0,39.98524,-88.0,-39.98524,108.0,0.0,39.52387,-64.0,-39.52387,4.0,118.8792,158.55679999999998,16.0,-118.8792,36.0,23.80659,23.806600000000003,0.0,-15.871058999999999,20.0
405,event_000405.csv,0.0,39.98524,-80.0,0.0,-100.0,0.0,39.52387,-16.0,-39.52387,44.0,118.8792,79.20150000000001,16.0,-39.67766999999999,-96.0,23.80659,23.806600000000003,0.0,-15.871058999999999,-100.0
406,event_000406.csv,0.0,39.98524,-92.0,-39.98524,128.0,0.0,39.52387,-100.0,-39.52387,-96.0,158.5568,39.5239,12.0,-158.5568,40.0,31.74213,15.871060000000003,0.0,-15.87107,-8.0
407,event_000407.csv,0.0,39.98524,-92.0,0.0,-100.0,0.0,39.52387,-8.0,-39.52387,-60.0,118.8792,79.20150000000001,-96.0,-79.35533,124.0,23.80659,23.806600000000003,0.0,-7.93553,-92.0
408,event_000408.csv,0.0,39.98524,-72.0,-39.98524,12.0,0.0,39.52387,-88.0,-39.52387,-20.0,118.8792,79.20150000000001,-28.0,-79.35533,-4.0,15.87106,31.742130000000003,0.0,-7.935529,-52.0
409,event_000409.csv,0.0,39.98524,-84.0,-39.98524,24.0,0.0,79.20153,196.0,-39.52387,0.0,118.8792,79.20150000000001,-40.0,-39.67766999999999,24.0,23.80659,23.806600000000003,0.0,-7.93553,-48.0
410,event_000410.csv,0.0,39.98524,-88.0,0.0,-100.0,0.0,39.52387,-56.0,-39.52387,-12.0,118.8792,317.1137,-8.0,-39.67766999999999,-72.0,23.80659,23.806600000000003,0.0,-7.93553,-84.0
411,event_000411.csv,0.0,39.98524,-100.0,-39.98524,68.0,0.0,39.52387,0.0,-39.52387,28.0,158.5568,39.5239,8.0,-119.03293000000001,36.0,27.77436,19.83883,0.0,-19.838829,28.0
412,event_000412.csv,0.0,39.98524,-88.0,0.0,-100.0,0.0,39.52387,-88.0,-39.52387,-92.0,118.8792,118.8792,20.0,-39.67766999999999,-88.0,23.80659,31.742130000000003,0.0,-7.93553,-40.0
413,event_000413.csv,0.0,39.98524,-72.0,-39.98524,84.0,0.0,39.52387,-64.0,-39.52387,-12.0,118.8792,79.20150000000001,8.0,-39.67766999999999,-76.0,23.80659,23.806600000000003,0.0,-15.871058999999999,76.0
414,event_000414.csv,0.0,39.98524,-96.0,-39.98524,116.0,0.0,79.20153,-88.0,-39.52387,44.0,118.8792,79.20150000000001,16.0,-39.67766999999999,-100.0,23.80659,23.806600000000003,0.0,-15.871058999999999,-48.0
415,event_000415.csv,0.0,39.98524,-80.0,0.0,-100.0,0.0,39.52387,-72.0,-39.52387,-92.0,118.8792,79.20150000000001,-28.0,-39.67766999999999,-72.0,31.74213,15.871060000000003,0.0,-15.87107,-48.0
416,event_000416.csv,0.0,39.98524,-96.0,0.0,-100.0,0.0,39.52387,-96.0,-39.52387,-36.0,118.8792,79.20150000000001,24.0,-39.67766999999999,-92.0,27.77436,19.83883,0.0,-11.903300000000002,-36.0
417,event_000417.csv,0.0,39.98524,-76.0,0.0,-100.0,0.0,39.52387,-60.0,-39.52387,56.0,158.5568,79.20159999999998,-28.0,-79.35527,-84.0,23.80659,23.806600000000003,0.0,-15.871058999999999,-48.0
418,event_000418.csv,0.0,39.98524,-96.0,-39.98524,12.0,0.0,39.52387,-72.0,-39.52387,-52.0,118.8792,39.67760000000001,-56.0,-39.67766999999999,-100.0,23.80659,23.806600000000003,0.0,-7.93553,-52.0
419,event_000419.csv,0.0,1439.93,4.0,0.0,-100.0,0.0,2260.858,8.0,-39.52387,-68.0,118.8792,4881.1208,-4.0,0.0,-96.0,-23.80659,119.06373,8.0,-23.806600000000003,-12.0
420,event_000420.csv,0.0,39.98524,-100.0,-39.98524,4.0,0.0,39.52387,-48.0,-39.52387,-52.0,158.5568,39.5239,8.0,-79.35527,-100.0,23.80659,23.806600000000003,0.0,-15.871058999999999,20.0
421,event_000421.csv,0.0,39.98524,-76.0,0.0,-100.0,0.0,39.52387,-88.0,-39.52387,-52.0,118.8792,79.20150000000001,180.0,-39.67766999999999,-88.0,23.80659,23.806600000000003,0.0,-15.871058999999999,-52.0
422,event_000422.csv,0.0,39.98524,-72.0,0.0,-100.0,0.0,39.52387,-96.0,-39.52387,-92.0,118.8792,79.20150000000001,-16.0,-39.67766999999999,28.0,31.74213,15.871060000000003,0.0,-15.87107,-20.0
423,event_000423.csv,0.0,39.98524,-84.0,-39.98524,-8.0,0.0,79.20153,36.0,-39.52387,-96.0,118.8792,277.43600000000004,-20.0,-39.67766999999999,128.0,23.80659,23.806600000000003,0.0,-15.871058999999999,-40.0
424,event_000424.csv,0.0,39.98524,-100.0,0.0,-92.0,0.0,39.52387,-56.0,-39.52387,-52.0,118.8792,79.20150000000001,72.0,-39.67766999999999,-100.0,27.77436,19.83883,0.0,-11.903300000000002,20.0
425,event_000425.csv,0.0,39.98524,-80.0,0.0,-100.0,0.0,39.52387,-96.0,-39.52387,84.0,158.5568,39.5239,12.0,-79.35527,-68.0,23.80659,23.806600000000003,0.0,-15.871058999999999,-36.0
426,event_000426.csv,0.0,39.98524,-64.0,-39.98524,20.0,0.0,39.52387,-72.0,-39.52387,-76.0,158.5568,277.4361,4.0,-79.35527,120.0,15.87106,31.742130000000003,0.0,-15.87106,-28.0
427,event_000427.csv,0.0,39.98524,-88.0,-39.98524,-48.0,0.0,39.52387,-36.0,-39.52387,-96.0,118.8792,79.20150000000001,-92.0,-39.67766999999999,-48.0,23.80659,23.806600000000003,0.0,-15.871058999999999,-64.0
428,event_000428.csv,0.0,39.98524,-100.0,-39.98524,56.0,0.0,39.52387,-100.0,-39.52387,-96.0,118.8792,79.20150000000001,-60.0,-79.35533,92.0,31.74213,15.871060000000003,0.0,-15.87107,16.0
429,event_000429.csv,0.0,39.98524,-100.0,0.0,-96.0,0.0,39.52387,-96.0,-39.52387,-100.0,158.5568,39.5239,-88.0,-79.35527,-16.0,23.80659,23.806600000000003,0.0,-7.93553,-40.0
430,event_000430.csv,0.0,39.98524,-72.0,0.0,-100.0,0.0,39.52387,-100.0,-39.52387,112.0,158.5568,39.5239,4.0,-79.35527,-80.0,23.80659,23.806600000000003,0.0,-15.871058999999999,-40.0
431,event_000431.csv,0.0,39.98524,-32.0,0.0,-100.0,0.0,39.52387,-96.0,-39.52387,-28.0,158.5568,39.5239,16.0,-119.03293000000001,132.0,31.74213,15.871060000000003,0.0,-15.87107,24.0
432,event_000432.csv,0.0,39.98524,-96.0,-39.98524,-100.0,0.0,39.52387,-80.0,-39.52387,-52.0,118.8792,118.8792,60.0,-79.35533,40.0,27.77436,19.83883,0.0,-11.903300000000002,-52.0
433,event_000433.csv,0.0,39.98524,-48.0,-39.98524,84.0,0.0,39.52387,-100.0,-39.52387,-60.0,118.8792,79.20150000000001,-80.0,-79.35533,172.0,15.87106,31.742130000000003,0.0,-15.87106,20.0
434,event_000434.csv,0.0,39.98524,-100.0,-39.98524,44.0,0.0,39.52387,-56.0,-39.52387,-84.0,118.8792,79.20150000000001,-48.0,-39.67766999999999,-68.0,23.80659,23.806600000000003,0.0,-15.871058999999999,-36.0
435,event_000435.csv,0.0,39.98524,-96.0,0.0,-100.0,0.0,39.52387,-80.0,-39.52387,-44.0,118.8792,118.8792,-80.0,-39.67766999999999,-4.0,23.80659,23.806600000000003,0.0,-15.871058999999999,-40.0
436,event_000436.csv,0.0,39.98524,-48.0,0.0,-100.0,0.0,39.52387,-88.0,-39.52387,156.0,118.8792,79.20150000000001,4.0,-39.67766999999999,-100.0,31.74213,15.871060000000003,0.0,-15.87107,-20.0
437,event_000437.csv,0.0,39.98524,-92.0,-39.98524,108.0,0.0,39.52387,-88.0,-39.52387,-68.0,158.5568,39.5239,20.0,-79.35527,-52.0,23.80659,23.806600000000003,0.0,-15.871058999999999,20.0
438,event_000438.csv,0.0,39.98524,-80.0,0.0,-100.0,0.0,39.52387,-72.0,-39.52387,44.0,118.8792,79.20150000000001,-80.0,-39.67766999999999,-52.0,23.80659,23.806600000000003,0.0,-7.93553,-64.0
439,event_000439.csv,0.0,39.98524,-88.0,0.0,-100.0,0.0,39.52387,48.0,-39.52387,-52.0,158.5568,39.5239,-40.0,-79.35527,0.0,23.80659,23.806600000000003,0.0,-7.93553,-72.0
440,event_000440.csv,0.0,39.98524,-84.0,-39.98524,-76.0,0.0,39.52387,-68.0,-39.52387,108.0,118.8792,79.20150000000001,-52.0,-39.67766999999999,-96.0,23.80659,23.806600000000003,0.0,-15.871058999999999,68.0
441,event_000441.csv,0.0,39.98524,-88.0,-39.98524,-4.0,0.0,39.52387,-96.0,-39.52387,-20.0,118.8792,79.20150000000001,96.0,-39.67766999999999,-36.0,23.80659,23.806600000000003,0.0,-7.93553,-52.0
442,event_000442.csv,0.0,39.98524,-96.0,-39.98524,88.0,0.0,39.52387,-96.0,-39.52387,-28.0,158.5568,39.5239,-28.0,-79.35527,-100.0,15.87106,31.742130000000003,0.0,-7.935529,-52.0
443,event_000443.csv,0.0,39.98524,-76.0,-39.98524,12.0,0.0,39.52387,-24.0,-39.52387,-84.0,158.5568,79.20159999999998,144.0,-79.35527,28.0,23.80659,23.806600000000003,0.0,-15.871058999999999,-20.0
444,event_000444.csv,0.0,39.98524,-88.0,0.0,-100.0,0.0,39.52387,-84.0,-39.52387,-80.0,118.8792,79.20150000000001,-76.0,-79.35533,0.0,23.80659,23.806600000000003,0.0,-15.871058999999999,20.0
445,event_000445.csv,0.0,39.98524,-100.0,-39.98524,24.0,0.0,39.52387,-20.0,-39.52387,-88.0,118.8792,118.8792,-52.0,-79.35533,120.0,23.80659,23.806600000000003,0.0,-15.871058999999999,-40.0
446,event_000446.csv,0.0,39.98524,-96.0,0.0,-100.0,0.0,39.52387,-40.0,-39.52387,-92.0,158.5568,79.20159999999998,-28.0,-79.35527,-56.0,23.80659,23.806600000000003,0.0,-15.871058999999999,20.0
447,event_000447.csv,0.0,39.98524,-80.0,-39.98524,188.0,0.0,39.52387,104.0,-39.52387,-68.0,118.8792,79.20150000000001,-80.0,-39.67766999999999,-8.0,23.80659,23.806600000000003,0.0,-15.871058999999999,-36.0
448,event_000448.csv,0.0,39.98524,-52.0,0.0,-100.0,0.0,39.52387,-64.0,-39.52387,12.0,118.8792,79.20150000000001,8.0,-39.67766999999999,-48.0,31.74213,15.871060000000003,0.0,-15.87107,-64.0
449,event_000449.csv,0.0,39.98524,-88.0,-39.98524,-32.0,0.0,39.52387,-92.0,-39.52387,-24.0,138.71800000000002,59.36269999999999,-28.0,-59.51647000000001,0.0,23.80659,23.806600000000003,0.0,-15.871058999999999,20.0
450,event_000450.csv,0.0,39.98524,-100.0,-39.98524,-28.0,0.0,39.52387,-88.0,-39.52387,-68.0,118.8792,79.20150000000001,8.0,-39.67766999999999,-44.0,23.80659,23.806600000000003,0.0,-15.871058999999999,-36.0
451,event_000451.csv,0.0,39.98524,-96.0,0.0,-100.0,0.0,39.52387,-76.0,-39.52387,-88.0,158.5568,39.5239,-52.0,-79.35527,0.0,15.87106,31.742130000000003,0.0,0.0,-64.0
452,event_000452.csv,0.0,39.98524,-92.0,0.0,-100.0,0.0,39.52387,-80.0,-39.52387,-100.0,158.5568,118.87919999999997,16.0,-119.03293000000001,-12.0,15.87106,31.742130000000003,0.0,-15.87106,-36.0
453,event_000453.csv,0.0,39.98524,-96.0,0.0,-100.0,0.0,39.52387,-72.0,-39.52387,-12.0,158.5568,39.5239,-96.0,-79.35527,44.0,23.80659,23.806600000000003,0.0,-15.871058999999999,-36.0
454,event_000454.csv,0.0,39.98524,-96.0,-39.98524,100.0,0.0,39.52387,-12.0,-39.52387,-64.0,118.8792,79.20150000000001,-40.0,-79.35533,-12.0,23.80659,23.806600000000003,0.0,-7.93553,-64.0
455,event_000455.csv,0.0,39.98524,-96.0,0.0,-100.0,0.0,39.52387,56.0,-39.52387,-52.0,118.8792,39.67760000000001,-100.0,-39.67766999999999,-84.0,23.80659,23.806600000000003,0.0,-15.871058999999999,-28.0
456,event_000456.csv,0.0,39.98524,-96.0,0.0,-100.0,0.0,39.52387,20.0,-39.52387,-96.0,118.8792,79.20150000000001,-20.0,-39.67766999999999,-88.0,23.80659,23.806600000000003,0.0,-15.871058999999999,-8.0
457,event_000457.csv,0.0,39.98524,-100.0,-39.98524,-48.0,0.0,39.52387,-68.0,-39.52387,16.0,118.8792,79.20150000000001,92.0,-39.67766999999999,40.0,23.80659,23.806600000000003,0.0,-15.871058999999999,-40.0
458,event_000458.csv,0.0,39.98524,-88.0,0.0,-100.0,0.0,39.52387,-96.0,-39.52387,100.0,118.8792,79.20150000000001,8.0,-39.67766999999999,-44.0,23.80659,23.806600000000003,0.0,-15.871058999999999,-36.0
459,event_000459.csv,0.0,39.98524,-68.0,-39.98524,-76.0,0.0,39.52387,-80.0,-39.52387,-56.0,118.8792,79.20150000000001,140.0,-39.67766999999999,-60.0,23.80659,23.806600000000003,0.0,-7.93553,-52.0
460,event_000460.csv,0.0,39.98524,-100.0,0.0,-96.0,0.0,39.52387,16.0,-39.52387,-84.0,118.8792,118.8792,152.0,-39.67766999999999,0.0,23.80659,23.806600000000003,0.0,-15.871058999999999,20.0
461,event_000461.csv,0.0,39.98524,-88.0,-39.98524,20.0,0.0,39.52387,-52.0,-39.52387,-100.0,118.8792,118.8792,60.0,-79.35533,36.0,23.80659,23.806600000000003,0.0,-7.93553,16.0
462,event_000462.csv,0.0,39.98524,-80.0,-39.98524,180.0,0.0,39.52387,-88.0,-39.52387,-100.0,138.71800000000002,59.36269999999999,-52.0,-59.51647000000001,-88.0,23.80659,23.806600000000003,0.0,-7.93553,16.0
463,event_000463.csv,0.0,39.98524,-100.0,0.0,-96.0,0.0,39.52387,-100.0,-39.52387,-20.0,118.8792,79.20150000000001,12.0,-79.35533,-8.0,15.87106,31.742130000000003,0.0,-15.87106,-40.0
464,event_000464.csv,0.0,39.98524,-96.0,-39.98524,60.0,0.0,39.52387,-88.0,-39.52387,-44.0,118.8792,118.8792,196.0,-79.35533,168.0,23.80659,23.806600000000003,0.0,-15.871058999999999,-52.0
465,event_000465.csv,0.0,39.98524,-88.0,-39.98524,-16.0,0.0,39.52387,-96.0,-39.52387,-76.0,118.8792,79.20150000000001,-40.0,-39.67766999999999,-12.0,27.77436,19.83883,0.0,-11.903300000000002,-40.0
466,event_000466.csv,0.0,39.98524,-96.0,-39.98524,4.0,0.0,39.52387,-96.0,-39.52387,-68.0,118.8792,118.8792,-80.0,-79.35533,-96.0,23.80659,23.806600000000003,0.0,-15.871058999999999,64.0
467,event_000467.csv,0.0,39.98524,-84.0,-39.98524,168.0,0.0,39.52387,-76.0,-39.52387,-56.0,118.8792,118.8792,56.0,-79.35533,76.0,23.80659,23.806600000000003,0.0,-23.80659,-40.0
468,event_000468.csv,0.0,39.98524,-100.0,0.0,-96.0,0.0,39.52387,32.0,-39.52387,-60.0,118.8792,79.20150000000001,-40.0,-39.67766999999999,36.0,23.80659,23.806600000000003,0.0,-7.93553,-92.0
469,event_000469.csv,0.0,39.98524,-92.0,-39.98524,-56.0,0.0,39.52387,-88.0,-39.52387,-44.0,118.8792,79.20150000000001,-96.0,-39.67766999999999,-56.0,23.80659,23.806600000000003,0.0,-15.871058999999999,20.0
470,event_000470.csv,0.0,39.98524,-100.0,-39.98524,-12.0,0.0,39.52387,-72.0,-39.52387,-84.0,118.8792,79.20150000000001,-40.0,-39.67766999999999,-76.0,23.80659,23.806600000000003,0.0,-15.871058999999999,-28.0
471,event_000471.csv,0.0,39.98524,-80.0,0.0,-100.0,0.0,39.52387,80.0,-39.52387,-44.0,118.8792,79.20150000000001,-56.0,-39.67766999999999,-100.0,23.80659,23.806600000000003,0.0,-15.871058999999999,-40.0
472,event_000472.csv,0.0,39.98524,-92.0,-39.98524,40.0,0.0,39.52387,-4.0,-39.52387,-64.0,158.5568,39.5239,20.0,-79.35527,-80.0,23.80659,23.806600000000003,0.0,-15.871058999999999,-36.0
473,event_000473.csv,0.0,39.98524,-80.0,-39.98524,-20.0,0.0,39.52387,24.0,-39.52387,-60.0,118.8792,158.55679999999998,16.0,-79.35533,44.0,23.80659,23.806600000000003,0.0,-23.80659,28.0
474,event_000474.csv,0.0,39.98524,-88.0,-39.98524,-44.0,0.0,39.52387,-80.0,-39.52387,-52.0,118.8792,118.8792,12.0,-79.35533,36.0,27.77436,19.83883,0.0,-11.903300000000002,20.0
475,event_000475.csv,0.0,39.98524,-92.0,-39.98524,188.0,0.0,39.52387,-84.0,-39.52387,-76.0,158.5568,39.5239,4.0,-79.35527,-8.0,23.80659,23.806600000000003,0.0,-15.871058999999999,-40.0
476,event_000476.csv,0.0,39.98524,-64.0,0.0,-100.0,0.0,39.52387,-88.0,-39.52387,-12.0,138.71800000000002,99.04039999999998,20.0,-59.51647000000001,-100.0,23.80659,23.806600000000003,0.0,-23.80659,20.0
477,event_000477.csv,0.0,39.98524,-80.0,-39.98524,8.0,0.0,39.52387,-4.0,-39.52387,-96.0,118.8792,118.8792,12.0,-39.67766999999999,-88.0,23.80659,23.806600000000003,0.0,-23.80659,-40.0
478,event_000478.csv,0.0,39.98524,-84.0,0.0,-100.0,0.0,39.52387,-96.0,-39.52387,76.0,118.8792,79.20150000000001,-28.0,-39.67766999999999,-4.0,23.80659,23.806600000000003,0.0,-7.93553,-64.0
479,event_000479.csv,0.0,39.98524,-100.0,0.0,-96.0,0.0,79.20153,192.0,-39.52387,-92.0,118.8792,118.8792,32.0,-118.8792,116.0,23.80659,23.806600000000003,0.0,-15.871058999999999,-60.0
480,event_000480.csv,0.0,39.98524,-56.0,-39.98524,-44.0,0.0,39.52387,-88.0,-39.52387,-84.0,118.8792,79.20150000000001,-40.0,-39.67766999999999,32.0,23.80659,23.806600000000003,0.0,-7.93553,-8.0
481,event_000481.csv,0.0,39.98524,-76.0,0.0,-100.0,0.0,39.52387,-72.0,-39.52387,-52.0,118.8792,118.8792,8.0,-79.35533,-100.0,23.80659,31.742130000000003,0.0,-15.871058999999999,16.0
482,event_000482.csv,0.0,39.98524,-100.0,0.0,-88.0,0.0,39.52387,-96.0,-39.52387,-68.0,158.5568,39.5239,-48.0,-79.35527,-68.0,31.74213,15.871060000000003,0.0,-15.87107,-40.0
483,event_000483.csv,0.0,39.98524,-76.0,-39.98524,172.0,0.0,39.52387,-56.0,-39.52387,-84.0,118.8792,79.20150000000001,-68.0,-39.67766999999999,-8.0,31.74213,15.871060000000003,0.0,-23.806599,20.0
484,event_000484.csv,0.0,39.98524,-80.0,0.0,-100.0,0.0,39.52387,-20.0,-39.52387,176.0,118.8792,79.20150000000001,-36.0,-79.35533,24.0,23.80659,23.806600000000003,0.0,-15.871058999999999,-20.0
485,event_000485.csv,0.0,39.98524,-92.0,0.0,-100.0,0.0,39.52387,-40.0,-39.52387,-92.0,118.8792,118.8792,16.0,-79.35533,40.0,23.80659,23.806600000000003,0.0,-15.871058999999999,20.0
486,event_000486.csv,0.0,39.98524,-48.0,0.0,-100.0,0.0,39.52387,-88.0,-39.52387,-44.0,118.8792,158.55679999999998,-28.0,-79.35533,-56.0,23.80659,23.806600000000003,0.0,-15.871058999999999,-28.0
487,event_000487.csv,0.0,39.98524,-76.0,-39.98524,-100.0,0.0,39.52387,-52.0,-39.52387,16.0,118.8792,79.20150000000001,-40.0,-39.67766999999999,32.0,23.80659,23.806600000000003,0.0,-15.871058999999999,-40.0
488,event_000488.csv,0.0,39.98524,-100.0,-39.98524,180.0,0.0,39.52387,-16.0,-39.52387,-68.0,138.71800000000002,99.04039999999998,140.0,-59.51647000000001,-92.0,27.77436,19.83883,0.0,-11.903300000000002,8.0
489,event_000489.csv,0.0,39.98524,-84.0,-39.98524,-36.0,0.0,39.52387,-88.0,-39.52387,-92.0,118.8792,118.8792,152.0,-79.35533,76.0,23.80659,23.806600000000003,0.0,-15.871058999999999,-36.0
490,event_000490.csv,0.0,39.98524,-60.0,0.0,-100.0,0.0,39.52387,-100.0,-39.52387,-96.0,158.5568,39.5239,-68.0,-79.35527,-60.0,23.80659,23.806600000000003,0.0,-15.871058999999999,20.0
491,event_000491.csv,0.0,39.98524,-88.0,0.0,-100.0,0.0,39.52387,-56.0,-39.52387,-68.0,118.8792,118.8792,8.0,-79.35533,-8.0,15.87106,31.742130000000003,0.0,-23.806591,20.0
492,event_000492.csv,0.0,39.98524,-88.0,0.0,-100.0,0.0,39.52387,-48.0,-39.52387,92.0,158.5568,79.20159999999998,-44.0,-79.35527,168.0,23.80659,31.742130000000003,0.0,-15.871058999999999,20.0
493,event_000493.csv,0.0,39.98524,-96.0,-39.98524,12.0,0.0,39.52387,-64.0,-39.52387,-96.0,158.5568,39.5239,-92.0,-79.35527,-68.0,23.80659,23.806600000000003,0.0,-7.93553,-52.0
494,event_000494.csv,0.0,39.98524,-92.0,-39.98524,-36.0,0.0,39.52387,-24.0,-39.52387,-68.0,118.8792,118.8792,64.0,-79.35533,40.0,23.80659,23.806600000000003,0.0,-7.93553,16.0
495,event_000495.csv,0.0,39.98524,-80.0,0.0,-100.0,0.0,39.52387,-72.0,-39.52387,-60.0,158.5568,39.5239,8.0,-79.35527,-96.0,23.80659,23.806600000000003,0.0,-15.871058999999999,20.0
496,event_000496.csv,0.0,39.98524,-84.0,0.0,-100.0,0.0,39.52387,-64.0,-39.52387,-28.0,158.5568,39.5239,-88.0,-39.67760000000001,-96.0,23.80659,23.806600000000003,0.0,-15.871058999999999,-36.0
497,event_000497.csv,0.0,39.98524,-92.0,0.0,-100.0,0.0,39.52387,-96.0,-39.52387,-68.0,118.8792,79.20150000000001,-96.0,-39.67766999999999,-92.0,23.80659,23.806600000000003,0.0,-15.871058999999999,-36.0
498,event_000498.csv,0.0,39.98524,-92.0,-39.98524,112.0,0.0,39.52387,-24.0,-39.52387,-100.0,158.5568,39.5239,8.0,-79.35527,-68.0,23.80659,23.806600000000003,0.0,-15.871058999999999,-52.0
499,event_000499.csv,0.0,39.98524,-52.0,0.0,-100.0,0.0,39.52387,-88.0,-39.52387,-60.0,158.5568,39.5239,-72.0,-119.03293000000001,36.0,23.80659,23.806600000000003,0.0,-7.93553,4.0
500,event_000500.csv,0.0,39.98524,-72.0,-39.98524,20.0,0.0,39.52387,-96.0,-39.52387,-100.0,118.8792,79.20150000000001,8.0,-39.67766999999999,-12.0,23.80659,23.806600000000003,0.0,-7.93553,-52.0
501,event_000501.csv,0.0,39.98524,-96.0,-39.98524,72.0,0.0,39.52387,116.0,-39.52387,-48.0,118.8792,79.20150000000001,-64.0,-39.67766999999999,-8.0,23.80659,23.806600000000003,0.0,-15.871058999999999,8.0
502,event_000502.csv,0.0,39.98524,-88.0,-39.98524,112.0,0.0,39.52387,-92.0,-39.52387,-56.0,118.8792,79.20150000000001,-28.0,-39.67766999999999,-68.0,23.80659,23.806600000000003,0.0,-15.871058999999999,-36.0
503,event_000503.csv,0.0,39.98524,-92.0,0.0,-100.0,0.0,39.52387,-80.0,-39.52387,-92.0,118.8792,79.20150000000001,8.0,0.0,-100.0,23.80659,23.806600000000003,0.0,-7.93553,-36.0
504,event_000504.csv,0.0,39.98524,-100.0,0.0,-96.0,0.0,39.52387,-96.0,-39.52387,-20.0,118.8792,118.8792,-40.0,-39.67766999999999,-76.0,23.80659,23.806600000000003,0.0,-15.871058999999999,60.0
505,event_000505.csv,0.0,39.98524,-64.0,0.0,-100.0,0.0,39.52387,-96.0,-39.52387,28.0,138.71800000000002,59.36269999999999,16.0,-59.51647000000001,-68.0,23.80659,23.806600000000003,0.0,-15.871058999999999,8.0
506,event_000506.csv,0.0,39.98524,-80.0,-39.98524,-20.0,0.0,39.52387,-64.0,-39.52387,-16.0,118.8792,79.20150000000001,-48.0,-39.67766999999999,124.0,23.80659,23.806600000000003,0.0,-15.871058999999999,-36.0
507,event_000507.csv,0.0,39.98524,-76.0,-39.98524,92.0,0.0,39.52387,-52.0,-39.52387,-24.0,118.8792,118.8792,148.0,-39.67766999999999,0.0,23.80659,23.806600000000003,0.0,-7.93553,-72.0
508,event_000508.csv,0.0,39.98524,-96.0,-39.98524,44.0,0.0,39.52387,-96.0,0.0,-100.0,118.8792,118.8792,16.0,-79.35533,24.0,27.77436,19.83883,0.0,-19.838829,20.0
509,event_000509.csv,0.0,39.98524,-100.0,0.0,-96.0,0.0,39.52387,-80.0,-39.52387,-96.0,118.8792,118.8792,20.0,-39.67766999999999,-100.0,23.80659,23.806600000000003,0.0,-15.871058999999999,-40.0
510,event_000510.csv,0.0,39.98524,-92.0,-39.98524,28.0,0.0,39.52387,-80.0,-39.52387,-44.0,118.8792,79.20150000000001,16.0,-39.67766999999999,-88.0,23.80659,23.806600000000003,0.0,-7.93553,-60.0
511,event_000511.csv,0.0,39.98524,-100.0,-39.98524,-88.0,0.0,39.52387,-96.0,-39.52387,-16.0,138.71800000000002,59.36269999999999,-100.0,-59.51647000000001,-56.0,23.80659,23.806600000000003,0.0,-15.871058999999999,-40.0
512,event_000512.csv,0.0,39.98524,-68.0,-39.98524,132.0,0.0,39.52387,-68.0,-39.52387,-8.0,118.8792,79.20150000000001,4.0,-39.67766999999999,-96.0,23.80659,23.806600000000003,0.0,-7.93553,-96.0
513,event_000513.csv,0.0,39.98524,-84.0,-39.98524,-28.0,0.0,39.52387,-80.0,-39.52387,140.0,118.8792,118.8792,-32.0,-39.67766999999999,-60.0,23.80659,23.806600000000003,0.0,-7.93553,-76.0
514,event_000514.csv,0.0,39.98524,-56.0,-39.98524,-84.0,0.0,39.52387,-72.0,-39.52387,-92.0,118.8792,79.20150000000001,16.0,-39.67766999999999,-12.0,23.80659,23.806600000000003,0.0,-23.80659,20.0
515,event_000515.csv,0.0,39.98524,-96.0,0.0,-100.0,0.0,39.52387,-88.0,-39.52387,76.0,118.8792,118.8792,16.0,-39.67766999999999,124.0,31.74213,15.871060000000003,0.0,-15.87107,-20.0
516,event_000516.csv,0.0,39.98524,-96.0,-39.98524,-84.0,0.0,39.52387,-64.0,-39.52387,-68.0,118.8792,79.20150000000001,-48.0,-39.67766999999999,-100.0,23.80659,23.806600000000003,0.0,-15.871058999999999,-52.0
517,event_000517.csv,0.0,2559.978,-8.0,0.0,-100.0,0.0,1705.524,0.0,0.0,-100.0,118.8792,4043.8918,12.0,-39.67766999999999,188.0,7.935531,55.579479,4.0,-15.871062,-16.0
518,event_000518.csv,0.0,39.98524,-80.0,-39.98524,76.0,0.0,39.52387,-80.0,-39.52387,-12.0,118.8792,118.8792,12.0,-39.67766999999999,-36.0,23.80659,23.806600000000003,0.0,-7.93553,-100.0
519,event_000519.csv,0.0,39.98524,-60.0,-39.98524,140.0,0.0,39.52387,-88.0,-39.52387,84.0,118.8792,118.8792,56.0,-79.35533,76.0,31.74213,15.871060000000003,0.0,-15.87107,-20.0
520,event_000520.csv,0.0,39.98524,-80.0,-39.98524,-52.0,0.0,39.52387,-88.0,-39.52387,28.0,118.8792,79.20150000000001,16.0,-39.67766999999999,-100.0,23.80659,23.806600000000003,0.0,-15.871058999999999,-40.0
521,event_000521.csv,0.0,39.98524,-84.0,-39.98524,160.0,0.0,39.52387,-36.0,-39.52387,-72.0,118.8792,118.8792,16.0,-79.35533,40.0,23.80659,23.806600000000003,0.0,-15.871058999999999,-64.0
522,event_000522.csv,0.0,39.98524,-96.0,-39.98524,200.0,0.0,39.52387,-12.0,-39.52387,-64.0,118.8792,79.20150000000001,-52.0,-39.67766999999999,-88.0,15.87106,31.742130000000003,0.0,-15.87106,-36.0
523,event_000523.csv,0.0,39.98524,-40.0,0.0,-100.0,0.0,39.52387,-8.0,-39.52387,-60.0,118.8792,79.20150000000001,96.0,-39.67766999999999,-20.0,23.80659,23.806600000000003,0.0,-15.871058999999999,-28.0
524,event_000524.csv,0.0,39.98524,-68.0,0.0,-100.0,0.0,39.52387,-92.0,-39.52387,16.0,118.8792,79.20150000000001,-32.0,-39.67766999999999,-8.0,23.80659,23.806600000000003,0.0,-15.871058999999999,-40.0
525,event_000525.csv,0.0,39.98524,-88.0,0.0,-100.0,0.0,39.52387,-24.0,-39.52387,-92.0,138.71800000000002,59.36269999999999,8.0,-99.19413000000002,36.0,23.80659,23.806600000000003,0.0,-7.93553,16.0
526,event_000526.csv,0.0,39.98524,-84.0,-39.98524,36.0,0.0,39.52387,-80.0,-39.52387,-20.0,158.5568,39.5239,-84.0,-79.35527,-64.0,23.80659,23.806600000000003,0.0,-15.871058999999999,-36.0
527,event_000527.csv,0.0,39.98524,-84.0,0.0,-100.0,0.0,39.52387,-36.0,-39.52387,-56.0,158.5568,39.5239,-68.0,-119.03293000000001,-44.0,23.80659,23.806600000000003,0.0,-23.80659,28.0
528,event_000528.csv,0.0,39.98524,-96.0,-39.98524,148.0,0.0,39.52387,24.0,-39.52387,-100.0,118.8792,118.8792,12.0,-39.67766999999999,-4.0,23.80659,23.806600000000003,0.0,-15.871058999999999,20.0
529,event_000529.csv,0.0,39.98524,-80.0,-39.98524,196.0,0.0,39.52387,-88.0,0.0,-100.0,118.8792,79.20150000000001,-40.0,-39.67766999999999,-32.0,23.80659,23.806600000000003,0.0,-15.871058999999999,-40.0
530,event_000530.csv,0.0,39.98524,-96.0,-39.98524,-36.0,0.0,39.52387,8.0,-39.52387,-76.0,158.5568,39.5239,20.0,-79.35527,-84.0,23.80659,23.806600000000003,0.0,-15.871058999999999,20.0
531,event_000531.csv,0.0,39.98524,-88.0,0.0,-100.0,0.0,39.52387,-24.0,-39.52387,-100.0,118.8792,79.20150000000001,-72.0,-79.35533,-96.0,23.80659,23.806600000000003,0.0,-15.871058999999999,-24.0
532,event_000532.csv,0.0,39.98524,-80.0,-39.98524,-76.0,0.0,39.52387,-96.0,-39.52387,-92.0,237.7584,237.9121,8.0,-158.55687,-64.0,23.80659,23.806600000000003,0.0,-15.871058999999999,-40.0
533,event_000533.csv,0.0,39.98524,-68.0,-39.98524,-84.0,0.0,39.52387,-100.0,-39.52387,-24.0,158.5568,39.5239,-28.0,-119.03293000000001,40.0,23.80659,23.806600000000003,0.0,-7.93553,-64.0
534,event_000534.csv,0.0,39.98524,-88.0,-39.98524,-28.0,0.0,39.52387,-96.0,-39.52387,52.0,118.8792,79.20150000000001,8.0,-79.35533,-12.0,23.80659,23.806600000000003,0.0,-23.80659,-28.0
535,event_000535.csv,0.0,39.98524,-100.0,-39.98524,-72.0,0.0,39.52387,-92.0,-39.52387,-80.0,158.5568,39.5239,60.0,-79.35527,-96.0,23.80659,23.806600000000003,0.0,-7.93553,-64.0
536,event_000536.csv,0.0,39.98524,-24.0,0.0,-100.0,0.0,39.52387,-52.0,-39.52387,-44.0,158.5568,39.5239,-48.0,-79.35527,120.0,23.80659,23.806600000000003,0.0,-7.93553,-52.0
537,event_000537.csv,0.0,39.98524,-100.0,-39.98524,116.0,0.0,39.52387,-48.0,-39.52387,-80.0,118.8792,118.8792,60.0,-118.8792,36.0,23.80659,23.806600000000003,0.0,-15.871058999999999,24.0
538,event_000538.csv,0.0,39.98524,-96.0,0.0,-100.0,0.0,39.52387,-72.0,-39.52387,-76.0,118.8792,79.20150000000001,52.0,-39.67766999999999,-40.0,23.80659,23.806600000000003,0.0,-7.93553,-32.0
539,event_000539.csv,0.0,39.98524,-92.0,-39.98524,16.0,0.0,39.52387,116.0,-39.52387,64.0,118.8792,79.20150000000001,-28.0,-79.35533,124.0,23.80659,23.806600000000003,0.0,-23.80659,-40.0
540,event_000540.csv,0.0,39.98524,-100.0,-39.98524,132.0,0.0,39.52387,-64.0,-39.52387,-52.0,118.8792,79.20150000000001,8.0,-39.67766999999999,-48.0,23.80659,23.806600000000003,0.0,-7.93553,-52.0
541,event_000541.csv,0.0,1479.915,8.0,0.0,-92.0,0.0,2340.213,12.0,0.0,-100.0,118.8792,4881.1208,-8.0,-39.67766999999999,-60.0,-15.87106,301.67326,12.0,-47.64395,-8.0
542,event_000542.csv,0.0,39.98524,-76.0,-39.98524,44.0,0.0,39.52387,-24.0,-39.52387,-44.0,118.8792,158.55679999999998,48.0,-79.35533,24.0,31.74213,15.871060000000003,0.0,-15.87107,-4.0
543,event_000543.csv,0.0,39.98524,-92.0,-39.98524,12.0,0.0,39.52387,-80.0,-39.52387,-76.0,118.8792,79.20150000000001,16.0,-39.67766999999999,-56.0,23.80659,23.806600000000003,0.0,-7.93553,-4.0
544,event_000544.csv,0.0,39.98524,-88.0,-39.98524,196.0,0.0,39.52387,-64.0,-39.52387,-84.0,118.8792,79.20150000000001,8.0,-39.67766999999999,160.0,23.80659,23.806600000000003,0.0,-15.871058999999999,20.0
545,event_000545.csv,0.0,39.98524,-88.0,-39.98524,48.0,0.0,79.20153,-44.0,-39.52387,-96.0,118.8792,118.8792,196.0,-79.35533,-8.0,23.80659,23.806600000000003,0.0,-23.80659,-36.0
546,event_000546.csv,0.0,39.98524,-80.0,0.0,-100.0,0.0,39.52387,-88.0,-39.52387,-68.0,118.8792,79.20150000000001,-40.0,-39.67766999999999,36.0,27.77436,19.83883,0.0,-11.903300000000002,-52.0
547,event_000547.csv,0.0,39.98524,-92.0,0.0,-100.0,0.0,39.52387,-84.0,-39.52387,-8.0,158.5568,39.5239,20.0,-79.35527,-64.0,23.80659,23.806600000000003,0.0,-15.871058999999999,-40.0
548,event_000548.csv,0.0,39.98524,-88.0,0.0,-100.0,0.0,39.52387,-88.0,-39.52387,-4.0,158.5568,39.5239,64.0,-79.35527,-72.0,23.80659,23.806600000000003,0.0,-15.871058999999999,-36.0
549,event_000549.csv,0.0,39.98524,-92.0,-39.98524,188.0,0.0,39.52387,-40.0,-39.52387,-92.0,118.8792,79.20150000000001,60.0,-39.67766999999999,-12.0,23.80659,23.806600000000003,0.0,-15.871058999999999,-52.0
550,event_000550.csv,0.0,39.98524,-96.0,0.0,-100.0,0.0,39.52387,-24.0,-39.52387,-76.0,118.8792,118.8792,16.0,-39.67766999999999,-4.0,23.80659,23.806600000000003,0.0,-15.871058999999999,148.0
551,event_000551.csv,0.0,39.98524,-100.0,0.0,-96.0,0.0,39.52387,-68.0,-39.52387,60.0,118.8792,118.8792,20.0,-118.8792,36.0,23.80659,23.806600000000003,0.0,-23.80659,24.0
552,event_000552.csv,0.0,39.98524,-68.0,0.0,-100.0,0.0,39.52387,-92.0,-39.52387,56.0,158.5568,39.5239,-84.0,-79.35527,-64.0,23.80659,23.806600000000003,0.0,-15.871058999999999,16.0
553,event_000553.csv,0.0,39.98524,-96.0,-39.98524,-8.0,0.0,39.52387,24.0,-39.52387,-52.0,118.8792,79.20150000000001,-92.0,-39.67766999999999,-64.0,15.87106,31.742130000000003,0.0,-15.87106,20.0
554,event_000554.csv,0.0,39.98524,-96.0,-39.98524,-100.0,0.0,39.52387,-88.0,-39.52387,-76.0,118.8792,118.8792,16.0,-79.35533,36.0,23.80659,23.806600000000003,0.0,-15.871058999999999,-40.0
555,event_000555.csv,0.0,79.97047,-32.0,-39.98524,-68.0,0.0,39.52387,176.0,-39.52387,-84.0,118.8792,79.20150000000001,16.0,-39.67766999999999,-8.0,23.80659,23.806600000000003,0.0,-15.871058999999999,20.0
556,event_000556.csv,0.0,39.98524,-88.0,0.0,-100.0,0.0,39.52387,-48.0,-39.52387,-60.0,118.8792,79.20150000000001,72.0,-39.67766999999999,-96.0,15.87106,31.742130000000003,0.0,-15.87106,-36.0
557,event_000557.csv,0.0,39.98524,-76.0,0.0,-100.0,0.0,39.52387,-96.0,-39.52387,-84.0,118.8792,79.20150000000001,-60.0,-39.67766999999999,-44.0,23.80659,23.806600000000003,0.0,-15.871058999999999,-96.0
558,event_000558.csv,0.0,39.98524,-96.0,0.0,-100.0,0.0,39.52387,-48.0,-39.52387,20.0,118.8792,118.8792,16.0,-79.35533,-4.0,23.80659,23.806600000000003,0.0,-15.871058999999999,20.0
559,event_000559.csv,0.0,39.98524,-92.0,-39.98524,48.0,0.0,39.52387,-36.0,-39.52387,-100.0,118.8792,79.20150000000001,-40.0,-39.67766999999999,-12.0,23.80659,23.806600000000003,0.0,-15.871058999999999,-40.0
560,event_000560.csv,0.0,39.98524,-84.0,0.0,-100.0,0.0,79.20153,52.0,-39.52387,32.0,158.5568,39.5239,-96.0,-119.03293000000001,36.0,23.80659,23.806600000000003,0.0,-7.93553,-48.0
561,event_000561.csv,0.0,39.98524,-80.0,0.0,-100.0,0.0,39.52387,-72.0,-39.52387,-100.0,118.8792,79.20150000000001,48.0,-39.67766999999999,24.0,23.80659,23.806600000000003,0.0,-15.871058999999999,-4.0
562,event_000562.csv,0.0,39.98524,-84.0,0.0,-100.0,0.0,39.52387,-24.0,-39.52387,-52.0,118.8792,79.20150000000001,16.0,-39.67766999999999,-16.0,23.80659,23.806600000000003,0.0,-15.871058999999999,-40.0
563,event_000563.csv,0.0,39.98524,-76.0,-39.98524,136.0,0.0,39.52387,-12.0,-39.52387,-80.0,118.8792,79.20150000000001,8.0,-39.67766999999999,-48.0,23.80659,23.806600000000003,0.0,-15.871058999999999,-48.0
564,event_000564.csv,0.0,39.98524,-96.0,-39.98524,8.0,0.0,39.52387,-60.0,-39.52387,160.0,118.8792,118.8792,16.0,-118.8792,40.0,23.80659,23.806600000000003,0.0,-15.871058999999999,20.0
565,event_000565.csv,0.0,39.98524,-88.0,-39.98524,164.0,0.0,79.20153,-24.0,-39.52387,-100.0,118.8792,79.20150000000001,-40.0,-39.67766999999999,-12.0,23.80659,23.806600000000003,0.0,-7.93553,-64.0
566,event_000566.csv,0.0,39.98524,-96.0,0.0,-100.0,0.0,39.52387,-100.0,-39.52387,20.0,118.8792,79.20150000000001,16.0,-39.67766999999999,-68.0,23.80659,23.806600000000003,0.0,-15.871058999999999,-28.0
567,event_000567.csv,0.0,39.98524,-60.0,0.0,-100.0,0.0,39.52387,4.0,-39.52387,-72.0,118.8792,79.20150000000001,140.0,-79.35533,36.0,23.80659,23.806600000000003,0.0,-15.871058999999999,-40.0
568,event_000568.csv,0.0,39.98524,-76.0,-39.98524,120.0,0.0,39.52387,-88.0,-39.52387,-76.0,158.5568,39.5239,16.0,-79.35527,-40.0,23.80659,23.806600000000003,0.0,-7.93553,72.0
569,event_000569.csv,0.0,39.98524,-76.0,-39.98524,-52.0,0.0,39.52387,-88.0,-39.52387,12.0,118.8792,79.20150000000001,144.0,-39.67766999999999,-84.0,15.87106,31.742130000000003,0.0,-15.87106,-36.0
570,event_000570.csv,0.0,39.98524,-100.0,-39.98524,-64.0,0.0,39.52387,-76.0,-39.52387,112.0,118.8792,79.20150000000001,20.0,-39.67766999999999,28.0,23.80659,23.806600000000003,0.0,-7.93553,-36.0
571,event_000571.csv,0.0,39.98524,-92.0,-39.98524,156.0,0.0,39.52387,-92.0,-39.52387,36.0,118.8792,118.8792,16.0,-79.35533,124.0,23.80659,23.806600000000003,0.0,-15.871058999999999,-100.0
572,event_000572.csv,0.0,39.98524,-80.0,0.0,-100.0,0.0,39.52387,-96.0,-39.52387,84.0,118.8792,79.20150000000001,12.0,-39.67766999999999,-80.0,23.80659,23.806600000000003,0.0,-15.871058999999999,-36.0
573,event_000573.csv,0.0,39.98524,-68.0,-39.98524,24.0,0.0,39.52387,-76.0,-39.52387,-40.0,138.71800000000002,59.36269999999999,-36.0,-59.51647000000001,40.0,23.80659,23.806600000000003,0.0,-15.871058999999999,-40.0
574,event_000574.csv,0.0,39.98524,-72.0,0.0,-100.0,0.0,39.52387,-80.0,-39.52387,-44.0,118.8792,79.20150000000001,8.0,-39.67766999999999,-100.0,23.80659,23.806600000000003,0.0,-15.871058999999999,-64.0
575,event_000575.csv,0.0,39.98524,-96.0,0.0,-100.0,0.0,39.52387,-100.0,0.0,-96.0,158.5568,79.20159999999998,12.0,-119.03293000000001,32.0,23.80659,23.806600000000003,0.0,-15.871058999999999,24.0
576,event_000576.csv,0.0,39.98524,-96.0,-39.98524,-20.0,0.0,39.52387,-88.0,0.0,-100.0,118.8792,118.8792,196.0,-39.67766999999999,-44.0,23.80659,23.806600000000003,0.0,-15.871058999999999,-52.0
577,event_000577.csv,0.0,39.98524,-68.0,-39.98524,100.0,0.0,39.52387,-48.0,-39.52387,-84.0,158.5568,39.5239,-40.0,-119.03293000000001,164.0,23.80659,23.806600000000003,0.0,-15.871058999999999,20.0
578,event_000578.csv,0.0,39.98524,-72.0,-39.98524,-92.0,0.0,39.52387,-48.0,-39.52387,36.0,118.8792,79.20150000000001,8.0,-79.35533,-12.0,23.80659,23.806600000000003,0.0,-7.93553,-40.0
579,event_000579.csv,0.0,39.98524,-44.0,-39.98524,-20.0,0.0,39.52387,-72.0,-39.52387,-76.0,118.8792,118.8792,8.0,-79.35533,36.0,23.80659,23.806600000000003,0.0,-15.871058999999999,20.0
580,event_000580.csv,0.0,39.98524,-96.0,-39.98524,188.0,0.0,39.52387,-40.0,-39.52387,196.0,118.8792,79.20150000000001,64.0,-79.35533,124.0,23.80659,23.806600000000003,0.0,-7.93553,-64.0
581,event_000581.csv,0.0,39.98524,-100.0,0.0,-96.0,0.0,39.52387,-96.0,0.0,-100.0,118.8792,79.20150000000001,-76.0,-39.67766999999999,0.0,15.87106,31.742130000000003,0.0,-7.935529,-40.0
582,event_000582.csv,0.0,39.98524,-96.0,-39.98524,-92.0,0.0,39.52387,-96.0,-39.52387,-100.0,158.5568,79.20159999999998,-88.0,-79.35527,36.0,23.80659,23.806600000000003,0.0,-15.871058999999999,-52.0
583,event_000583.csv,0.0,39.98524,-80.0,-39.98524,164.0,0.0,39.52387,-88.0,-39.52387,-60.0,118.8792,79.20150000000001,68.0,-39.67766999999999,-12.0,23.80659,23.806600000000003,0.0,-15.871058999999999,-40.0
584,event_000584.csv,0.0,39.98524,-100.0,0.0,-92.0,0.0,79.20153,196.0,-39.52387,0.0,118.8792,79.20150000000001,-100.0,-39.67766999999999,164.0,23.80659,23.806600000000003,0.0,-15.871058999999999,8.0
585,event_000585.csv,0.0,39.98524,-72.0,-39.98524,104.0,0.0,39.52387,-72.0,-39.52387,-100.0,118.8792,79.20150000000001,-96.0,-39.67766999999999,-12.0,23.80659,23.806600000000003,0.0,-15.871058999999999,-36.0
586,event_000586.csv,0.0,39.98524,-32.0,-39.98524,-8.0,0.0,39.52387,20.0,-39.52387,-56.0,118.8792,79.20150000000001,12.0,-39.67766999999999,-64.0,23.80659,23.806600000000003,0.0,-15.871058999999999,-40.0
587,event_000587.csv,0.0,39.98524,-76.0,-39.98524,44.0,0.0,39.52387,-72.0,-39.52387,-68.0,118.8792,118.8792,8.0,-39.67766999999999,-68.0,23.80659,23.806600000000003,0.0,-15.871058999999999,20.0
588,event_000588.csv,0.0,39.98524,-80.0,-39.98524,140.0,0.0,79.20153,8.0,-39.52387,132.0,118.8792,118.8792,-64.0,-79.35533,40.0,23.80659,23.806600000000003,0.0,-15.871058999999999,28.0
589,event_000589.csv,0.0,39.98524,-100.0,0.0,-92.0,0.0,39.52387,-32.0,-39.52387,-60.0,158.5568,158.55689999999998,16.0,-119.03293000000001,-68.0,23.80659,23.806600000000003,0.0,-15.871058999999999,20.0
590,event_000590.csv,0.0,39.98524,-96.0,0.0,-100.0,0.0,39.52387,-60.0,-39.52387,-88.0,158.5568,39.5239,20.0,-79.35527,-76.0,23.80659,23.806600000000003,0.0,-15.871058999999999,-40.0
591,event_000591.csv,0.0,39.98524,-100.0,0.0,-96.0,0.0,39.52387,-100.0,-39.52387,56.0,118.8792,79.20150000000001,-44.0,-39.67766999999999,-8.0,31.74213,15.871060000000003,0.0,-23.806599,-40.0
592,event_000592.csv,0.0,39.98524,-96.0,-39.98524,-28.0,0.0,39.52387,-80.0,-39.52387,-76.0,118.8792,79.20150000000001,12.0,-39.67766999999999,-76.0,23.80659,23.806600000000003,0.0,-7.93553,-52.0
593,event_000593.csv,0.0,39.98524,-80.0,0.0,-100.0,0.0,39.52387,-80.0,-39.52387,-60.0,118.8792,79.20150000000001,144.0,-39.67766999999999,-20.0,15.87106,31.742130000000003,0.0,-15.87106,-36.0
594,event_000594.csv,0.0,39.98524,-100.0,-39.98524,84.0,0.0,39.52387,-96.0,-39.52387,-76.0,118.8792,118.8792,12.0,-79.35533,32.0,31.74213,15.871060000000003,0.0,-23.806599,28.0
595,event_000595.csv,0.0,39.98524,-60.0,-39.98524,72.0,0.0,39.52387,108.0,-39.52387,-72.0,118.8792,158.55679999999998,12.0,-79.35533,-8.0,31.74213,15.871060000000003,0.0,-23.806599,20.0
596,event_000596.csv,0.0,39.98524,-100.0,-39.98524,-44.0,0.0,39.52387,-80.0,-39.52387,-44.0,198.0807,39.67769999999999,64.0,-158.55683,36.0,23.80659,23.806600000000003,0.0,-7.93553,20.0
597,event_000597.csv,0.0,39.98524,-96.0,-39.98524,8.0,0.0,39.52387,-76.0,-39.52387,80.0,158.5568,39.5239,-52.0,-79.35527,-72.0,15.87106,31.742130000000003,0.0,-7.935529,-48.0
598,event_000598.csv,0.0,39.98524,-88.0,0.0,-100.0,0.0,39.52387,-24.0,-39.52387,-100.0,118.8792,79.20150000000001,-40.0,-39.67766999999999,-64.0,23.80659,23.806600000000003,0.0,-15.871058999999999,-36.0
599,event_000599.csv,0.0,39.98524,-80.0,-39.98524,152.0,0.0,39.52387,-76.0,-39.52387,-80.0,158.5568,39.5239,8.0,-79.35527,-8.0,23.80659,23.806600000000003,0.0,-7.93553,-64.0
600,event_000600.csv,0.0,39.98524,-88.0,-39.98524,0.0,0.0,39.52387,-100.0,0.0,-96.0,118.8792,79.20150000000001,20.0,-39.67766999999999,-64.0,23.80659,23.806600000000003,0.0,-15.871058999999999,-40.0
601,event_000601.csv,0.0,39.98524,-80.0,0.0,-100.0,0.0,39.52387,-64.0,-39.52387,-76.0,118.8792,79.20150000000001,156.0,-39.67766999999999,-12.0,23.80659,23.806600000000003,0.0,-15.871058999999999,8.0
602,event_000602.csv,0.0,39.98524,-100.0,0.0,-96.0,0.0,39.52387,-100.0,-39.52387,24.0,118.8792,118.8792,20.0,-39.67766999999999,-72.0,23.80659,23.806600000000003,0.0,-15.871058999999999,20.0
603,event_000603.csv,0.0,39.98524,-96.0,0.0,-100.0,0.0,39.52387,-96.0,-39.52387,-100.0,118.8792,79.20150000000001,8.0,-39.67766999999999,-12.0,23.80659,23.806600000000003,0.0,-15.871058999999999,-40.0
604,event_000604.csv,0.0,39.98524,-96.0,-39.98524,-4.0,0.0,39.52387,-40.0,-39.52387,-84.0,158.5568,39.5239,16.0,-158.5568,36.0,23.80659,23.806600000000003,0.0,-15.871058999999999,28.0
605,event_000605.csv,0.0,39.98524,-56.0,-39.98524,0.0,0.0,39.52387,-100.0,-39.52387,-72.0,118.8792,118.8792,20.0,-39.67766999999999,-64.0,23.80659,23.806600000000003,0.0,-15.871058999999999,-40.0
606,event_000606.csv,0.0,39.98524,-88.0,-39.98524,-44.0,0.0,39.52387,-80.0,-39.52387,44.0,118.8792,79.20150000000001,8.0,-39.67766999999999,-32.0,23.80659,23.806600000000003,0.0,-15.871058999999999,8.0
607,event_000607.csv,0.0,39.98524,-76.0,-39.98524,12.0,0.0,39.52387,-40.0,-39.52387,-52.0,118.8792,118.8792,96.0,-79.35533,-8.0,23.80659,23.806600000000003,0.0,-15.871058999999999,-48.0
608,event_000608.csv,0.0,39.98524,-68.0,0.0,-100.0,0.0,39.52387,-24.0,-39.52387,-72.0,118.8792,79.20150000000001,-32.0,-79.35533,28.0,23.80659,23.806600000000003,0.0,-7.93553,-96.0
609,event_000609.csv,0.0,39.98524,-92.0,0.0,-100.0,0.0,39.52387,-96.0,-39.52387,-28.0,118.8792,118.8792,12.0,-79.35533,124.0,23.80659,23.806600000000003,0.0,-15.871058999999999,20.0
610,event_000610.csv,0.0,39.98524,-92.0,-39.98524,-36.0,0.0,39.52387,40.0,-39.52387,-4.0,158.5568,39.5239,4.0,-119.03293000000001,164.0,23.80659,23.806600000000003,0.0,-15.871058999999999,4.0
611,event_000611.csv,0.0,39.98524,-96.0,0.0,-100.0,0.0,79.20153,-48.0,-39.52387,-76.0,118.8792,118.8792,12.0,-79.35533,40.0,23.80659,23.806600000000003,0.0,-15.871058999999999,20.0
612,event_000612.csv,0.0,39.98524,-88.0,0.0,-100.0,0.0,79.20153,32.0,0.0,-100.0,118.8792,79.20150000000001,8.0,-39.67766999999999,-44.0,23.80659,23.806600000000003,0.0,-15.871058999999999,-28.0
613,event_000613.csv,0.0,39.98524,-56.0,-39.98524,-4.0,0.0,39.52387,8.0,-39.52387,-92.0,118.8792,79.20150000000001,-92.0,-39.67766999999999,-8.0,23.80659,23.806600000000003,0.0,-15.871058999999999,-40.0
614,event_000614.csv,0.0,39.98524,-96.0,-39.98524,-36.0,0.0,39.52387,-56.0,-39.52387,-84.0,118.8792,79.20150000000001,-72.0,-79.35533,-88.0,23.80659,23.806600000000003,0.0,-7.93553,20.0
615,event_000615.csv,0.0,39.98524,-76.0,-39.98524,16.0,19.761935,19.761935,-100.0,-59.285805,-80.0,118.8792,79.20150000000001,-60.0,-39.67766999999999,-20.0,23.80659,23.806600000000003,0.0,-15.871058999999999,-36.0
616,event_000616.csv,0.0,39.98524,-88.0,0.0,-100.0,0.0,39.52387,-96.0,-39.52387,148.0,118.8792,79.20150000000001,16.0,-39.67766999999999,-92.0,23.80659,23.806600000000003,0.0,-7.93553,-52.0
617,event_000617.csv,0.0,39.98524,-100.0,-39.98524,-24.0,0.0,39.52387,-92.0,-39.52387,-56.0,118.8792,79.20150000000001,4.0,-39.67766999999999,-12.0,23.80659,23.806600000000003,0.0,-15.871058999999999,-40.0
618,event_000618.csv,0.0,39.98524,-96.0,0.0,-100.0,0.0,39.52387,-100.0,-39.52387,-92.0,158.5568,39.5239,-80.0,-79.35527,36.0,23.80659,23.806600000000003,0.0,-7.93553,-100.0
619,event_000619.csv,0.0,39.98524,-72.0,-39.98524,192.0,0.0,39.52387,-48.0,-39.52387,-12.0,118.8792,79.20150000000001,-40.0,-79.35533,116.0,23.80659,23.806600000000003,0.0,-15.871058999999999,4.0
620,event_000620.csv,0.0,39.98524,-72.0,-39.98524,68.0,0.0,39.52387,-80.0,-39.52387,-76.0,118.8792,118.8792,-40.0,-39.67766999999999,-4.0,23.80659,23.806600000000003,0.0,-15.871058999999999,-40.0
621,event_000621.csv,0.0,39.98524,-48.0,0.0,-100.0,0.0,39.52387,-72.0,-39.52387,-100.0,118.8792,79.20150000000001,-80.0,-39.67766999999999,-96.0,31.74213,15.871060000000003,0.0,-15.87107,-20.0
622,event_000622.csv,0.0,39.98524,-96.0,-39.98524,56.0,0.0,39.52387,-80.0,-39.52387,-52.0,118.8792,118.8792,144.0,-39.67766999999999,-20.0,23.80659,31.742130000000003,0.0,-23.80659,20.0
623,event_000623.csv,0.0,39.98524,-96.0,-39.98524,4.0,0.0,39.52387,-88.0,-39.52387,-68.0,118.8792,79.20150000000001,-36.0,-39.67766999999999,-64.0,23.80659,23.806600000000003,0.0,-15.871058999999999,-92.0
624,event_000624.csv,0.0,39.98524,-92.0,0.0,-100.0,0.0,39.52387,-100.0,-39.52387,-56.0,118.8792,79.20150000000001,20.0,-39.67766999999999,-4.0,23.80659,23.806600000000003,0.0,-15.871058999999999,4.0
625,event_000625.csv,0.0,39.98524,-100.0,0.0,-96.0,0.0,39.52387,-92.0,-39.52387,-64.0,158.5568,39.5239,92.0,-79.35527,-12.0,23.80659,23.806600000000003,0.0,-7.93553,-64.0
626,event_000626.csv,0.0,39.98524,-84.0,-39.98524,-88.0,0.0,39.52387,-16.0,-39.52387,184.0,118.8792,79.20150000000001,152.0,-39.67766999999999,-88.0,23.80659,23.806600000000003,0.0,-15.871058999999999,32.0
627,event_000627.csv,0.0,39.98524,-40.0,-39.98524,-32.0,0.0,39.52387,-68.0,-39.52387,-80.0,118.8792,79.20150000000001,20.0,-39.67766999999999,-100.0,23.80659,23.806600000000003,0.0,-7.93553,-52.0
628,event_000628.csv,0.0,39.98524,-96.0,0.0,-100.0,0.0,39.52387,-56.0,-39.52387,-60.0,118.8792,79.20150000000001,8.0,-39.67766999999999,-8.0,23.80659,23.806600000000003,0.0,-7.93553,-48.0
629,event_000629.csv,0.0,39.98524,4.0,-39.98524,56.0,0.0,39.52387,-84.0,-39.52387,-48.0,118.8792,79.20150000000001,-92.0,-39.67766999999999,44.0,23.80659,23.806600000000003,0.0,-15.871058999999999,-40.0
630,event_000630.csv,0.0,39.98524,-100.0,-39.98524,-96.0,0.0,39.52387,-84.0,-39.52387,8.0,118.8792,79.20150000000001,32.0,-39.67766999999999,8.0,23.80659,23.806600000000003,0.0,-7.93553,-40.0
631,event_000631.csv,0.0,39.98524,-96.0,-39.98524,-100.0,0.0,39.52387,8.0,-39.52387,-72.0,118.8792,79.20150000000001,-64.0,-39.67766999999999,-84.0,23.80659,23.806600000000003,0.0,-15.871058999999999,-52.0
632,event_000632.csv,0.0,39.98524,-4.0,-39.98524,196.0,0.0,39.52387,-76.0,-39.52387,-80.0,118.8792,79.20150000000001,16.0,-39.67766999999999,-24.0,23.80659,23.806600000000003,0.0,-15.871058999999999,-40.0
633,event_000633.csv,0.0,39.98524,-96.0,-39.98524,-84.0,0.0,39.52387,-92.0,-39.52387,-96.0,138.71800000000002,99.04039999999998,12.0,-99.19413000000002,-96.0,23.80659,23.806600000000003,0.0,-15.871058999999999,-20.0
634,event_000634.csv,0.0,39.98524,-76.0,-39.98524,-68.0,0.0,39.52387,-88.0,-39.52387,-52.0,158.5568,39.5239,8.0,-119.03293000000001,120.0,23.80659,23.806600000000003,0.0,-15.871058999999999,-28.0
635,event_000635.csv,0.0,39.98524,-88.0,0.0,-100.0,0.0,39.52387,-88.0,-39.52387,-76.0,118.8792,118.8792,8.0,-79.35533,-12.0,27.77436,19.83883,0.0,-11.903300000000002,-28.0
636,event_000636.csv,0.0,39.98524,-100.0,-39.98524,68.0,0.0,39.52387,-64.0,-39.52387,-92.0,118.8792,79.20150000000001,24.0,-39.67766999999999,-100.0,23.80659,23.806600000000003,0.0,-7.93553,-36.0
637,event_000637.csv,0.0,39.98524,-100.0,0.0,-96.0,0.0,39.52387,-88.0,-39.52387,-68.0,118.8792,79.20150000000001,-52.0,-39.67766999999999,-32.0,31.74213,15.871060000000003,0.0,-23.806599,-36.0
638,event_000638.csv,0.0,39.98524,-84.0,-39.98524,64.0,0.0,39.52387,-92.0,-39.52387,24.0,158.5568,39.5239,100.0,-119.03293000000001,32.0,23.80659,23.806600000000003,0.0,-15.871058999999999,-48.0
639,event_000639.csv,0.0,39.98524,-76.0,-39.98524,-12.0,0.0,39.52387,-88.0,-39.52387,-84.0,118.8792,79.20150000000001,-40.0,-39.67766999999999,-68.0,23.80659,23.806600000000003,0.0,-7.93553,-16.0
640,event_000640.csv,0.0,39.98524,-96.0,0.0,-100.0,0.0,39.52387,-56.0,-39.52387,48.0,118.8792,79.20150000000001,12.0,-79.35533,-8.0,23.80659,23.806600000000003,0.0,-7.93553,-64.0
641,event_000641.csv,0.0,39.98524,-96.0,-39.98524,-36.0,0.0,39.52387,-88.0,-39.52387,-44.0,158.5568,39.5239,8.0,-119.03293000000001,120.0,23.80659,23.806600000000003,0.0,-15.871058999999999,-40.0
642,event_000642.csv,0.0,39.98524,-92.0,-39.98524,-72.0,0.0,39.52387,-24.0,-39.52387,128.0,118.8792,118.8792,12.0,-39.67766999999999,-24.0,23.80659,23.806600000000003,0.0,-7.93553,-88.0
643,event_000643.csv,0.0,39.98524,-76.0,0.0,-100.0,0.0,39.52387,-24.0,-39.52387,-76.0,118.8792,79.20150000000001,20.0,-39.67766999999999,-56.0,23.80659,23.806600000000003,0.0,-7.93553,-88.0
644,event_000644.csv,0.0,39.98524,-80.0,0.0,-100.0,0.0,39.52387,-72.0,-39.52387,-52.0,158.5568,39.5239,-56.0,-79.35527,-12.0,23.80659,23.806600000000003,0.0,-15.871058999999999,-36.0
645,event_000645.csv,0.0,39.98524,-80.0,0.0,-100.0,0.0,39.52387,-40.0,-39.52387,-60.0,118.8792,118.8792,-40.0,-79.35533,-20.0,23.80659,23.806600000000003,0.0,-15.871058999999999,20.0
646,event_000646.csv,0.0,39.98524,-92.0,0.0,-100.0,0.0,39.52387,-44.0,-39.52387,-48.0,118.8792,79.20150000000001,20.0,-79.35533,176.0,23.80659,23.806600000000003,0.0,-15.871058999999999,-36.0
647,event_000647.csv,0.0,39.98524,-56.0,0.0,-100.0,0.0,39.52387,112.0,-39.52387,8.0,118.8792,79.20150000000001,-80.0,-39.67766999999999,-96.0,31.74213,15.871060000000003,0.0,-23.806599,-20.0
648,event_000648.csv,0.0,39.98524,-72.0,0.0,-100.0,0.0,39.52387,-96.0,-39.52387,108.0,158.5568,39.5239,-36.0,-119.03293000000001,4.0,23.80659,23.806600000000003,0.0,-15.871058999999999,20.0
649,event_000649.csv,0.0,39.98524,-48.0,0.0,-100.0,0.0,39.52387,-24.0,-39.52387,-76.0,118.8792,79.20150000000001,-40.0,-39.67766999999999,-92.0,23.80659,23.806600000000003,0.0,-15.871058999999999,-28.0
650,event_000650.csv,0.0,39.98524,-72.0,0.0,-100.0,0.0,39.52387,-64.0,-39.52387,-28.0,118.8792,79.20150000000001,-40.0,-39.67766999999999,-64.0,23.80659,23.806600000000003,0.0,-15.871058999999999,20.0
651,event_000651.csv,0.0,79.97047,112.0,-39.98524,-52.0,0.0,39.52387,-72.0,-39.52387,-44.0,118.8792,79.20150000000001,-84.0,-79.35533,124.0,15.87106,31.742130000000003,0.0,-15.87106,20.0
652,event_000652.csv,0.0,39.98524,-76.0,-39.98524,12.0,0.0,39.52387,-88.0,-39.52387,12.0,118.8792,118.8792,32.0,-39.67766999999999,-100.0,23.80659,23.806600000000003,0.0,-7.93553,-76.0
653,event_000653.csv,0.0,39.98524,-68.0,0.0,-100.0,0.0,39.52387,4.0,-39.52387,-64.0,158.5568,79.20159999999998,144.0,-79.35527,-12.0,23.80659,23.806600000000003,0.0,-15.871058999999999,16.0
654,event_000654.csv,0.0,39.98524,-100.0,0.0,-96.0,0.0,39.52387,-68.0,-39.52387,176.0,118.8792,79.20150000000001,-84.0,-39.67766999999999,-8.0,23.80659,23.806600000000003,0.0,-7.93553,-80.0
655,event_000655.csv,0.0,39.98524,-92.0,-39.98524,156.0,0.0,39.52387,-24.0,0.0,-100.0,118.8792,118.8792,12.0,-39.67766999999999,-56.0,23.80659,23.806600000000003,0.0,-23.80659,28.0
656,event_000656.csv,0.0,39.98524,-88.0,-39.98524,-44.0,0.0,39.52387,-96.0,-39.52387,-68.0,118.8792,118.8792,-40.0,-39.67766999999999,-68.0,23.80659,23.806600000000003,0.0,-15.871058999999999,-40.0
657,event_000657.csv,0.0,39.98524,-96.0,-39.98524,172.0,0.0,39.52387,-96.0,-39.52387,-84.0,118.8792,79.20150000000001,4.0,-39.67766999999999,-36.0,23.80659,23.806600000000003,0.0,-15.871058999999999,16.0
658,event_000658.csv,0.0,39.98524,-80.0,-39.98524,164.0,0.0,39.52387,68.0,-39.52387,28.0,158.5568,39.5239,104.0,-119.03293000000001,84.0,23.80659,23.806600000000003,0.0,-15.871058999999999,-36.0
659,event_000659.csv,0.0,39.98524,-80.0,-39.98524,-100.0,0.0,39.52387,-96.0,-39.52387,-72.0,118.8792,158.55679999999998,100.0,-118.8792,124.0,23.80659,23.806600000000003,0.0,-15.871058999999999,16.0
660,event_000660.csv,0.0,39.98524,-84.0,-39.98524,64.0,0.0,39.52387,-52.0,-39.52387,-96.0,118.8792,79.20150000000001,12.0,-39.67766999999999,-88.0,23.80659,23.806600000000003,0.0,-15.871058999999999,-40.0
661,event_000661.csv,0.0,39.98524,-76.0,0.0,-100.0,0.0,39.52387,-40.0,-39.52387,84.0,118.8792,118.8792,148.0,-39.67766999999999,-100.0,23.80659,23.806600000000003,0.0,-15.871058999999999,-36.0
662,event_000662.csv,0.0,39.98524,-96.0,-39.98524,-4.0,0.0,39.52387,-96.0,-39.52387,-28.0,118.8792,79.20150000000001,-80.0,-39.67766999999999,120.0,23.80659,23.806600000000003,0.0,-15.871058999999999,-52.0
663,event_000663.csv,0.0,39.98524,-80.0,0.0,-100.0,0.0,39.52387,-96.0,-39.52387,-100.0,118.8792,79.20150000000001,-48.0,-39.67766999999999,-100.0,23.80659,23.806600000000003,0.0,-15.871058999999999,-40.0
664,event_000664.csv,0.0,39.98524,-92.0,-39.98524,96.0,0.0,79.20153,-20.0,-39.52387,-48.0,118.8792,79.20150000000001,20.0,-79.35533,176.0,31.74213,15.871060000000003,0.0,-15.87107,-64.0
665,event_000665.csv,0.0,39.98524,-12.0,-39.98524,-64.0,0.0,79.20153,-52.0,-39.52387,152.0,118.8792,118.8792,100.0,-39.67766999999999,-20.0,31.74213,15.871060000000003,0.0,-23.806599,-36.0
666,event_000666.csv,0.0,39.98524,-68.0,-39.98524,-80.0,0.0,39.52387,0.0,-39.52387,-36.0,118.8792,79.20150000000001,8.0,-39.67766999999999,-96.0,23.80659,23.806600000000003,0.0,-15.871058999999999,-28.0
667,event_000667.csv,0.0,39.98524,-76.0,-39.98524,28.0,0.0,39.52387,-64.0,-39.52387,-92.0,138.71800000000002,99.04039999999998,152.0,-99.19413000000002,124.0,23.80659,23.806600000000003,0.0,-23.80659,156.0
668,event_000668.csv,0.0,39.98524,-40.0,-39.98524,-92.0,0.0,39.52387,-64.0,-39.52387,-100.0,138.71800000000002,59.36269999999999,56.0,-59.51647000000001,-100.0,23.80659,23.806600000000003,0.0,-15.871058999999999,60.0
669,event_000669.csv,0.0,39.98524,-100.0,-39.98524,184.0,0.0,39.52387,-60.0,-39.52387,-56.0,118.8792,79.20150000000001,144.0,-79.35533,168.0,23.80659,23.806600000000003,0.0,-7.93553,-92.0
670,event_000670.csv,0.0,39.98524,-76.0,-39.98524,92.0,0.0,39.52387,-64.0,-39.52387,-76.0,118.8792,79.20150000000001,-96.0,-79.35533,40.0,23.80659,23.806600000000003,0.0,-15.871058999999999,-60.0
671,event_000671.csv,0.0,39.98524,-100.0,0.0,-96.0,0.0,39.52387,-64.0,-39.52387,-100.0,118.8792,2933.8398,8.0,-39.67766999999999,-32.0,7.935531,39.677659000000006,0.0,-7.935531,-20.0
672,event_000672.csv,0.0,39.98524,-56.0,0.0,-100.0,0.0,39.52387,-96.0,-39.52387,-92.0,118.8792,79.20150000000001,8.0,-39.67766999999999,-12.0,23.80659,23.806600000000003,0.0,-15.871058999999999,20.0
673,event_000673.csv,0.0,39.98524,-92.0,-39.98524,-64.0,0.0,39.52387,52.0,-39.52387,-40.0,118.8792,79.20150000000001,148.0,-79.35533,32.0,23.80659,23.806600000000003,0.0,-23.80659,-40.0
674,event_000674.csv,0.0,39.98524,-100.0,0.0,-96.0,0.0,39.52387,-64.0,-39.52387,-44.0,158.5568,39.5239,-92.0,-79.35527,-36.0,23.80659,23.806600000000003,0.0,-15.871058999999999,-28.0
675,event_000675.csv,0.0,1799.951,0.0,0.0,-100.0,0.0,2419.568,0.0,0.0,-100.0,118.8792,4881.1208,0.0,-39.67766999999999,-68.0,-7.935531,87.321601,4.0,-7.935529,-16.0
676,event_000676.csv,0.0,39.98524,-92.0,0.0,-100.0,0.0,39.52387,-92.0,-39.52387,-72.0,118.8792,118.8792,12.0,-118.8792,0.0,23.80659,23.806600000000003,0.0,-15.871058999999999,16.0
677,event_000677.csv,0.0,39.98524,-96.0,-39.98524,-36.0,0.0,39.52387,56.0,-39.52387,20.0,118.8792,79.20150000000001,16.0,-39.67766999999999,-84.0,15.87106,31.742130000000003,0.0,-7.935529,-100.0
678,event_000678.csv,0.0,39.98524,-100.0,0.0,-96.0,0.0,39.52387,-96.0,-39.52387,-28.0,138.71800000000002,59.36269999999999,-88.0,-59.51647000000001,-12.0,23.80659,23.806600000000003,0.0,-7.93553,-68.0
679,event_000679.csv,0.0,39.98524,-96.0,-39.98524,-52.0,0.0,39.52387,-96.0,-39.52387,-92.0,118.8792,79.20150000000001,8.0,-39.67766999999999,-68.0,23.80659,23.806600000000003,0.0,-15.871058999999999,-40.0
680,event_000680.csv,0.0,39.98524,-96.0,-39.98524,-68.0,0.0,39.52387,-88.0,-39.52387,-20.0,118.8792,118.8792,-16.0,-118.8792,-4.0,23.80659,31.742130000000003,0.0,-15.871058999999999,-16.0
681,event_000681.csv,0.0,39.98524,-96.0,-39.98524,108.0,0.0,39.52387,-40.0,-39.52387,-68.0,158.5568,39.5239,-48.0,-79.35527,-20.0,23.80659,23.806600000000003,0.0,-15.871058999999999,-36.0
682,event_000682.csv,0.0,39.98524,-100.0,-39.98524,120.0,0.0,39.52387,-92.0,-39.52387,-56.0,118.8792,79.20150000000001,12.0,-39.67766999999999,36.0,23.80659,23.806600000000003,0.0,-7.93553,-88.0
683,event_000683.csv,0.0,39.98524,-88.0,-39.98524,76.0,0.0,39.52387,-8.0,-39.52387,100.0,118.8792,79.20150000000001,52.0,-39.67766999999999,28.0,23.80659,23.806600000000003,0.0,-7.93553,4.0
684,event_000684.csv,0.0,39.98524,-96.0,0.0,-100.0,0.0,39.52387,-96.0,-39.52387,36.0,118.8792,118.8792,144.0,-79.35533,124.0,23.80659,23.806600000000003,0.0,-15.871058999999999,-36.0
685,event_000685.csv,0.0,39.98524,-64.0,-39.98524,60.0,0.0,39.52387,-16.0,-39.52387,-92.0,118.8792,79.20150000000001,104.0,-39.67766999999999,44.0,31.74213,15.871060000000003,0.0,-15.87107,-36.0
686,event_000686.csv,0.0,39.98524,-100.0,-39.98524,72.0,0.0,39.52387,-92.0,-39.52387,-80.0,118.8792,79.20150000000001,-28.0,-39.67766999999999,-88.0,23.80659,23.806600000000003,0.0,-15.871058999999999,-36.0
687,event_000687.csv,0.0,39.98524,-92.0,-39.98524,144.0,0.0,39.52387,-52.0,-39.52387,-80.0,118.8792,79.20150000000001,-40.0,-39.67766999999999,-80.0,23.80659,23.806600000000003,0.0,-15.871058999999999,-40.0
688,event_000688.csv,0.0,39.98524,-80.0,-39.98524,-52.0,0.0,39.52387,-24.0,-39.52387,-36.0,118.8792,79.20150000000001,-48.0,-39.67766999999999,44.0,23.80659,23.806600000000003,0.0,-15.871058999999999,-36.0
689,event_000689.csv,0.0,39.98524,-76.0,-39.98524,-16.0,0.0,39.52387,-76.0,-39.52387,-72.0,118.8792,79.20150000000001,16.0,-39.67766999999999,-48.0,23.80659,23.806600000000003,0.0,-15.871058999999999,4.0
690,event_000690.csv,0.0,39.98524,-96.0,-39.98524,-44.0,0.0,39.52387,-40.0,-39.52387,-60.0,158.5568,39.5239,-36.0,-119.03293000000001,52.0,23.80659,23.806600000000003,0.0,-7.93553,-64.0
691,event_000691.csv,0.0,39.98524,-72.0,-39.98524,-76.0,0.0,39.52387,-64.0,-39.52387,84.0,158.5568,79.20159999999998,-28.0,-79.35527,48.0,23.80659,23.806600000000003,0.0,-7.93553,-64.0
692,event_000692.csv,0.0,39.98524,-96.0,0.0,-100.0,0.0,39.52387,-32.0,0.0,-100.0,118.8792,79.20150000000001,-40.0,-39.67766999999999,-20.0,23.80659,23.806600000000003,0.0,-23.80659,20.0
693,event_000693.csv,0.0,39.98524,-80.0,-39.98524,168.0,0.0,39.52387,8.0,-39.52387,20.0,158.5568,79.20159999999998,16.0,-79.35527,-88.0,23.80659,23.806600000000003,0.0,-15.871058999999999,-36.0
694,event_000694.csv,0.0,39.98524,-92.0,-39.98524,184.0,0.0,39.52387,-100.0,-39.52387,40.0,138.71800000000002,59.36269999999999,-80.0,-99.19413000000002,-96.0,23.80659,23.806600000000003,0.0,-15.871058999999999,24.0
695,event_000695.csv,0.0,39.98524,-84.0,-39.98524,8.0,0.0,39.52387,-68.0,-39.52387,-24.0,118.8792,79.20150000000001,-92.0,-39.67766999999999,-56.0,23.80659,23.806600000000003,0.0,-7.93553,-40.0
696,event_000696.csv,0.0,39.98524,-84.0,-39.98524,-100.0,0.0,39.52387,-80.0,-39.52387,36.0,118.8792,1149.7297999999998,8.0,-39.67766999999999,-92.0,23.80659,23.806600000000003,0.0,-7.93553,-44.0
697,event_000697.csv,0.0,39.98524,-92.0,-39.98524,-80.0,0.0,39.52387,76.0,-39.52387,-56.0,158.5568,0.0,-92.0,-79.35527,-68.0,23.80659,23.806600000000003,0.0,-15.871058999999999,16.0
698,event_000698.csv,0.0,39.98524,-96.0,-39.98524,-60.0,0.0,39.52387,-24.0,-39.52387,-68.0,138.71800000000002,59.36269999999999,-40.0,-59.51647000000001,-20.0,23.80659,23.806600000000003,0.0,-15.871058999999999,-28.0
699,event_000699.csv,0.0,39.98524,-64.0,0.0,-100.0,0.0,39.52387,-48.0,-39.52387,28.0,158.5568,277.4361,-68.0,-119.03293000000001,80.0,23.80659,23.806600000000003,0.0,-7.93553,116.0
700,event_000700.csv,0.0,39.98524,-84.0,0.0,-100.0,0.0,39.52387,-44.0,-39.52387,-96.0,118.8792,79.20150000000001,-52.0,-39.67766999999999,-88.0,23.80659,23.806600000000003,0.0,-15.871058999999999,-40.0
701,event_000701.csv,0.0,39.98524,-76.0,-39.98524,-64.0,0.0,39.52387,-68.0,-39.52387,-72.0,118.8792,118.8792,144.0,-39.67766999999999,-64.0,23.80659,23.806600000000003,0.0,-15.871058999999999,-36.0
702,event_000702.csv,0.0,39.98524,-76.0,-39.98524,176.0,0.0,39.52387,-68.0,-39.52387,-64.0,158.5568,39.5239,-28.0,-79.35527,-48.0,23.80659,23.806600000000003,0.0,-7.93553,-28.0
703,event_000703.csv,0.0,39.98524,-88.0,0.0,-100.0,0.0,39.52387,-88.0,-39.52387,-92.0,118.8792,118.8792,64.0,-79.35533,36.0,23.80659,23.806600000000003,0.0,-15.871058999999999,20.0
704,event_000704.csv,0.0,39.98524,-84.0,-39.98524,40.0,0.0,39.52387,-44.0,-39.52387,152.0,118.8792,79.20150000000001,16.0,0.0,-96.0,23.80659,23.806600000000003,0.0,-15.871058999999999,-40.0
705,event_000705.csv,0.0,39.98524,-96.0,0.0,-100.0,0.0,39.52387,32.0,-39.52387,-60.0,158.5568,79.20159999999998,16.0,-119.03293000000001,124.0,23.80659,23.806600000000003,0.0,-23.80659,20.0
706,event_000706.csv,0.0,39.98524,-64.0,-39.98524,136.0,0.0,39.52387,20.0,-39.52387,-80.0,118.8792,79.20150000000001,20.0,-39.67766999999999,-88.0,23.80659,23.806600000000003,0.0,-15.871058999999999,-40.0
707,event_000707.csv,0.0,39.98524,-64.0,0.0,-100.0,0.0,39.52387,-72.0,-39.52387,-76.0,118.8792,79.20150000000001,-80.0,-39.67766999999999,-8.0,31.74213,15.871060000000003,0.0,-15.87107,-52.0
708,event_000708.csv,0.0,39.98524,-76.0,-39.98524,-16.0,0.0,39.52387,-80.0,-39.52387,-84.0,118.8792,79.20150000000001,-56.0,-39.67766999999999,-96.0,23.80659,23.806600000000003,0.0,-15.871058999999999,-40.0
709,event_000709.csv,0.0,39.98524,-88.0,-39.98524,-4.0,0.0,39.52387,-88.0,-39.52387,68.0,158.5568,39.5239,192.0,-119.03293000000001,172.0,23.80659,23.806600000000003,0.0,-7.93553,-64.0
710,event_000710.csv,0.0,39.98524,-68.0,-39.98524,24.0,0.0,39.52387,-84.0,-39.52387,-48.0,118.8792,79.20150000000001,-52.0,-39.67766999999999,-72.0,23.80659,23.806600000000003,0.0,-15.871058999999999,-36.0
711,event_000711.csv,0.0,39.98524,-88.0,-39.98524,20.0,0.0,39.52387,-64.0,-39.52387,12.0,118.8792,79.20150000000001,-24.0,-39.67766999999999,-8.0,23.80659,23.806600000000003,0.0,-15.871058999999999,-36.0
712,event_000712.csv,0.0,39.98524,-100.0,-39.98524,128.0,0.0,39.52387,12.0,-39.52387,-72.0,118.8792,79.20150000000001,-92.0,-39.67766999999999,0.0,23.80659,23.806600000000003,0.0,-7.93553,-64.0
713,event_000713.csv,0.0,39.98524,-96.0,0.0,-100.0,0.0,39.52387,-88.0,-39.52387,-12.0,118.8792,79.20150000000001,-28.0,-39.67766999999999,-8.0,19.838825,27.774365000000003,0.0,-11.903293999999999,-36.0
714,event_000714.csv,0.0,39.98524,-72.0,0.0,-100.0,0.0,39.52387,-80.0,-39.52387,76.0,118.8792,79.20150000000001,140.0,-39.67766999999999,-12.0,31.74213,15.871060000000003,0.0,-15.87107,-44.0
715,event_000715.csv,0.0,39.98524,-72.0,-39.98524,-68.0,0.0,39.52387,-100.0,-39.52387,-60.0,118.8792,158.55679999999998,32.0,-79.35533,4.0,23.80659,23.806600000000003,0.0,-15.871058999999999,-20.0
716,event_000716.csv,0.0,39.98524,-36.0,-39.98524,-52.0,0.0,39.52387,-88.0,-39.52387,-68.0,118.8792,79.20150000000001,16.0,-39.67766999999999,-32.0,23.80659,23.806600000000003,0.0,-15.871058999999999,-36.0
717,event_000717.csv,0.0,39.98524,-96.0,0.0,-100.0,0.0,39.52387,-96.0,-39.52387,60.0,118.8792,79.20150000000001,8.0,-39.67766999999999,-68.0,23.80659,23.806600000000003,0.0,-15.871058999999999,20.0
718,event_000718.csv,0.0,39.98524,-72.0,-39.98524,176.0,0.0,39.52387,-40.0,-39.52387,-76.0,158.5568,79.20159999999998,-40.0,-79.35527,-64.0,15.87106,31.742130000000003,0.0,-23.806591,-36.0
719,event_000719.csv,0.0,39.98524,-88.0,-39.98524,28.0,0.0,39.52387,-96.0,-39.52387,-76.0,118.8792,118.8792,144.0,-39.67766999999999,116.0,23.80659,23.806600000000003,0.0,-15.871058999999999,-52.0
720,event_000720.csv,0.0,39.98524,-48.0,-39.98524,-36.0,0.0,39.52387,-96.0,-39.52387,-92.0,138.71800000000002,59.36269999999999,16.0,-59.51647000000001,-36.0,27.77436,19.83883,0.0,-19.838829,-52.0
721,event_000721.csv,0.0,39.98524,-92.0,-39.98524,112.0,0.0,39.52387,-68.0,-39.52387,-48.0,118.8792,79.20150000000001,-28.0,-39.67766999999999,-48.0,23.80659,23.806600000000003,0.0,-15.871058999999999,-40.0
722,event_000722.csv,0.0,39.98524,-92.0,-39.98524,-64.0,0.0,39.52387,-32.0,-39.52387,-60.0,118.8792,79.20150000000001,-48.0,-79.35533,36.0,23.80659,23.806600000000003,0.0,-7.93553,-52.0
723,event_000723.csv,0.0,39.98524,-96.0,0.0,-100.0,0.0,39.52387,-72.0,-39.52387,44.0,158.5568,39.5239,-16.0,-79.35527,-100.0,23.80659,23.806600000000003,0.0,-15.871058999999999,-36.0
724,event_000724.csv,0.0,39.98524,-68.0,-39.98524,-92.0,0.0,39.52387,-64.0,-39.52387,-100.0,118.8792,118.8792,12.0,-79.35533,36.0,23.80659,23.806600000000003,0.0,-7.93553,16.0
725,event_000725.csv,0.0,39.98524,-92.0,-39.98524,28.0,0.0,39.52387,-56.0,0.0,-100.0,138.71800000000002,59.36269999999999,-28.0,-59.51647000000001,-100.0,23.80659,23.806600000000003,0.0,-7.93553,-64.0
726,event_000726.csv,0.0,39.98524,-48.0,-39.98524,44.0,0.0,39.52387,-80.0,-39.52387,-84.0,118.8792,79.20150000000001,-48.0,-39.67766999999999,-20.0,23.80659,23.806600000000003,0.0,-15.871058999999999,-36.0
727,event_000727.csv,0.0,39.98524,-92.0,-39.98524,-88.0,0.0,39.52387,4.0,-39.52387,56.0,118.8792,79.20150000000001,20.0,-79.35533,120.0,23.80659,23.806600000000003,0.0,-7.93553,-40.0
728,event_000728.csv,0.0,39.98524,-72.0,0.0,-100.0,0.0,39.52387,-80.0,-39.52387,156.0,118.8792,118.8792,8.0,-79.35533,-12.0,31.74213,15.871060000000003,0.0,-15.87107,12.0
729,event_000729.csv,0.0,119.9557,-32.0,0.0,-100.0,0.0,39.52387,-88.0,-39.52387,-92.0,118.8792,79.20150000000001,-32.0,-79.35533,124.0,23.80659,23.806600000000003,0.0,-15.871058999999999,-28.0
730,event_000730.csv,0.0,39.98524,-64.0,0.0,-100.0,0.0,39.52387,-100.0,-39.52387,24.0,118.8792,79.20150000000001,-36.0,-79.35533,-4.0,23.80659,23.806600000000003,0.0,-15.871058999999999,-16.0
731,event_000731.csv,0.0,39.98524,-64.0,-39.98524,-44.0,0.0,39.52387,-96.0,-39.52387,-60.0,118.8792,79.20150000000001,-40.0,-39.67766999999999,-16.0,23.80659,23.806600000000003,0.0,-15.871058999999999,-36.0
732,event_000732.csv,0.0,39.98524,-100.0,-39.98524,56.0,0.0,79.20153,68.0,-39.52387,-96.0,118.8792,79.20150000000001,-84.0,-39.67766999999999,-4.0,23.80659,23.806600000000003,0.0,-15.871058999999999,-40.0
733,event_000733.csv,0.0,39.98524,-84.0,0.0,-100.0,0.0,39.52387,-20.0,-39.52387,-16.0,118.8792,79.20150000000001,8.0,-39.67766999999999,36.0,23.80659,23.806600000000003,0.0,-15.871058999999999,-40.0
734,event_000734.csv,0.0,39.98524,-76.0,-39.98524,64.0,0.0,79.20153,-100.0,-39.52387,120.0,118.8792,79.20150000000001,-44.0,-39.67766999999999,0.0,23.80659,23.806600000000003,0.0,-15.871058999999999,20.0
735,event_000735.csv,0.0,39.98524,-68.0,0.0,-100.0,0.0,39.52387,44.0,-39.52387,-56.0,118.8792,79.20150000000001,-60.0,-39.67766999999999,-96.0,23.80659,23.806600000000003,0.0,-15.871058999999999,-36.0
736,event_000736.csv,0.0,39.98524,-96.0,0.0,-100.0,0.0,39.52387,-72.0,-39.52387,-100.0,118.8792,79.20150000000001,8.0,-79.35533,36.0,23.80659,23.806600000000003,0.0,-23.80659,-40.0
737,event_000737.csv,0.0,39.98524,-96.0,-39.98524,-100.0,0.0,39.52387,24.0,-39.52387,-100.0,118.8792,79.20150000000001,-32.0,-39.67766999999999,-8.0,23.80659,23.806600000000003,0.0,-15.871058999999999,16.0
738,event_000738.csv,0.0,39.98524,-100.0,-39.98524,-52.0,0.0,39.52387,-52.0,-39.52387,-56.0,118.8792,79.20150000000001,-40.0,-79.35533,128.0,23.80659,23.806600000000003,0.0,-15.871058999999999,16.0
739,event_000739.csv,0.0,39.98524,-88.0,0.0,-100.0,0.0,39.52387,-88.0,-39.52387,-60.0,118.8792,79.20150000000001,-52.0,-39.67766999999999,-12.0,23.80659,23.806600000000003,0.0,-7.93553,-52.0
740,event_000740.csv,0.0,39.98524,-84.0,-39.98524,-40.0,0.0,39.52387,-44.0,-39.52387,0.0,138.71800000000002,99.04039999999998,16.0,-99.19413000000002,-8.0,15.87106,31.742130000000003,0.0,-15.87106,72.0
741,event_000741.csv,0.0,39.98524,-100.0,-39.98524,176.0,0.0,39.52387,-72.0,-39.52387,-80.0,158.5568,79.20159999999998,8.0,-79.35527,184.0,23.80659,23.806600000000003,0.0,-15.871058999999999,8.0
742,event_000742.csv,0.0,39.98524,-88.0,-39.98524,20.0,0.0,39.52387,-88.0,-39.52387,-52.0,118.8792,79.20150000000001,20.0,-39.67766999999999,-68.0,23.80659,23.806600000000003,0.0,-15.871058999999999,-40.0
743,event_000743.csv,0.0,39.98524,-76.0,-39.98524,60.0,0.0,39.52387,56.0,-39.52387,-12.0,138.71800000000002,59.36269999999999,24.0,-59.51647000000001,-4.0,23.80659,23.806600000000003,0.0,-7.93553,20.0
744,event_000744.csv,0.0,39.98524,-100.0,-39.98524,-44.0,0.0,39.52387,-60.0,-39.52387,-92.0,118.8792,79.20150000000001,8.0,-39.67766999999999,112.0,23.80659,23.806600000000003,0.0,-7.93553,-64.0
745,event_000745.csv,0.0,39.98524,-56.0,0.0,-100.0,0.0,39.52387,-48.0,-39.52387,-84.0,118.8792,118.8792,4.0,-118.8792,-12.0,15.87106,31.742130000000003,0.0,-15.87106,-40.0
746,event_000746.csv,0.0,39.98524,-84.0,-39.98524,-96.0,0.0,39.52387,-100.0,-39.52387,-32.0,118.8792,79.20150000000001,-28.0,-79.35533,176.0,23.80659,23.806600000000003,0.0,-7.93553,-40.0
747,event_000747.csv,0.0,39.98524,-100.0,-39.98524,84.0,0.0,39.52387,-80.0,-39.52387,-92.0,118.8792,79.20150000000001,8.0,-39.67766999999999,-76.0,23.80659,23.806600000000003,0.0,-7.93553,-36.0
748,event_000748.csv,0.0,39.98524,-72.0,-39.98524,-64.0,0.0,39.52387,104.0,-39.52387,-52.0,158.5568,39.5239,24.0,-79.35527,-92.0,23.80659,23.806600000000003,0.0,-15.871058999999999,-60.0
749,event_000749.csv,0.0,39.98524,-48.0,-39.98524,-100.0,0.0,39.52387,-96.0,-39.52387,-100.0,118.8792,118.8792,144.0,-39.67766999999999,40.0,23.80659,23.806600000000003,0.0,-15.871058999999999,-36.0
750,event_000750.csv,0.0,39.98524,-64.0,-39.98524,-52.0,0.0,39.52387,-56.0,-39.52387,-84.0,118.8792,79.20150000000001,-28.0,-39.67766999999999,-84.0,15.87106,31.742130000000003,0.0,-15.87106,-40.0
751,event_000751.csv,0.0,39.98524,-88.0,-39.98524,-72.0,0.0,39.52387,-88.0,-39.52387,52.0,118.8792,4757.627799999999,12.0,-39.67766999999999,-28.0,7.935531,55.579479,4.0,-7.935531,-68.0
752,event_000752.csv,0.0,39.98524,-100.0,0.0,-96.0,0.0,39.52387,-64.0,-39.52387,-100.0,158.5568,39.5239,-56.0,-119.03293000000001,-76.0,23.80659,23.806600000000003,0.0,-15.871058999999999,-40.0
753,event_000753.csv,0.0,39.98524,-84.0,-39.98524,-92.0,0.0,39.52387,-80.0,-39.52387,-68.0,118.8792,79.20150000000001,-40.0,-39.67766999999999,116.0,23.80659,23.806600000000003,0.0,-7.93553,-40.0
754,event_000754.csv,0.0,39.98524,-64.0,-39.98524,-68.0,0.0,39.52387,-96.0,-39.52387,-52.0,158.5568,79.20159999999998,8.0,-119.03293000000001,24.0,31.74213,15.871060000000003,0.0,-15.87107,8.0
755,event_000755.csv,0.0,39.98524,-100.0,0.0,-96.0,0.0,39.52387,-56.0,-39.52387,-28.0,158.5568,79.20159999999998,144.0,-119.03293000000001,120.0,23.80659,23.806600000000003,0.0,-15.871058999999999,-40.0
756,event_000756.csv,0.0,39.98524,-92.0,0.0,-100.0,0.0,39.52387,-8.0,-39.52387,-84.0,118.8792,118.8792,96.0,-39.67766999999999,124.0,31.74213,15.871060000000003,0.0,-15.87107,-64.0
757,event_000757.csv,0.0,39.98524,-88.0,-39.98524,-76.0,0.0,39.52387,-48.0,-39.52387,-60.0,118.8792,79.20150000000001,-40.0,-39.67766999999999,-76.0,23.80659,23.806600000000003,0.0,-15.871058999999999,-36.0
758,event_000758.csv,0.0,39.98524,-72.0,-39.98524,-76.0,0.0,39.52387,-88.0,-39.52387,-76.0,118.8792,118.8792,-76.0,-79.35533,-60.0,15.87106,31.742130000000003,0.0,-15.87106,-36.0
759,event_000759.csv,0.0,39.98524,-96.0,-39.98524,92.0,0.0,39.52387,-56.0,-39.52387,180.0,118.8792,79.20150000000001,-60.0,-39.67766999999999,120.0,23.80659,31.742130000000003,0.0,-15.871058999999999,-40.0
760,event_000760.csv,0.0,39.98524,-52.0,-39.98524,128.0,0.0,39.52387,-96.0,-39.52387,44.0,118.8792,79.20150000000001,92.0,-79.35533,164.0,23.80659,23.806600000000003,0.0,-15.871058999999999,156.0
761,event_000761.csv,0.0,2079.847,4.0,0.0,-100.0,0.0,2181.502,12.0,-39.52387,-40.0,118.8792,4881.1208,0.0,-39.67766999999999,-24.0,0.0,87.3216,8.0,-15.87106,-16.0
762,event_000762.csv,0.0,39.98524,-92.0,0.0,-100.0,0.0,39.52387,44.0,-39.52387,-32.0,118.8792,79.20150000000001,4.0,-118.8792,80.0,23.80659,23.806600000000003,0.0,-15.871058999999999,-20.0
763,event_000763.csv,0.0,39.98524,-96.0,0.0,-100.0,0.0,39.52387,-72.0,-39.52387,0.0,118.8792,79.20150000000001,-80.0,-39.67766999999999,-100.0,23.80659,23.806600000000003,0.0,-15.871058999999999,-36.0
764,event_000764.csv,0.0,39.98524,-92.0,0.0,-100.0,0.0,39.52387,-68.0,-39.52387,120.0,118.8792,118.8792,-40.0,-79.35533,-72.0,23.80659,23.806600000000003,0.0,-7.93553,-20.0
765,event_000765.csv,0.0,39.98524,-88.0,-39.98524,96.0,0.0,39.52387,40.0,-39.52387,-36.0,118.8792,79.20150000000001,-100.0,-118.8792,-64.0,23.80659,23.806600000000003,0.0,-7.93553,-76.0
766,event_000766.csv,0.0,39.98524,-64.0,-39.98524,-76.0,0.0,39.52387,-88.0,-39.52387,-36.0,118.8792,79.20150000000001,-88.0,-39.67766999999999,-60.0,23.80659,23.806600000000003,0.0,-15.871058999999999,-36.0
767,event_000767.csv,0.0,39.98524,-76.0,-39.98524,16.0,0.0,39.52387,-36.0,-39.52387,-80.0,118.8792,79.20150000000001,-68.0,-39.67766999999999,8.0,23.80659,23.806600000000003,0.0,-15.871058999999999,-8.0
768,event_000768.csv,0.0,39.98524,-48.0,-39.98524,-84.0,0.0,39.52387,-72.0,-39.52387,-84.0,118.8792,79.20150000000001,16.0,-79.35533,40.0,23.80659,23.806600000000003,0.0,-15.871058999999999,28.0
769,event_000769.csv,0.0,39.98524,-92.0,0.0,-100.0,0.0,39.52387,-24.0,-39.52387,-44.0,158.5568,39.5239,-80.0,-119.03293000000001,132.0,23.80659,23.806600000000003,0.0,-15.871058999999999,20.0
770,event_000770.csv,0.0,39.98524,-84.0,0.0,-100.0,0.0,39.52387,-64.0,-39.52387,-60.0,118.8792,79.20150000000001,-40.0,-39.67766999999999,-76.0,23.80659,23.806600000000003,0.0,-15.871058999999999,-40.0
771,event_000771.csv,0.0,39.98524,-96.0,-39.98524,44.0,0.0,39.52387,-24.0,-39.52387,-36.0,158.5568,39.5239,104.0,-119.03293000000001,124.0,31.74213,15.871060000000003,0.0,-23.806599,116.0
772,event_000772.csv,0.0,39.98524,-100.0,-39.98524,-12.0,0.0,39.52387,-80.0,-39.52387,-68.0,118.8792,79.20150000000001,8.0,-39.67766999999999,-4.0,23.80659,23.806600000000003,0.0,-15.871058999999999,-36.0
773,event_000773.csv,0.0,39.98524,-24.0,0.0,-100.0,0.0,39.52387,-96.0,-39.52387,64.0,118.8792,79.20150000000001,60.0,-39.67766999999999,-64.0,23.80659,23.806600000000003,0.0,-15.871058999999999,-36.0
774,event_000774.csv,0.0,39.98524,-68.0,-39.98524,168.0,0.0,39.52387,-92.0,-39.52387,-64.0,118.8792,79.20150000000001,-80.0,-79.35533,-56.0,23.80659,23.806600000000003,0.0,-15.871058999999999,-68.0
775,event_000775.csv,0.0,39.98524,-88.0,0.0,-100.0,0.0,39.52387,-88.0,-39.52387,-100.0,138.71800000000002,59.36269999999999,-28.0,-59.51647000000001,-12.0,19.838825,27.774365000000003,0.0,-19.838825,20.0
776,event_000776.csv,0.0,39.98524,-80.0,0.0,-100.0,0.0,39.52387,-68.0,-39.52387,-64.0,158.5568,39.5239,-68.0,-79.35527,-44.0,23.80659,23.806600000000003,0.0,-7.93553,-64.0
777,event_000777.csv,0.0,39.98524,-72.0,0.0,-100.0,0.0,39.52387,-64.0,-39.52387,84.0,158.5568,39.5239,-40.0,-79.35527,0.0,15.87106,31.742130000000003,0.0,-7.935529,-40.0
778,event_000778.csv,0.0,39.98524,-84.0,0.0,-100.0,0.0,39.52387,-96.0,-39.52387,-60.0,158.5568,79.20159999999998,-20.0,-119.03293000000001,-44.0,23.80659,23.806600000000003,0.0,-15.871058999999999,-20.0
779,event_000779.csv,0.0,39.98524,-72.0,-39.98524,-48.0,0.0,39.52387,-76.0,-39.52387,24.0,118.8792,79.20150000000001,20.0,-39.67766999999999,-16.0,23.80659,23.806600000000003,0.0,-7.93553,-84.0
780,event_000780.csv,0.0,39.98524,-88.0,0.0,-100.0,0.0,39.52387,72.0,-39.52387,-60.0,118.8792,79.20150000000001,-40.0,-79.35533,-12.0,23.80659,23.806600000000003,0.0,-15.871058999999999,-28.0
781,event_000781.csv,0.0,39.98524,-32.0,-39.98524,200.0,0.0,79.20153,104.0,-39.52387,164.0,158.5568,79.20159999999998,136.0,-119.03293000000001,168.0,23.80659,23.806600000000003,0.0,-15.871058999999999,-36.0
782,event_000782.csv,0.0,39.98524,-52.0,-39.98524,20.0,0.0,39.52387,32.0,-39.52387,36.0,118.8792,118.8792,72.0,-79.35533,4.0,23.80659,23.806600000000003,0.0,-15.871058999999999,-36.0
783,event_000783.csv,0.0,39.98524,-96.0,0.0,-100.0,0.0,39.52387,-16.0,-39.52387,-60.0,118.8792,79.20150000000001,12.0,-79.35533,36.0,23.80659,23.806600000000003,0.0,-15.871058999999999,28.0
784,event_000784.csv,0.0,39.98524,-72.0,0.0,-100.0,0.0,39.52387,-80.0,-39.52387,68.0,118.8792,79.20150000000001,-40.0,-39.67766999999999,-20.0,23.80659,23.806600000000003,0.0,-15.871058999999999,-28.0
785,event_000785.csv,0.0,39.98524,-84.0,-39.98524,-88.0,0.0,39.52387,-92.0,-39.52387,8.0,118.8792,79.20150000000001,8.0,-79.35533,120.0,23.80659,23.806600000000003,0.0,-7.93553,-40.0
786,event_000786.csv,0.0,39.98524,-80.0,0.0,-100.0,0.0,39.52387,8.0,-39.52387,-68.0,118.8792,79.20150000000001,4.0,-39.67766999999999,-40.0,23.80659,23.806600000000003,0.0,-15.871058999999999,-52.0
787,event_000787.csv,0.0,39.98524,-24.0,-39.98524,52.0,0.0,39.52387,4.0,-39.52387,52.0,118.8792,79.20150000000001,-40.0,-39.67766999999999,-64.0,23.80659,23.806600000000003,0.0,-23.80659,-36.0
788,event_000788.csv,0.0,39.98524,-96.0,-39.98524,28.0,0.0,39.52387,-88.0,-39.52387,-84.0,118.8792,79.20150000000001,8.0,-39.67766999999999,-84.0,23.80659,23.806600000000003,0.0,-7.93553,8.0
789,event_000789.csv,0.0,39.98524,-100.0,0.0,-96.0,0.0,39.52387,-72.0,-39.52387,196.0,118.8792,79.20150000000001,24.0,-39.67766999999999,-12.0,15.87106,31.742130000000003,0.0,-15.87106,20.0
790,event_000790.csv,0.0,39.98524,-92.0,-39.98524,-100.0,0.0,39.52387,112.0,-39.52387,-52.0,118.8792,79.20150000000001,16.0,-79.35533,36.0,23.80659,23.806600000000003,0.0,-23.80659,20.0
791,event_000791.csv,0.0,39.98524,-92.0,0.0,-100.0,0.0,39.52387,-40.0,-39.52387,60.0,158.5568,39.5239,16.0,-79.35527,-36.0,15.87106,31.742130000000003,0.0,-15.87106,20.0
792,event_000792.csv,0.0,39.98524,-76.0,-39.98524,48.0,0.0,39.52387,-100.0,-39.52387,24.0,158.5568,79.20159999999998,12.0,-119.03293000000001,124.0,23.80659,23.806600000000003,0.0,-15.871058999999999,-36.0
793,event_000793.csv,0.0,39.98524,-96.0,-39.98524,-4.0,0.0,39.52387,-80.0,-39.52387,108.0,118.8792,79.20150000000001,16.0,-39.67766999999999,-20.0,23.80659,23.806600000000003,0.0,-15.871058999999999,20.0
794,event_000794.csv,0.0,39.98524,-28.0,0.0,-100.0,0.0,39.52387,-84.0,-39.52387,-80.0,118.8792,79.20150000000001,-24.0,-79.35533,120.0,23.80659,23.806600000000003,0.0,-15.871058999999999,-36.0
795,event_000795.csv,0.0,39.98524,-84.0,-39.98524,-76.0,0.0,39.52387,-80.0,-39.52387,-60.0,118.8792,79.20150000000001,-88.0,-79.35533,-64.0,23.80659,23.806600000000003,0.0,-15.871058999999999,-16.0
796,event_000796.csv,0.0,39.98524,-84.0,-39.98524,-92.0,0.0,39.52387,-96.0,-39.52387,180.0,138.71800000000002,59.36269999999999,-40.0,-59.51647000000001,-12.0,23.80659,23.806600000000003,0.0,-23.80659,-40.0
797,event_000797.csv,0.0,39.98524,-88.0,-39.98524,76.0,0.0,39.52387,-40.0,-39.52387,-60.0,118.8792,79.20150000000001,-40.0,-39.67766999999999,-24.0,23.80659,23.806600000000003,0.0,-15.871058999999999,-36.0
798,event_000798.csv,0.0,39.98524,-76.0,-39.98524,124.0,0.0,39.52387,96.0,-39.52387,92.0,158.5568,39.5239,-92.0,-79.35527,60.0,31.74213,15.871060000000003,0.0,-15.87107,-52.0
799,event_000799.csv,0.0,39.98524,-16.0,-39.98524,-76.0,0.0,39.52387,-8.0,-39.52387,12.0,118.8792,118.8792,64.0,-79.35533,-8.0,15.87106,31.742130000000003,0.0,-15.87106,28.0
800,event_000800.csv,0.0,39.98524,-96.0,-39.98524,-4.0,0.0,39.52387,-80.0,-39.52387,-100.0,158.5568,39.5239,-32.0,-79.35527,-8.0,23.80659,23.806600000000003,0.0,-7.93553,-52.0
801,event_000801.csv,0.0,39.98524,-100.0,-39.98524,36.0,0.0,39.52387,-72.0,-39.52387,-36.0,158.5568,39.5239,-40.0,-79.35527,36.0,23.80659,23.806600000000003,0.0,-15.871058999999999,-36.0
802,event_000802.csv,0.0,39.98524,-76.0,-39.98524,-20.0,0.0,39.52387,-88.0,-39.52387,-28.0,158.5568,39.5239,-48.0,-79.35527,124.0,23.80659,23.806600000000003,0.0,-15.871058999999999,-28.0
803,event_000803.csv,0.0,39.98524,-92.0,-39.98524,108.0,0.0,39.52387,184.0,-39.52387,-92.0,118.8792,79.20150000000001,192.0,-39.67766999999999,-68.0,23.80659,23.806600000000003,0.0,-7.93553,-8.0
804,event_000804.csv,0.0,39.98524,-92.0,0.0,-100.0,0.0,39.52387,-80.0,-39.52387,-92.0,118.8792,118.8792,-28.0,-39.67766999999999,-88.0,23.80659,31.742130000000003,0.0,-15.871058999999999,-28.0
805,event_000805.csv,0.0,39.98524,-88.0,-39.98524,100.0,0.0,39.52387,-80.0,-39.52387,-52.0,158.5568,39.5239,-64.0,-119.03293000000001,-80.0,23.80659,23.806600000000003,0.0,-15.871058999999999,36.0
806,event_000806.csv,0.0,39.98524,-80.0,0.0,-100.0,0.0,39.52387,-88.0,-39.52387,-100.0,118.8792,118.8792,56.0,-79.35533,36.0,23.80659,23.806600000000003,0.0,-15.871058999999999,-40.0
807,event_000807.csv,0.0,39.98524,-84.0,-39.98524,132.0,0.0,39.52387,0.0,-39.52387,-68.0,118.8792,79.20150000000001,104.0,-79.35533,84.0,23.80659,23.806600000000003,0.0,-15.871058999999999,-20.0
808,event_000808.csv,0.0,39.98524,-92.0,-39.98524,-20.0,0.0,79.20153,-32.0,-39.52387,156.0,118.8792,79.20150000000001,-76.0,-79.35533,164.0,23.80659,31.742130000000003,44.0,-23.80659,64.0
809,event_000809.csv,0.0,39.98524,-80.0,-39.98524,12.0,0.0,79.20153,-72.0,-39.52387,4.0,118.8792,79.20150000000001,104.0,-79.35533,120.0,23.80659,23.806600000000003,0.0,-15.871058999999999,-40.0
810,event_000810.csv,0.0,39.98524,-80.0,-39.98524,-52.0,0.0,39.52387,-56.0,-39.52387,-28.0,118.8792,79.20150000000001,24.0,-39.67766999999999,-52.0,23.80659,23.806600000000003,0.0,-15.871058999999999,-36.0
811,event_000811.csv,0.0,39.98524,-48.0,-39.98524,56.0,0.0,39.52387,-88.0,-39.52387,-44.0,118.8792,79.20150000000001,8.0,-79.35533,124.0,15.87106,31.742130000000003,0.0,-15.87106,-40.0
812,event_000812.csv,0.0,39.98524,-80.0,0.0,-100.0,0.0,79.20153,128.0,-39.52387,28.0,118.8792,79.20150000000001,-40.0,-39.67766999999999,-12.0,23.80659,23.806600000000003,0.0,-7.93553,-96.0
813,event_000813.csv,0.0,39.98524,-100.0,0.0,-96.0,0.0,39.52387,24.0,-39.52387,-52.0,118.8792,79.20150000000001,-40.0,-39.67766999999999,-16.0,23.80659,23.806600000000003,0.0,-15.871058999999999,-36.0
814,event_000814.csv,0.0,39.98524,-88.0,0.0,-100.0,0.0,39.52387,-96.0,-39.52387,-44.0,158.5568,39.5239,-40.0,-79.35527,-4.0,23.80659,23.806600000000003,0.0,-7.93553,-60.0
815,event_000815.csv,0.0,79.97047,152.0,0.0,-96.0,0.0,39.52387,-80.0,-39.52387,-8.0,158.5568,79.20159999999998,152.0,-79.35527,-84.0,23.80659,23.806600000000003,0.0,-15.871058999999999,-36.0
816,event_000816.csv,0.0,39.98524,-88.0,-39.98524,-44.0,0.0,39.52387,-80.0,-39.52387,-76.0,118.8792,79.20150000000001,8.0,-39.67766999999999,-84.0,23.80659,23.806600000000003,0.0,-7.93553,-52.0
817,event_000817.csv,0.0,39.98524,-72.0,-39.98524,44.0,0.0,39.52387,-8.0,-39.52387,-60.0,158.5568,39.5239,-96.0,-119.03293000000001,36.0,23.80659,23.806600000000003,0.0,-15.871058999999999,28.0
818,event_000818.csv,0.0,39.98524,-88.0,-39.98524,144.0,0.0,39.52387,-20.0,-39.52387,-96.0,118.8792,79.20150000000001,20.0,-79.35533,0.0,23.80659,23.806600000000003,0.0,-15.871058999999999,-28.0
819,event_000819.csv,0.0,39.98524,-96.0,0.0,-100.0,0.0,39.52387,-16.0,-39.52387,-60.0,138.71800000000002,99.04039999999998,16.0,-99.19413000000002,36.0,23.80659,23.806600000000003,0.0,-7.93553,-12.0
820,event_000820.csv,0.0,39.98524,-88.0,-39.98524,36.0,0.0,79.20153,72.0,-39.52387,-76.0,118.8792,79.20150000000001,24.0,-79.35533,-4.0,23.80659,23.806600000000003,0.0,-15.871058999999999,28.0
821,event_000821.csv,0.0,39.98524,-92.0,-39.98524,-32.0,0.0,39.52387,20.0,-39.52387,-44.0,158.5568,79.20159999999998,16.0,-79.35527,96.0,23.80659,23.806600000000003,0.0,-15.871058999999999,-40.0
822,event_000822.csv,0.0,79.97047,132.0,-39.98524,-96.0,0.0,39.52387,-84.0,-39.52387,-40.0,118.8792,79.20150000000001,136.0,-39.67766999999999,-96.0,23.80659,23.806600000000003,0.0,-7.93553,-48.0
823,event_000823.csv,0.0,39.98524,-88.0,0.0,-100.0,0.0,39.52387,-92.0,-39.52387,124.0,118.8792,118.8792,144.0,-39.67766999999999,-36.0,23.80659,23.806600000000003,0.0,-15.871058999999999,-40.0
824,event_000824.csv,0.0,39.98524,-88.0,0.0,-100.0,0.0,39.52387,-96.0,-39.52387,-28.0,118.8792,79.20150000000001,-40.0,-79.35533,-4.0,23.80659,23.806600000000003,0.0,-7.93553,-84.0
825,event_000825.csv,0.0,39.98524,-80.0,-39.98524,164.0,0.0,39.52387,-56.0,-39.52387,-76.0,118.8792,79.20150000000001,8.0,-79.35533,-12.0,23.80659,23.806600000000003,0.0,-15.871058999999999,16.0
826,event_000826.csv,0.0,39.98524,-80.0,-39.98524,-20.0,0.0,39.52387,-80.0,-39.52387,-12.0,118.8792,118.8792,12.0,-79.35533,-8.0,23.80659,23.806600000000003,0.0,-7.93553,16.0
827,event_000827.csv,0.0,39.98524,-100.0,0.0,-92.0,0.0,39.52387,0.0,-39.52387,-20.0,118.8792,79.20150000000001,8.0,-39.67766999999999,-60.0,23.80659,23.806600000000003,0.0,-7.93553,-60.0
828,event_000828.csv,0.0,39.98524,-64.0,-39.98524,-4.0,0.0,39.52387,-96.0,-39.52387,-84.0,158.5568,39.5239,-28.0,-79.35527,-68.0,23.80659,23.806600000000003,0.0,-15.871058999999999,20.0
829,event_000829.csv,0.0,39.98524,-88.0,-39.98524,-76.0,0.0,39.52387,-96.0,-39.52387,-92.0,118.8792,79.20150000000001,-68.0,-39.67766999999999,-92.0,23.80659,23.806600000000003,0.0,-7.93553,-64.0
830,event_000830.csv,0.0,39.98524,-52.0,-39.98524,-76.0,0.0,39.52387,-32.0,-39.52387,-84.0,118.8792,79.20150000000001,-88.0,-79.35533,116.0,23.80659,23.806600000000003,0.0,-23.80659,-36.0
831,event_000831.csv,0.0,39.98524,-100.0,-39.98524,-60.0,0.0,39.52387,-8.0,-39.52387,132.0,118.8792,79.20150000000001,-20.0,-39.67766999999999,-4.0,23.80659,23.806600000000003,0.0,-7.93553,-52.0
832,event_000832.csv,0.0,39.98524,-100.0,-39.98524,-60.0,0.0,39.52387,-72.0,-39.52387,196.0,138.71800000000002,59.36269999999999,12.0,-59.51647000000001,-44.0,23.80659,23.806600000000003,0.0,-15.871058999999999,-28.0
833,event_000833.csv,0.0,39.98524,-92.0,0.0,-100.0,0.0,39.52387,0.0,-39.52387,-100.0,158.5568,39.5239,16.0,-79.35527,-4.0,23.80659,23.806600000000003,0.0,-7.93553,-20.0
834,event_000834.csv,0.0,39.98524,-100.0,0.0,-96.0,0.0,39.52387,-80.0,-39.52387,-100.0,118.8792,79.20150000000001,20.0,-39.67766999999999,-84.0,31.74213,15.871060000000003,0.0,-23.806599,-36.0
835,event_000835.csv,0.0,39.98524,4.0,0.0,-100.0,0.0,39.52387,-56.0,-39.52387,180.0,118.8792,79.20150000000001,4.0,-39.67766999999999,-88.0,23.80659,23.806600000000003,0.0,-15.871058999999999,60.0
836,event_000836.csv,0.0,39.98524,-92.0,-39.98524,-80.0,0.0,79.20153,-100.0,-39.52387,-28.0,118.8792,158.55679999999998,148.0,-79.35533,0.0,7.935531,39.677659000000006,0.0,-15.871062,-36.0
837,event_000837.csv,0.0,39.98524,-68.0,-39.98524,-88.0,0.0,39.52387,-60.0,-39.52387,-88.0,118.8792,79.20150000000001,60.0,-39.67766999999999,40.0,23.80659,23.806600000000003,0.0,-7.93553,-40.0
838,event_000838.csv,0.0,39.98524,-56.0,0.0,-100.0,0.0,39.52387,-64.0,-39.52387,-44.0,118.8792,79.20150000000001,8.0,-39.67766999999999,-44.0,23.80659,23.806600000000003,0.0,-15.871058999999999,-28.0
839,event_000839.csv,0.0,39.98524,-64.0,-39.98524,172.0,0.0,39.52387,80.0,-39.52387,-76.0,118.8792,79.20150000000001,20.0,-39.67766999999999,-12.0,23.80659,23.806600000000003,0.0,-7.93553,-64.0
840,event_000840.csv,0.0,39.98524,-100.0,-39.98524,36.0,0.0,39.52387,-24.0,-39.52387,-52.0,118.8792,118.8792,64.0,-39.67766999999999,-72.0,23.80659,23.806600000000003,0.0,-7.93553,-76.0
841,event_000841.csv,0.0,39.98524,-80.0,-39.98524,172.0,0.0,39.52387,-72.0,-39.52387,-76.0,158.5568,79.20159999999998,16.0,-119.03293000000001,40.0,23.80659,23.806600000000003,0.0,-15.871058999999999,32.0
842,event_000842.csv,0.0,39.98524,-40.0,-39.98524,100.0,0.0,39.52387,-88.0,-39.52387,-52.0,118.8792,79.20150000000001,-40.0,-79.35533,-92.0,31.74213,15.871060000000003,0.0,-15.87107,-36.0
843,event_000843.csv,0.0,39.98524,-92.0,-39.98524,-52.0,0.0,39.52387,32.0,-39.52387,100.0,158.5568,39.5239,8.0,-79.35527,-84.0,19.838825,27.774365000000003,0.0,-11.903293999999999,-36.0
844,event_000844.csv,0.0,39.98524,-100.0,-39.98524,24.0,0.0,39.52387,-88.0,-39.52387,-44.0,118.8792,79.20150000000001,152.0,-39.67766999999999,-20.0,23.80659,23.806600000000003,0.0,-7.93553,-40.0
845,event_000845.csv,0.0,39.98524,-96.0,-39.98524,124.0,0.0,39.52387,-32.0,-39.52387,-52.0,118.8792,79.20150000000001,-80.0,-39.67766999999999,-72.0,23.80659,23.806600000000003,0.0,-7.93553,-52.0
846,event_000846.csv,0.0,39.98524,-96.0,-39.98524,132.0,0.0,39.52387,-4.0,-39.52387,0.0,118.8792,79.20150000000001,-20.0,-79.35533,-8.0,23.80659,23.806600000000003,0.0,-15.871058999999999,-16.0
847,event_000847.csv,0.0,39.98524,-96.0,0.0,-100.0,0.0,39.52387,-88.0,-39.52387,-100.0,118.8792,158.55679999999998,16.0,-79.35533,-4.0,23.80659,23.806600000000003,0.0,-15.871058999999999,24.0
848,event_000848.csv,0.0,39.98524,-92.0,0.0,-100.0,0.0,79.20153,-12.0,-39.52387,-56.0,118.8792,4881.1208,-8.0,0.0,-96.0,-31.74213,95.25713999999999,0.0,-23.806590000000003,-20.0
849,event_000849.csv,0.0,39.98524,-92.0,0.0,-100.0,0.0,79.20153,-56.0,-39.52387,20.0,118.8792,79.20150000000001,8.0,-39.67766999999999,-8.0,23.80659,31.742130000000003,0.0,-23.80659,20.0
850,event_000850.csv,0.0,39.98524,-88.0,-39.98524,-68.0,0.0,39.52387,-88.0,-39.52387,-52.0,118.8792,118.8792,112.0,-118.8792,140.0,23.80659,23.806600000000003,0.0,-7.93553,-36.0
851,event_000851.csv,0.0,39.98524,-96.0,-39.98524,-36.0,0.0,39.52387,-96.0,-39.52387,116.0,118.8792,39.67760000000001,-96.0,-39.67766999999999,-4.0,23.80659,23.806600000000003,0.0,-15.871058999999999,-28.0
852,event_000852.csv,0.0,39.98524,-96.0,-39.98524,32.0,0.0,39.52387,-80.0,-39.52387,28.0,118.8792,79.20150000000001,-24.0,-39.67766999999999,32.0,31.74213,15.871060000000003,0.0,-15.87107,-36.0
853,event_000853.csv,0.0,39.98524,-92.0,-39.98524,-80.0,0.0,39.52387,-84.0,-39.52387,-40.0,138.71800000000002,59.36269999999999,144.0,-59.51647000000001,48.0,23.80659,23.806600000000003,0.0,-7.93553,-40.0
854,event_000854.csv,0.0,39.98524,-84.0,-39.98524,192.0,0.0,39.52387,-60.0,-39.52387,-48.0,118.8792,118.8792,20.0,-39.67766999999999,-100.0,23.80659,23.806600000000003,0.0,-15.871058999999999,-36.0
855,event_000855.csv,0.0,39.98524,-92.0,-39.98524,92.0,0.0,39.52387,-56.0,-39.52387,-36.0,158.5568,79.20159999999998,144.0,-158.5568,-4.0,31.74213,15.871060000000003,0.0,-15.87107,12.0
856,event_000856.csv,0.0,39.98524,-88.0,-39.98524,-76.0,0.0,39.52387,-88.0,-39.52387,12.0,118.8792,79.20150000000001,12.0,-39.67766999999999,-60.0,23.80659,23.806600000000003,0.0,-15.871058999999999,-52.0
857,event_000857.csv,0.0,39.98524,-84.0,-39.98524,-88.0,0.0,39.52387,-76.0,-39.52387,-48.0,118.8792,79.20150000000001,12.0,-39.67766999999999,-96.0,23.80659,23.806600000000003,0.0,-15.871058999999999,20.0
858,event_000858.csv,0.0,39.98524,-88.0,-39.98524,180.0,0.0,39.52387,-80.0,-39.52387,-92.0,118.8792,79.20150000000001,8.0,-39.67766999999999,-92.0,23.80659,23.806600000000003,0.0,-7.93553,-100.0
859,event_000859.csv,0.0,39.98524,-100.0,-39.98524,-68.0,0.0,39.52387,-40.0,-39.52387,-20.0,158.5568,3171.5982000000004,4.0,-79.35527,-60.0,7.935531,39.677659000000006,0.0,-7.935531,-100.0
860,event_000860.csv,0.0,39.98524,-100.0,0.0,-96.0,0.0,39.52387,-12.0,-39.52387,-40.0,138.71800000000002,59.36269999999999,16.0,-59.51647000000001,-16.0,23.80659,23.806600000000003,0.0,-7.93553,-48.0
861,event_000861.csv,0.0,39.98524,-96.0,0.0,-100.0,0.0,39.52387,-52.0,-39.52387,-80.0,118.8792,79.20150000000001,-64.0,-39.67766999999999,-92.0,31.74213,15.871060000000003,0.0,-15.87107,-64.0
862,event_000862.csv,0.0,39.98524,-96.0,-39.98524,-4.0,0.0,39.52387,-88.0,-39.52387,-48.0,158.5568,39.5239,100.0,-79.35527,-8.0,23.80659,23.806600000000003,0.0,-15.871058999999999,-36.0
863,event_000863.csv,0.0,39.98524,-88.0,-39.98524,-48.0,0.0,39.52387,-84.0,-39.52387,-96.0,118.8792,79.20150000000001,-80.0,-79.35533,0.0,31.74213,15.871060000000003,0.0,-15.87107,16.0
864,event_000864.csv,0.0,39.98524,-84.0,-39.98524,20.0,0.0,39.52387,-96.0,-39.52387,52.0,118.8792,118.8792,-40.0,-39.67766999999999,-92.0,23.80659,23.806600000000003,0.0,-15.871058999999999,20.0
865,event_000865.csv,0.0,39.98524,-80.0,0.0,-100.0,0.0,39.52387,-64.0,-39.52387,-100.0,118.8792,79.20150000000001,-72.0,-39.67766999999999,-96.0,23.80659,23.806600000000003,0.0,-15.871058999999999,4.0
866,event_000866.csv,0.0,39.98524,-76.0,0.0,-100.0,0.0,39.52387,-96.0,-39.52387,-68.0,118.8792,79.20150000000001,-28.0,-39.67766999999999,-60.0,31.74213,15.871060000000003,0.0,-15.87107,-52.0
867,event_000867.csv,0.0,39.98524,-96.0,0.0,-100.0,0.0,39.52387,40.0,-39.52387,-36.0,118.8792,79.20150000000001,8.0,-39.67766999999999,-76.0,23.80659,23.806600000000003,0.0,-15.871058999999999,-28.0
868,event_000868.csv,0.0,79.97047,-8.0,0.0,-100.0,0.0,79.20153,168.0,0.0,-100.0,138.71800000000002,59.36269999999999,16.0,-99.19413000000002,188.0,23.80659,23.806600000000003,0.0,-15.871058999999999,28.0
869,event_000869.csv,0.0,39.98524,-92.0,-39.98524,172.0,0.0,39.52387,-80.0,-39.52387,-68.0,118.8792,118.8792,-76.0,-39.67766999999999,-88.0,23.80659,23.806600000000003,0.0,-15.871058999999999,-20.0
870,event_000870.csv,0.0,39.98524,-68.0,0.0,-100.0,0.0,39.52387,-48.0,-39.52387,4.0,118.8792,79.20150000000001,8.0,-39.67766999999999,-12.0,23.80659,23.806600000000003,0.0,-15.871058999999999,-52.0
871,event_000871.csv,0.0,39.98524,-72.0,0.0,-100.0,0.0,39.52387,-64.0,-39.52387,-100.0,118.8792,118.8792,-28.0,-79.35533,-48.0,23.80659,31.742130000000003,0.0,-15.871058999999999,-20.0
872,event_000872.csv,0.0,39.98524,-88.0,-39.98524,-76.0,0.0,79.20153,128.0,-39.52387,4.0,158.5568,39.5239,-80.0,-79.35527,-100.0,23.80659,23.806600000000003,0.0,-15.871058999999999,-20.0
873,event_000873.csv,0.0,39.98524,-96.0,-39.98524,-100.0,0.0,39.52387,72.0,-39.52387,-52.0,118.8792,79.20150000000001,-96.0,-39.67766999999999,-20.0,23.80659,23.806600000000003,0.0,-15.871058999999999,-36.0
874,event_000874.csv,0.0,39.98524,-96.0,-39.98524,-36.0,0.0,39.52387,-96.0,-39.52387,-76.0,118.8792,79.20150000000001,-96.0,-79.35533,-12.0,15.87106,31.742130000000003,0.0,-15.87106,-36.0
875,event_000875.csv,0.0,39.98524,-88.0,0.0,-100.0,0.0,39.52387,-80.0,-39.52387,-60.0,138.71800000000002,59.36269999999999,-96.0,-99.19413000000002,-24.0,23.80659,23.806600000000003,0.0,-7.93553,-76.0
876,event_000876.csv,0.0,39.98524,-64.0,0.0,-100.0,0.0,39.52387,-88.0,-39.52387,-100.0,158.5568,39.5239,16.0,-79.35527,-4.0,23.80659,23.806600000000003,0.0,-7.93553,-92.0
877,event_000877.csv,0.0,39.98524,-92.0,-39.98524,64.0,0.0,39.52387,-76.0,-39.52387,-72.0,118.8792,79.20150000000001,-40.0,-39.67766999999999,40.0,23.80659,23.806600000000003,0.0,-15.871058999999999,-36.0
878,event_000878.csv,0.0,39.98524,-92.0,0.0,-100.0,0.0,39.52387,-80.0,-39.52387,-44.0,118.8792,79.20150000000001,-28.0,-39.67766999999999,-84.0,23.80659,23.806600000000003,0.0,-15.871058999999999,20.0
879,event_000879.csv,0.0,39.98524,-96.0,-39.98524,152.0,0.0,39.52387,-76.0,-39.52387,48.0,158.5568,39.5239,-36.0,-79.35527,-56.0,23.80659,23.806600000000003,0.0,-15.871058999999999,20.0
880,event_000880.csv,0.0,39.98524,-72.0,-39.98524,-20.0,0.0,39.52387,-48.0,-39.52387,-12.0,118.8792,79.20150000000001,8.0,-39.67766999999999,-52.0,23.80659,23.806600000000003,0.0,-15.871058999999999,-20.0
881,event_000881.csv,0.0,39.98524,-24.0,-39.98524,-28.0,0.0,39.52387,16.0,-39.52387,-36.0,158.5568,39.5239,-40.0,-79.35527,-32.0,23.80659,23.806600000000003,0.0,-15.871058999999999,-36.0
882,event_000882.csv,0.0,39.98524,-88.0,0.0,-100.0,0.0,39.52387,-76.0,0.0,-100.0,118.8792,79.20150000000001,8.0,-39.67766999999999,-100.0,23.80659,23.806600000000003,0.0,-7.93553,-64.0
883,event_000883.csv,0.0,39.98524,-88.0,-39.98524,68.0,0.0,39.52387,-64.0,-39.52387,4.0,118.8792,118.8792,16.0,-79.35533,36.0,31.74213,15.871060000000003,0.0,-15.87107,24.0
884,event_000884.csv,0.0,39.98524,-92.0,0.0,-100.0,0.0,39.52387,-100.0,-39.52387,-16.0,118.8792,79.20150000000001,12.0,-39.67766999999999,-64.0,23.80659,23.806600000000003,0.0,-23.80659,-40.0
885,event_000885.csv,0.0,39.98524,-72.0,0.0,-100.0,0.0,39.52387,-64.0,-39.52387,-92.0,118.8792,79.20150000000001,-72.0,-79.35533,32.0,23.80659,23.806600000000003,0.0,-15.871058999999999,20.0
886,event_000886.csv,0.0,39.98524,-100.0,0.0,-92.0,0.0,39.52387,-100.0,-39.52387,-56.0,118.8792,79.20150000000001,60.0,-39.67766999999999,-56.0,23.80659,23.806600000000003,0.0,-15.871058999999999,-40.0
887,event_000887.csv,0.0,39.98524,-88.0,0.0,-100.0,0.0,39.52387,-96.0,-39.52387,116.0,118.8792,79.20150000000001,136.0,-39.67766999999999,-12.0,23.80659,23.806600000000003,0.0,-15.871058999999999,-40.0
888,event_000888.csv,0.0,39.98524,-96.0,-39.98524,-4.0,0.0,39.52387,96.0,-39.52387,-76.0,118.8792,79.20150000000001,-32.0,-79.35533,-12.0,23.80659,23.806600000000003,0.0,-15.871058999999999,-52.0
889,event_000889.csv,0.0,39.98524,-96.0,0.0,-100.0,0.0,39.52387,-80.0,-39.52387,4.0,118.8792,79.20150000000001,-96.0,-79.35533,36.0,23.80659,23.806600000000003,0.0,-7.93553,24.0
890,event_000890.csv,0.0,39.98524,-96.0,-39.98524,-92.0,0.0,39.52387,-96.0,-39.52387,-60.0,118.8792,79.20150000000001,-88.0,-39.67766999999999,-44.0,31.74213,15.871060000000003,0.0,-15.87107,-8.0
891,event_000891.csv,0.0,39.98524,-96.0,-39.98524,52.0,0.0,39.52387,-100.0,-39.52387,48.0,118.8792,79.20150000000001,-72.0,-39.67766999999999,-8.0,15.87106,31.742130000000003,0.0,-15.87106,-28.0
892,event_000892.csv,0.0,39.98524,-96.0,0.0,-100.0,0.0,39.52387,-24.0,-39.52387,-44.0,138.71800000000002,59.36269999999999,-28.0,-59.51647000000001,-4.0,23.80659,23.806600000000003,0.0,-15.871058999999999,20.0
893,event_000893.csv,0.0,39.98524,-68.0,0.0,-100.0,0.0,39.52387,-96.0,-39.52387,-52.0,118.8792,118.8792,12.0,-79.35533,-8.0,23.80659,23.806600000000003,0.0,-15.871058999999999,-24.0
894,event_000894.csv,0.0,39.98524,-64.0,0.0,-100.0,0.0,39.52387,-96.0,-39.52387,-20.0,118.8792,79.20150000000001,4.0,-39.67766999999999,-36.0,23.80659,23.806600000000003,0.0,-15.871058999999999,-40.0
895,event_000895.csv,0.0,39.98524,-44.0,0.0,-100.0,0.0,39.52387,-72.0,-39.52387,52.0,118.8792,79.20150000000001,-92.0,-39.67766999999999,56.0,31.74213,15.871060000000003,0.0,-15.87107,8.0
896,event_000896.csv,0.0,39.98524,-88.0,-39.98524,92.0,0.0,39.52387,-88.0,-39.52387,-84.0,118.8792,79.20150000000001,16.0,-79.35533,-8.0,23.80659,23.806600000000003,0.0,-15.871058999999999,-28.0
897,event_000897.csv,0.0,39.98524,-92.0,-39.98524,56.0,0.0,39.52387,-76.0,-39.52387,-72.0,118.8792,118.8792,60.0,-79.35533,40.0,23.80659,23.806600000000003,0.0,-7.93553,20.0
898,event_000898.csv,0.0,39.98524,-92.0,-39.98524,40.0,0.0,39.52387,-56.0,-39.52387,-20.0,118.8792,118.8792,144.0,-39.67766999999999,-84.0,23.80659,23.806600000000003,0.0,-15.871058999999999,-60.0
899,event_000899.csv,0.0,39.98524,-88.0,-39.98524,164.0,0.0,39.52387,-48.0,-39.52387,-76.0,118.8792,79.20150000000001,-40.0,-39.67766999999999,-100.0,15.87106,31.742130000000003,0.0,-7.935529,-40.0
900,event_000900.csv,0.0,39.98524,-88.0,0.0,-100.0,0.0,39.52387,-92.0,-39.52387,-72.0,158.5568,39.5239,12.0,-119.03293000000001,-12.0,23.80659,23.806600000000003,0.0,-15.871058999999999,-28.0
901,event_000901.csv,0.0,39.98524,-60.0,-39.98524,32.0,0.0,39.52387,-20.0,-39.52387,-88.0,118.8792,79.20150000000001,-28.0,-39.67766999999999,-100.0,23.80659,23.806600000000003,0.0,-15.871058999999999,-36.0
902,event_000902.csv,0.0,39.98524,-64.0,0.0,-100.0,0.0,79.20153,32.0,-39.52387,-60.0,118.8792,79.20150000000001,8.0,-79.35533,36.0,23.80659,23.806600000000003,0.0,-15.871058999999999,24.0
903,event_000903.csv,0.0,39.98524,-100.0,-39.98524,24.0,0.0,39.52387,-84.0,-39.52387,-48.0,118.8792,79.20150000000001,-40.0,-39.67766999999999,-64.0,23.80659,23.806600000000003,0.0,-15.871058999999999,-40.0
904,event_000904.csv,0.0,39.98524,-100.0,-39.98524,-24.0,0.0,39.52387,-100.0,-39.52387,168.0,118.8792,79.20150000000001,-100.0,-39.67766999999999,0.0,23.80659,23.806600000000003,0.0,-23.80659,24.0
905,event_000905.csv,0.0,39.98524,-36.0,-39.98524,40.0,0.0,39.52387,-100.0,-39.52387,40.0,118.8792,118.8792,-72.0,-79.35533,-12.0,15.87106,31.742130000000003,0.0,-15.87106,-72.0
906,event_000906.csv,0.0,39.98524,-88.0,-39.98524,12.0,0.0,39.52387,24.0,-39.52387,-68.0,158.5568,39.5239,16.0,-79.35527,-84.0,23.80659,23.806600000000003,0.0,-15.871058999999999,-48.0
907,event_000907.csv,0.0,39.98524,-76.0,-39.98524,124.0,0.0,39.52387,-32.0,-39.52387,-76.0,118.8792,79.20150000000001,144.0,-79.35533,124.0,23.80659,23.806600000000003,0.0,-15.871058999999999,20.0
908,event_000908.csv,0.0,39.98524,-100.0,0.0,-96.0,0.0,39.52387,-96.0,-39.52387,-92.0,118.8792,79.20150000000001,16.0,-39.67766999999999,-20.0,23.80659,23.806600000000003,0.0,-23.80659,-36.0
909,event_000909.csv,0.0,39.98524,-52.0,0.0,-100.0,0.0,39.52387,-84.0,-39.52387,-40.0,118.8792,356.7913,8.0,-39.67766999999999,-32.0,23.80659,23.806600000000003,0.0,-15.871058999999999,-52.0
910,event_000910.csv,0.0,39.98524,-92.0,-39.98524,-40.0,0.0,39.52387,-36.0,-39.52387,44.0,118.8792,317.1137,84.0,-39.67766999999999,-84.0,23.80659,23.806600000000003,0.0,-15.871058999999999,-40.0
911,event_000911.csv,0.0,39.98524,-72.0,-39.98524,-36.0,0.0,39.52387,-28.0,-39.52387,-56.0,118.8792,79.20150000000001,24.0,-39.67766999999999,-80.0,23.80659,23.806600000000003,0.0,-7.93553,-64.0
912,event_000912.csv,0.0,39.98524,-80.0,0.0,-100.0,0.0,39.52387,-20.0,-39.52387,56.0,118.8792,79.20150000000001,16.0,-79.35533,36.0,23.80659,23.806600000000003,0.0,-15.871058999999999,-36.0
913,event_000913.csv,0.0,39.98524,-100.0,-39.98524,176.0,0.0,39.52387,-96.0,-39.52387,-60.0,118.8792,79.20150000000001,12.0,-79.35533,0.0,15.87106,31.742130000000003,0.0,-15.87106,-52.0
914,event_000914.csv,0.0,39.98524,-72.0,-39.98524,-36.0,0.0,39.52387,-48.0,-39.52387,-76.0,118.8792,39.67760000000001,-96.0,-39.67766999999999,-68.0,31.74213,15.871060000000003,0.0,-15.87107,8.0
915,event_000915.csv,0.0,39.98524,-80.0,-39.98524,76.0,0.0,39.52387,-96.0,-39.52387,-100.0,118.8792,79.20150000000001,-96.0,-39.67766999999999,-52.0,23.80659,23.806600000000003,0.0,-15.871058999999999,-36.0
916,event_000916.csv,0.0,79.97047,96.0,-39.98524,-84.0,0.0,39.52387,-40.0,-39.52387,-68.0,118.8792,79.20150000000001,-64.0,-39.67766999999999,-88.0,23.80659,23.806600000000003,0.0,-15.871058999999999,-40.0
917,event_000917.csv,0.0,39.98524,-64.0,-39.98524,12.0,0.0,39.52387,-40.0,-39.52387,-92.0,118.8792,118.8792,-72.0,-118.8792,-92.0,23.80659,23.806600000000003,0.0,-7.93553,-100.0
918,event_000918.csv,0.0,39.98524,-88.0,0.0,-100.0,0.0,39.52387,-72.0,-39.52387,-100.0,118.8792,118.8792,152.0,-79.35533,-12.0,23.80659,23.806600000000003,0.0,-7.93553,-92.0
919,event_000919.csv,0.0,39.98524,-96.0,-39.98524,76.0,0.0,39.52387,-96.0,-39.52387,-68.0,118.8792,79.20150000000001,4.0,-39.67766999999999,-20.0,23.80659,23.806600000000003,0.0,-15.871058999999999,8.0
920,event_000920.csv,0.0,39.98524,-72.0,-39.98524,-60.0,0.0,39.52387,-88.0,-39.52387,-84.0,118.8792,79.20150000000001,24.0,-39.67766999999999,-76.0,23.80659,23.806600000000003,0.0,-15.871058999999999,-24.0
921,event_000921.csv,0.0,39.98524,-96.0,-39.98524,-52.0,0.0,39.52387,-96.0,-39.52387,-84.0,118.8792,79.20150000000001,8.0,-39.67766999999999,-24.0,23.80659,23.806600000000003,0.0,-7.93553,-36.0
922,event_000922.csv,0.0,39.98524,-20.0,-39.98524,-16.0,0.0,79.20153,12.0,-39.52387,-88.0,118.8792,118.8792,20.0,-79.35533,-8.0,23.80659,23.806600000000003,0.0,-15.871058999999999,-48.0
923,event_000923.csv,0.0,39.98524,-100.0,-39.98524,20.0,0.0,39.52387,-24.0,-39.52387,-28.0,158.5568,79.20159999999998,-40.0,-79.35527,-16.0,23.80659,23.806600000000003,0.0,-15.871058999999999,20.0
924,event_000924.csv,0.0,39.98524,-68.0,-39.98524,-28.0,0.0,39.52387,-88.0,-39.52387,-84.0,118.8792,118.8792,56.0,-39.67766999999999,36.0,23.80659,23.806600000000003,0.0,-7.93553,12.0
925,event_000925.csv,0.0,39.98524,-92.0,-39.98524,-8.0,0.0,79.20153,20.0,-39.52387,104.0,118.8792,79.20150000000001,-52.0,-79.35533,120.0,23.80659,23.806600000000003,0.0,-15.871058999999999,-40.0
926,event_000926.csv,0.0,39.98524,-84.0,0.0,-100.0,0.0,39.52387,-96.0,-39.52387,92.0,118.8792,79.20150000000001,12.0,-79.35533,36.0,23.80659,23.806600000000003,0.0,-23.80659,28.0
927,event_000927.csv,0.0,39.98524,-84.0,-39.98524,-60.0,0.0,39.52387,-76.0,-39.52387,16.0,118.8792,79.20150000000001,60.0,-79.35533,36.0,23.80659,23.806600000000003,0.0,-15.871058999999999,-40.0
928,event_000928.csv,0.0,39.98524,-72.0,-39.98524,-84.0,0.0,39.52387,-88.0,-39.52387,12.0,118.8792,79.20150000000001,20.0,-39.67766999999999,-100.0,23.80659,23.806600000000003,0.0,-15.871058999999999,-36.0
929,event_000929.csv,0.0,39.98524,-28.0,-39.98524,200.0,0.0,79.20153,-96.0,-39.52387,176.0,118.8792,79.20150000000001,-72.0,-39.67766999999999,-56.0,23.80659,23.806600000000003,0.0,-15.871058999999999,-28.0
930,event_000930.csv,0.0,39.98524,-12.0,-39.98524,-24.0,0.0,39.52387,-68.0,-39.52387,-40.0,158.5568,39.5239,96.0,-119.03293000000001,168.0,23.80659,23.806600000000003,0.0,-7.93553,-48.0
931,event_000931.csv,0.0,79.97047,192.0,-39.98524,76.0,0.0,39.52387,-88.0,-39.52387,-68.0,118.8792,118.8792,16.0,-79.35533,44.0,23.80659,23.806600000000003,0.0,-7.93553,-76.0
932,event_000932.csv,0.0,39.98524,-80.0,0.0,-100.0,0.0,39.52387,-88.0,-39.52387,-20.0,118.8792,79.20150000000001,8.0,-39.67766999999999,-12.0,23.80659,23.806600000000003,0.0,-15.871058999999999,-40.0
933,event_000933.csv,0.0,39.98524,-60.0,0.0,-100.0,0.0,39.52387,-56.0,-39.52387,-52.0,118.8792,79.20150000000001,-48.0,-39.67766999999999,-80.0,31.74213,15.871060000000003,0.0,-15.87107,8.0
934,event_000934.csv,0.0,39.98524,-88.0,-39.98524,-80.0,0.0,39.52387,-44.0,-39.52387,-32.0,118.8792,79.20150000000001,4.0,-39.67766999999999,-68.0,23.80659,23.806600000000003,0.0,-15.871058999999999,8.0
935,event_000935.csv,0.0,39.98524,-92.0,0.0,-100.0,0.0,39.52387,-84.0,-39.52387,-16.0,118.8792,79.20150000000001,-92.0,-39.67766999999999,48.0,23.80659,23.806600000000003,0.0,-15.871058999999999,-48.0
936,event_000936.csv,0.0,39.98524,-48.0,0.0,-100.0,0.0,39.52387,-56.0,-39.52387,-4.0,118.8792,79.20150000000001,144.0,-39.67766999999999,120.0,23.80659,23.806600000000003,0.0,-15.871058999999999,-36.0
937,event_000937.csv,0.0,39.98524,-80.0,-39.98524,20.0,0.0,79.20153,-32.0,-39.52387,140.0,118.8792,79.20150000000001,20.0,-39.67766999999999,-76.0,23.80659,23.806600000000003,0.0,-7.93553,-76.0
938,event_000938.csv,0.0,39.98524,-60.0,-39.98524,-80.0,0.0,79.20153,-4.0,-39.52387,-80.0,158.5568,39.5239,8.0,-79.35527,-80.0,23.80659,23.806600000000003,0.0,-15.871058999999999,-52.0
939,event_000939.csv,0.0,39.98524,-88.0,-39.98524,196.0,0.0,39.52387,-96.0,-39.52387,-84.0,158.5568,39.5239,-28.0,-119.03293000000001,36.0,23.80659,23.806600000000003,0.0,-23.80659,-28.0
940,event_000940.csv,0.0,39.98524,-96.0,-39.98524,52.0,0.0,39.52387,-32.0,-39.52387,44.0,118.8792,118.8792,144.0,-39.67766999999999,-80.0,23.80659,23.806600000000003,0.0,-7.93553,-64.0
941,event_000941.csv,0.0,39.98524,-96.0,-39.98524,108.0,0.0,39.52387,-56.0,-39.52387,-60.0,118.8792,79.20150000000001,16.0,-39.67766999999999,-100.0,23.80659,23.806600000000003,0.0,-7.93553,-4.0
942,event_000942.csv,0.0,79.97047,68.0,-39.98524,192.0,0.0,79.20153,116.0,0.0,-100.0,118.8792,79.20150000000001,-60.0,-79.35533,128.0,23.80659,23.806600000000003,0.0,-15.871058999999999,-36.0
943,event_000943.csv,0.0,39.98524,-80.0,-39.98524,-4.0,0.0,39.52387,-88.0,-39.52387,-100.0,118.8792,118.8792,144.0,-39.67766999999999,-76.0,15.87106,31.742130000000003,0.0,-15.87106,8.0
944,event_000944.csv,0.0,39.98524,-96.0,-39.98524,-92.0,0.0,39.52387,-32.0,-39.52387,-100.0,118.8792,79.20150000000001,-40.0,-39.67766999999999,-76.0,15.87106,31.742130000000003,0.0,-7.935529,-52.0
945,event_000945.csv,0.0,39.98524,-100.0,-39.98524,116.0,0.0,39.52387,-96.0,-39.52387,20.0,158.5568,39.5239,-8.0,-79.35527,-64.0,23.80659,23.806600000000003,0.0,-15.871058999999999,8.0
946,event_000946.csv,0.0,39.98524,-96.0,-39.98524,-20.0,0.0,39.52387,-56.0,-39.52387,20.0,118.8792,118.8792,-32.0,-79.35533,-4.0,23.80659,23.806600000000003,0.0,-15.871058999999999,-20.0
947,event_000947.csv,0.0,39.98524,-96.0,0.0,-100.0,0.0,39.52387,-96.0,-39.52387,100.0,118.8792,118.8792,64.0,-39.67766999999999,44.0,23.80659,23.806600000000003,0.0,-15.871058999999999,4.0
948,event_000948.csv,0.0,39.98524,-72.0,-39.98524,156.0,0.0,79.20153,-24.0,-39.52387,-100.0,118.8792,79.20150000000001,-72.0,-39.67766999999999,44.0,23.80659,23.806600000000003,0.0,-7.93553,-100.0
949,event_000949.csv,0.0,39.98524,-100.0,0.0,-88.0,0.0,39.52387,-48.0,-39.52387,20.0,118.8792,79.20150000000001,-40.0,-39.67766999999999,-4.0,23.80659,23.806600000000003,0.0,-15.871058999999999,-52.0
950,event_000950.csv,0.0,39.98524,-32.0,0.0,-100.0,0.0,39.52387,-64.0,-39.52387,-96.0,158.5568,4841.4432,0.0,-79.35527,-88.0,7.935531,87.32160900000001,8.0,-23.806591,-12.0
951,event_000951.csv,0.0,39.98524,-32.0,0.0,-100.0,0.0,39.52387,-88.0,-39.52387,-68.0,118.8792,79.20150000000001,-92.0,-39.67766999999999,-24.0,23.80659,23.806600000000003,0.0,-15.871058999999999,4.0
952,event_000952.csv,0.0,39.98524,-48.0,0.0,-100.0,0.0,79.20153,-64.0,-39.52387,4.0,118.8792,79.20150000000001,-48.0,-39.67766999999999,-12.0,23.80659,23.806600000000003,0.0,-15.871058999999999,20.0
953,event_000953.csv,0.0,39.98524,-64.0,-39.98524,-100.0,0.0,39.52387,8.0,-39.52387,-84.0,158.5568,39.5239,-36.0,-119.03293000000001,-12.0,23.80659,23.806600000000003,0.0,-15.871058999999999,-28.0
954,event_000954.csv,0.0,39.98524,-80.0,-39.98524,156.0,0.0,39.52387,-56.0,-39.52387,28.0,118.8792,118.8792,148.0,-39.67766999999999,-84.0,23.80659,23.806600000000003,0.0,-15.871058999999999,-40.0
955,event_000955.csv,0.0,39.98524,-64.0,0.0,-100.0,0.0,39.52387,-40.0,-39.52387,-76.0,118.8792,317.1137,-32.0,-39.67766999999999,-100.0,23.80659,23.806600000000003,0.0,-15.871058999999999,24.0
956,event_000956.csv,0.0,39.98524,-80.0,-39.98524,-100.0,0.0,39.52387,-96.0,-39.52387,84.0,158.5568,39.5239,12.0,-119.03293000000001,-12.0,23.80659,31.742130000000003,0.0,-23.80659,20.0
957,event_000957.csv,0.0,39.98524,-96.0,-39.98524,-68.0,0.0,39.52387,-20.0,-39.52387,-68.0,118.8792,79.20150000000001,32.0,-39.67766999999999,-72.0,23.80659,23.806600000000003,0.0,-7.93553,-52.0
958,event_000958.csv,0.0,39.98524,-84.0,-39.98524,-60.0,0.0,39.52387,-96.0,-39.52387,164.0,118.8792,79.20150000000001,-20.0,-79.35533,-44.0,23.80659,23.806600000000003,0.0,-7.93553,-52.0
959,event_000959.csv,0.0,39.98524,-64.0,-39.98524,-12.0,0.0,39.52387,-68.0,-39.52387,180.0,158.5568,39.5239,-84.0,-79.35527,-100.0,31.74213,15.871060000000003,0.0,-15.87107,-20.0
960,event_000960.csv,0.0,39.98524,-92.0,0.0,-100.0,0.0,39.52387,-64.0,-39.52387,-60.0,118.8792,79.20150000000001,-80.0,-39.67766999999999,-4.0,23.80659,23.806600000000003,0.0,-15.871058999999999,-40.0
961,event_000961.csv,0.0,39.98524,-84.0,-39.98524,-96.0,0.0,39.52387,-92.0,-39.52387,-60.0,118.8792,79.20150000000001,20.0,-39.67766999999999,-96.0,23.80659,23.806600000000003,0.0,-15.871058999999999,-40.0
962,event_000962.csv,0.0,39.98524,-96.0,-39.98524,192.0,0.0,39.52387,-84.0,-39.52387,-72.0,118.8792,118.8792,-76.0,-79.35533,-60.0,31.74213,15.871060000000003,0.0,-15.87107,-72.0
963,event_000963.csv,0.0,39.98524,-80.0,0.0,-100.0,0.0,39.52387,56.0,-39.52387,-84.0,118.8792,79.20150000000001,-96.0,-39.67766999999999,-36.0,23.80659,23.806600000000003,0.0,-23.80659,20.0
964,event_000964.csv,0.0,39.98524,-100.0,-39.98524,116.0,0.0,39.52387,-88.0,-39.52387,-92.0,118.8792,118.8792,-64.0,-39.67766999999999,-96.0,23.80659,23.806600000000003,0.0,-15.871058999999999,-20.0
965,event_000965.csv,0.0,39.98524,-88.0,-39.98524,-60.0,0.0,39.52387,-80.0,-39.52387,-40.0,118.8792,4881.1208,0.0,0.0,-100.0,7.935531,95.257169,12.0,-31.742121,-12.0
966,event_000966.csv,0.0,39.98524,-80.0,-39.98524,44.0,0.0,39.52387,-32.0,-39.52387,-92.0,158.5568,39.5239,-80.0,-119.03293000000001,184.0,15.87106,31.742130000000003,0.0,0.0,-84.0
967,event_000967.csv,0.0,39.98524,-96.0,0.0,-100.0,0.0,39.52387,-40.0,-39.52387,-60.0,158.5568,79.20159999999998,144.0,-79.35527,-84.0,23.80659,23.806600000000003,0.0,-15.871058999999999,-28.0
968,event_000968.csv,0.0,39.98524,-72.0,-39.98524,4.0,0.0,39.52387,-64.0,-39.52387,-52.0,158.5568,79.20159999999998,16.0,-119.03293000000001,-4.0,23.80659,23.806600000000003,0.0,-15.871058999999999,20.0
969,event_000969.csv,0.0,39.98524,-84.0,-39.98524,168.0,0.0,39.52387,-100.0,-39.52387,-32.0,118.8792,79.20150000000001,-20.0,-39.67766999999999,-8.0,23.80659,23.806600000000003,0.0,-15.871058999999999,-40.0
970,event_000970.csv,0.0,39.98524,-96.0,-39.98524,188.0,0.0,39.52387,-32.0,-39.52387,28.0,118.8792,79.20150000000001,12.0,-79.35533,40.0,31.74213,15.871060000000003,0.0,-15.87107,16.0
971,event_000971.csv,0.0,39.98524,-28.0,-39.98524,-8.0,0.0,39.52387,0.0,-39.52387,132.0,118.8792,79.20150000000001,16.0,-39.67766999999999,-100.0,23.80659,23.806600000000003,0.0,-23.80659,-40.0
972,event_000972.csv,0.0,39.98524,-96.0,-39.98524,-4.0,0.0,39.52387,-72.0,-39.52387,-84.0,118.8792,118.8792,16.0,-79.35533,-4.0,23.80659,23.806600000000003,0.0,-23.80659,28.0
973,event_000973.csv,0.0,39.98524,-68.0,-39.98524,-56.0,0.0,39.52387,-76.0,-39.52387,-96.0,118.8792,79.20150000000001,12.0,-39.67766999999999,-76.0,23.80659,23.806600000000003,0.0,-15.871058999999999,-40.0
974,event_000974.csv,0.0,39.98524,-88.0,-39.98524,24.0,0.0,39.52387,-8.0,-39.52387,-20.0,118.8792,317.1137,136.0,-79.35533,-8.0,23.80659,23.806600000000003,0.0,-7.93553,-40.0
975,event_000975.csv,0.0,39.98524,-40.0,-39.98524,-20.0,0.0,39.52387,-88.0,-39.52387,-28.0,118.8792,79.20150000000001,12.0,-79.35533,40.0,23.80659,23.806600000000003,0.0,-7.93553,12.0
976,event_000976.csv,0.0,39.98524,-56.0,0.0,-100.0,0.0,39.52387,-80.0,-39.52387,68.0,118.8792,79.20150000000001,8.0,-39.67766999999999,-12.0,23.80659,23.806600000000003,0.0,-15.871058999999999,-28.0
977,event_000977.csv,0.0,39.98524,-80.0,0.0,-100.0,0.0,39.52387,-72.0,-39.52387,-68.0,118.8792,79.20150000000001,-40.0,-39.67766999999999,-68.0,23.80659,23.806600000000003,0.0,-7.93553,-76.0
978,event_000978.csv,0.0,39.98524,-92.0,-39.98524,32.0,0.0,39.52387,-100.0,0.0,-96.0,118.8792,79.20150000000001,8.0,-39.67766999999999,-80.0,23.80659,23.806600000000003,0.0,-15.871058999999999,20.0
979,event_000979.csv,0.0,39.98524,-96.0,-39.98524,-100.0,0.0,39.52387,40.0,-39.52387,92.0,158.5568,39.5239,-96.0,-79.35527,-8.0,15.87106,31.742130000000003,0.0,-15.87106,-40.0
980,event_000980.csv,0.0,39.98524,-96.0,0.0,-100.0,0.0,39.52387,-96.0,-39.52387,28.0,118.8792,79.20150000000001,16.0,-39.67766999999999,-84.0,23.80659,23.806600000000003,0.0,-7.93553,-52.0
981,event_000981.csv,0.0,39.98524,-100.0,0.0,-96.0,0.0,39.52387,-84.0,-39.52387,80.0,118.8792,79.20150000000001,16.0,-39.67766999999999,36.0,23.80659,23.806600000000003,0.0,-15.871058999999999,-40.0
982,event_000982.csv,0.0,39.98524,-80.0,0.0,-100.0,0.0,39.52387,-100.0,-39.52387,148.0,118.8792,79.20150000000001,-16.0,-39.67766999999999,88.0,23.80659,31.742130000000003,0.0,-7.93553,-64.0
983,event_000983.csv,0.0,39.98524,-100.0,0.0,-96.0,0.0,39.52387,-56.0,-39.52387,-68.0,118.8792,79.20150000000001,12.0,-79.35533,36.0,23.80659,23.806600000000003,0.0,-15.871058999999999,20.0
984,event_000984.csv,0.0,39.98524,-76.0,0.0,-100.0,0.0,39.52387,-64.0,-39.52387,140.0,118.8792,79.20150000000001,-32.0,-39.67766999999999,108.0,23.80659,23.806600000000003,0.0,-15.871058999999999,-40.0
985,event_000985.csv,0.0,39.98524,-96.0,-39.98524,76.0,0.0,39.52387,-56.0,-39.52387,-92.0,158.5568,79.20159999999998,16.0,-119.03293000000001,-4.0,23.80659,23.806600000000003,0.0,-15.871058999999999,20.0
986,event_000986.csv,0.0,39.98524,-96.0,-39.98524,188.0,0.0,39.52387,-80.0,-39.52387,4.0,118.8792,79.20150000000001,8.0,-79.35533,172.0,23.80659,23.806600000000003,0.0,-23.80659,-36.0
987,event_000987.csv,0.0,39.98524,-48.0,-39.98524,92.0,0.0,39.52387,-96.0,-39.52387,156.0,158.5568,39.5239,-72.0,-79.35527,-100.0,23.80659,23.806600000000003,0.0,-7.93553,-68.0
988,event_000988.csv,0.0,39.98524,-100.0,-39.98524,68.0,0.0,79.20153,0.0,-39.52387,-100.0,158.5568,39.5239,-40.0,-79.35527,-12.0,23.80659,23.806600000000003,0.0,-15.871058999999999,-40.0
989,event_000989.csv,0.0,39.98524,-88.0,-39.98524,60.0,0.0,39.52387,-72.0,-39.52387,-12.0,118.8792,79.20150000000001,16.0,-39.67766999999999,-64.0,23.80659,23.806600000000003,0.0,-7.93553,-52.0
990,event_000990.csv,0.0,39.98524,-100.0,0.0,-96.0,0.0,39.52387,-100.0,-39.52387,-56.0,158.5568,79.20159999999998,8.0,-119.03293000000001,-8.0,23.80659,23.806600000000003,0.0,-15.871058999999999,-20.0
991,event_000991.csv,0.0,39.98524,-56.0,-39.98524,-92.0,0.0,39.52387,-88.0,-39.52387,-100.0,118.8792,118.8792,-84.0,-39.67766999999999,-100.0,23.80659,23.806600000000003,0.0,-15.871058999999999,20.0
992,event_000992.csv,0.0,39.98524,-96.0,-39.98524,76.0,0.0,39.52387,-72.0,-39.52387,-80.0,118.8792,118.8792,12.0,-79.35533,-12.0,23.80659,23.806600000000003,0.0,-15.871058999999999,-20.0
993,event_000993.csv,0.0,39.98524,-92.0,-39.98524,28.0,0.0,39.52387,-96.0,-39.52387,-92.0,118.8792,79.20150000000001,24.0,-79.35533,132.0,23.80659,23.806600000000003,0.0,-23.80659,-36.0
994,event_000994.csv,0.0,39.98524,-88.0,0.0,-100.0,0.0,39.52387,-96.0,-39.52387,-20.0,118.8792,118.8792,64.0,-79.35533,36.0,23.80659,23.806600000000003,0.0,-7.93553,-84.0
995,event_000995.csv,0.0,39.98524,-92.0,-39.98524,-96.0,0.0,79.20153,28.0,-39.52387,-16.0,118.8792,79.20150000000001,-12.0,-79.35533,116.0,23.80659,23.806600000000003,0.0,-7.93553,-48.0
996,event_000996.csv,0.0,39.98524,-68.0,-39.98524,148.0,0.0,79.20153,-88.0,-39.52387,92.0,158.5568,79.20159999999998,24.0,-119.03293000000001,0.0,23.80659,23.806600000000003,0.0,-15.871058999999999,-36.0
997,event_000997.csv,0.0,39.98524,-88.0,-39.98524,-100.0,0.0,79.20153,16.0,-39.52387,-52.0,118.8792,79.20150000000001,8.0,-39.67766999999999,-76.0,31.74213,15.871060000000003,0.0,-15.87107,-48.0
998,event_000998.csv,0.0,39.98524,-96.0,-39.98524,168.0,0.0,39.52387,-44.0,-39.52387,-40.0,118.8792,118.8792,140.0,-39.67766999999999,-8.0,23.80659,23.806600000000003,0.0,-15.871058999999999,-24.0
999,event_000999.csv,0.0,39.98524,-84.0,-39.98524,-44.0,0.0,39.52387,-96.0,-39.52387,-76.0,158.5568,39.5239,-40.0,-79.35527,-20.0,23.80659,23.806600000000003,0.0,-15.871058999999999,-52.0
1000,event_001000.csv,0.0,39.98524,-24.0,-39.98524,-64.0,0.0,39.52387,-48.0,-39.52387,-52.0,118.8792,79.20150000000001,8.0,-39.67766999999999,32.0,23.80659,31.742130000000003,44.0,-15.871058999999999,64.0
1001,event_001001.csv,0.0,39.98524,-96.0,-39.98524,-36.0,0.0,39.52387,48.0,-39.52387,-100.0,138.71800000000002,99.04039999999998,96.0,-59.51647000000001,-72.0,23.80659,23.806600000000003,0.0,-15.871058999999999,-36.0
1002,event_001002.csv,0.0,39.98524,-96.0,-39.98524,-60.0,0.0,39.52387,-100.0,-39.52387,-80.0,158.5568,79.20159999999998,140.0,-79.35527,-12.0,23.80659,23.806600000000003,0.0,-15.871058999999999,-40.0
1003,event_001003.csv,0.0,39.98524,-84.0,-39.98524,116.0,0.0,39.52387,-32.0,-39.52387,-100.0,118.8792,79.20150000000001,12.0,-39.67766999999999,-92.0,23.80659,23.806600000000003,0.0,-23.80659,-28.0
1004,event_001004.csv,0.0,39.98524,-44.0,0.0,-100.0,0.0,79.20153,76.0,-39.52387,-96.0,158.5568,79.20159999999998,68.0,-119.03293000000001,40.0,23.80659,23.806600000000003,0.0,-15.871058999999999,24.0
1005,event_001005.csv,0.0,39.98524,-24.0,-39.98524,76.0,0.0,39.52387,-32.0,-39.52387,20.0,118.8792,118.8792,16.0,-79.35533,-8.0,23.80659,23.806600000000003,0.0,-15.871058999999999,-36.0
1006,event_001006.csv,0.0,39.98524,-76.0,-39.98524,172.0,0.0,39.52387,-100.0,-39.52387,112.0,118.8792,118.8792,20.0,-79.35533,112.0,23.80659,23.806600000000003,0.0,-15.871058999999999,8.0
1007,event_001007.csv,0.0,39.98524,-96.0,-39.98524,-84.0,0.0,39.52387,-72.0,-39.52387,-12.0,118.8792,79.20150000000001,192.0,-39.67766999999999,-12.0,15.87106,31.742130000000003,0.0,-7.935529,-92.0
1008,event_001008.csv,0.0,39.98524,-68.0,0.0,-100.0,0.0,39.52387,-68.0,-39.52387,-88.0,138.71800000000002,99.04039999999998,148.0,-59.51647000000001,40.0,23.80659,23.806600000000003,0.0,-7.93553,-48.0
1009,event_001009.csv,0.0,39.98524,-80.0,-39.98524,44.0,0.0,39.52387,-88.0,-39.52387,-100.0,158.5568,79.20159999999998,16.0,-119.03293000000001,-20.0,23.80659,23.806600000000003,0.0,-7.93553,-92.0
1010,event_001010.csv,0.0,39.98524,-88.0,-39.98524,-92.0,0.0,39.52387,-80.0,-39.52387,-92.0,118.8792,4881.1208,0.0,0.0,-100.0,0.0,79.38607,8.0,-15.87106,-12.0
1011,event_001011.csv,0.0,39.98524,-68.0,-39.98524,-8.0,0.0,39.52387,-52.0,-39.52387,-80.0,118.8792,79.20150000000001,148.0,-39.67766999999999,-88.0,23.80659,23.806600000000003,0.0,-15.871058999999999,-40.0
1012,event_001012.csv,0.0,39.98524,-92.0,-39.98524,-60.0,0.0,39.52387,-96.0,-39.52387,-60.0,118.8792,79.20150000000001,-40.0,-39.67766999999999,36.0,23.80659,23.806600000000003,0.0,-15.871058999999999,8.0
1013,event_001013.csv,0.0,39.98524,-84.0,0.0,-100.0,0.0,39.52387,-20.0,-39.52387,-40.0,118.8792,79.20150000000001,-48.0,-39.67766999999999,-8.0,23.80659,23.806600000000003,0.0,-15.871058999999999,-48.0
1014,event_001014.csv,0.0,39.98524,-88.0,-39.98524,116.0,0.0,39.52387,-56.0,-39.52387,-76.0,118.8792,79.20150000000001,16.0,-79.35533,120.0,23.80659,23.806600000000003,0.0,-15.871058999999999,-36.0
1015,event_001015.csv,0.0,79.97047,200.0,-39.98524,-28.0,0.0,39.52387,-88.0,-39.52387,-100.0,118.8792,79.20150000000001,-40.0,-39.67766999999999,44.0,23.80659,23.806600000000003,0.0,-7.93553,-28.0
1016,event_001016.csv,0.0,39.98524,-100.0,-39.98524,12.0,0.0,39.52387,-56.0,-39.52387,-52.0,118.8792,118.8792,-28.0,-79.35533,-48.0,23.80659,31.742130000000003,0.0,-23.80659,20.0
1017,event_001017.csv,0.0,39.98524,-76.0,-39.98524,-64.0,0.0,39.52387,-84.0,-39.52387,24.0,118.8792,79.20150000000001,8.0,-39.67766999999999,-64.0,31.74213,15.871060000000003,0.0,-15.87107,20.0
1018,event_001018.csv,0.0,39.98524,-96.0,0.0,-100.0,0.0,39.52387,16.0,-39.52387,-84.0,158.5568,39.5239,136.0,-79.35527,-44.0,23.80659,23.806600000000003,0.0,-15.871058999999999,-40.0
1019,event_001019.csv,0.0,39.98524,-72.0,0.0,-100.0,0.0,39.52387,-100.0,-39.52387,44.0,118.8792,118.8792,20.0,-79.35533,40.0,23.80659,23.806600000000003,0.0,-15.871058999999999,-36.0
1020,event_001020.csv,0.0,39.98524,-44.0,0.0,-100.0,0.0,39.52387,-56.0,-39.52387,-20.0,118.8792,79.20150000000001,-40.0,-39.67766999999999,-80.0,23.80659,23.806600000000003,0.0,-15.871058999999999,20.0
1021,event_001021.csv,0.0,39.98524,-100.0,0.0,-96.0,0.0,39.52387,-84.0,-39.52387,-64.0,118.8792,79.20150000000001,-28.0,-39.67766999999999,-12.0,23.80659,23.806600000000003,0.0,-15.871058999999999,-40.0
1022,event_001022.csv,0.0,39.98524,-80.0,0.0,-100.0,0.0,39.52387,-96.0,-39.52387,-44.0,118.8792,79.20150000000001,8.0,-79.35533,36.0,23.80659,23.806600000000003,0.0,-7.93553,-100.0
1023,event_001023.csv,0.0,39.98524,-96.0,-39.98524,-52.0,0.0,39.52387,-88.0,-39.52387,20.0,118.8792,118.8792,20.0,-79.35533,172.0,23.80659,31.742130000000003,0.0,-15.871058999999999,20.0
1024,event_001024.csv,0.0,39.98524,-84.0,0.0,-100.0,0.0,39.52387,-96.0,-39.52387,-76.0,118.8792,79.20150000000001,-100.0,-39.67766999999999,-60.0,23.80659,23.806600000000003,0.0,-15.871058999999999,-36.0
1025,event_001025.csv,0.0,39.98524,-80.0,-39.98524,168.0,0.0,39.52387,-76.0,-39.52387,120.0,118.8792,79.20150000000001,-100.0,-39.67766999999999,-12.0,23.80659,23.806600000000003,0.0,-15.871058999999999,8.0
1026,event_001026.csv,0.0,39.98524,-80.0,-39.98524,156.0,0.0,39.52387,-88.0,-39.52387,-44.0,118.8792,317.1137,176.0,-79.35533,-12.0,15.87106,31.742130000000003,0.0,-15.87106,-40.0
1027,event_001027.csv,0.0,39.98524,-88.0,-39.98524,-32.0,0.0,39.52387,-72.0,-39.52387,180.0,158.5568,39.5239,8.0,-79.35527,-96.0,23.80659,23.806600000000003,0.0,-15.871058999999999,-40.0
1028,event_001028.csv,0.0,39.98524,-80.0,-39.98524,48.0,0.0,39.52387,-36.0,-39.52387,8.0,118.8792,79.20150000000001,-28.0,-39.67766999999999,48.0,23.80659,23.806600000000003,0.0,-15.871058999999999,-28.0
1029,event_001029.csv,0.0,39.98524,-100.0,-39.98524,-48.0,0.0,39.52387,-76.0,-39.52387,8.0,118.8792,118.8792,12.0,-118.8792,40.0,23.80659,23.806600000000003,0.0,-15.871058999999999,24.0
1030,event_001030.csv,0.0,39.98524,-88.0,0.0,-100.0,0.0,39.52387,-100.0,-39.52387,-48.0,158.5568,39.5239,20.0,-119.03293000000001,44.0,23.80659,23.806600000000003,0.0,-15.871058999999999,28.0
1031,event_001031.csv,0.0,39.98524,-80.0,-39.98524,116.0,0.0,39.52387,-88.0,-39.52387,-44.0,118.8792,79.20150000000001,8.0,-39.67766999999999,-100.0,23.80659,23.806600000000003,0.0,-15.871058999999999,16.0
1032,event_001032.csv,0.0,39.98524,-40.0,-39.98524,-80.0,0.0,39.52387,-84.0,-39.52387,-88.0,118.8792,79.20150000000001,8.0,-39.67766999999999,-96.0,23.80659,23.806600000000003,0.0,-15.871058999999999,16.0
1033,event_001033.csv,0.0,39.98524,-96.0,-39.98524,-20.0,0.0,39.52387,8.0,-39.52387,164.0,118.8792,79.20150000000001,-80.0,-79.35533,120.0,23.80659,23.806600000000003,0.0,-15.871058999999999,-40.0
1034,event_001034.csv,0.0,39.98524,-88.0,0.0,-100.0,0.0,39.52387,-96.0,-39.52387,-84.0,158.5568,39.5239,8.0,-79.35527,-92.0,23.80659,23.806600000000003,0.0,-7.93553,-52.0
1035,event_001035.csv,0.0,39.98524,-96.0,-39.98524,92.0,0.0,39.52387,-56.0,-39.52387,172.0,118.8792,79.20150000000001,144.0,-39.67766999999999,-20.0,23.80659,23.806600000000003,0.0,-15.871058999999999,-52.0
1036,event_001036.csv,0.0,39.98524,-60.0,-39.98524,-32.0,0.0,39.52387,-84.0,-39.52387,-16.0,118.8792,118.8792,20.0,-39.67766999999999,-96.0,23.80659,23.806600000000003,0.0,-15.871058999999999,16.0
1037,event_001037.csv,0.0,39.98524,-28.0,-39.98524,-80.0,0.0,39.52387,-36.0,0.0,-100.0,158.5568,39.5239,52.0,-119.03293000000001,0.0,23.80659,23.806600000000003,0.0,-15.871058999999999,-36.0
1038,event_001038.csv,0.0,39.98524,-84.0,-39.98524,68.0,0.0,39.52387,-80.0,-39.52387,-92.0,118.8792,118.8792,188.0,-79.35533,168.0,23.80659,23.806600000000003,0.0,-15.871058999999999,4.0
1039,event_001039.csv,0.0,39.98524,-88.0,-39.98524,-32.0,0.0,79.20153,4.0,-39.52387,-84.0,118.8792,79.20150000000001,-72.0,-39.67766999999999,-48.0,23.80659,23.806600000000003,0.0,-15.871058999999999,-52.0
1040,event_001040.csv,0.0,39.98524,-96.0,-39.98524,-4.0,0.0,39.52387,-64.0,-39.52387,36.0,158.5568,39.5239,-64.0,-79.35527,-76.0,23.80659,23.806600000000003,0.0,-15.871058999999999,164.0
1041,event_001041.csv,0.0,39.98524,-96.0,0.0,-100.0,0.0,39.52387,-88.0,-39.52387,44.0,118.8792,79.20150000000001,132.0,-39.67766999999999,-8.0,23.80659,23.806600000000003,0.0,-15.871058999999999,-52.0
1042,event_001042.csv,0.0,39.98524,-24.0,-39.98524,96.0,0.0,39.52387,-32.0,-39.52387,20.0,118.8792,79.20150000000001,-8.0,-39.67766999999999,-76.0,23.80659,23.806600000000003,0.0,-7.93553,-52.0
1043,event_001043.csv,0.0,39.98524,-92.0,-39.98524,60.0,0.0,39.52387,140.0,-39.52387,0.0,118.8792,79.20150000000001,-44.0,-39.67766999999999,-24.0,23.80659,23.806600000000003,0.0,-15.871058999999999,-40.0
1044,event_001044.csv,0.0,39.98524,-100.0,0.0,-96.0,0.0,39.52387,-88.0,-39.52387,-100.0,118.8792,4881.1208,-12.0,-39.67766999999999,-64.0,-39.67766,87.29085,0.0,-15.87106,-24.0
1045,event_001045.csv,0.0,39.98524,-80.0,-39.98524,-100.0,0.0,39.52387,-40.0,-39.52387,196.0,118.8792,118.8792,16.0,-79.35533,40.0,23.80659,23.806600000000003,0.0,-7.93553,12.0
1046,event_001046.csv,0.0,39.98524,-96.0,-39.98524,100.0,0.0,39.52387,-80.0,-39.52387,-68.0,118.8792,79.20150000000001,16.0,-79.35533,-4.0,23.80659,23.806600000000003,0.0,-15.871058999999999,-52.0
1047,event_001047.csv,0.0,39.98524,-92.0,0.0,-100.0,0.0,39.52387,-84.0,-39.52387,32.0,118.8792,118.8792,20.0,-39.67766999999999,-20.0,23.80659,23.806600000000003,0.0,-15.871058999999999,-40.0
1048,event_001048.csv,0.0,39.98524,-88.0,0.0,-100.0,0.0,39.52387,-48.0,-39.52387,-92.0,118.8792,158.55679999999998,24.0,-118.8792,4.0,31.74213,15.871060000000003,0.0,-15.87107,-20.0
1049,event_001049.csv,0.0,39.98524,-80.0,-39.98524,-52.0,0.0,39.52387,-96.0,-39.52387,-68.0,118.8792,79.20150000000001,-40.0,-39.67766999999999,-52.0,23.80659,23.806600000000003,0.0,-15.871058999999999,-52.0
1050,event_001050.csv,0.0,39.98524,-100.0,0.0,-96.0,0.0,39.52387,-80.0,-39.52387,148.0,118.8792,4881.1208,0.0,-39.67766999999999,-32.0,0.0,63.51501,4.0,-15.87106,-20.0
1051,event_001051.csv,0.0,39.98524,-64.0,-39.98524,-68.0,0.0,39.52387,-48.0,-39.52387,-92.0,138.71800000000002,59.36269999999999,148.0,-59.51647000000001,-84.0,31.74213,15.871060000000003,0.0,0.0,-96.0
1052,event_001052.csv,0.0,39.98524,-44.0,-39.98524,-96.0,0.0,39.52387,-92.0,-39.52387,-40.0,158.5568,39.5239,-28.0,-79.35527,44.0,23.80659,23.806600000000003,0.0,-15.871058999999999,-36.0
1053,event_001053.csv,0.0,39.98524,-96.0,0.0,-100.0,0.0,39.52387,-96.0,-39.52387,-68.0,118.8792,79.20150000000001,92.0,-39.67766999999999,-60.0,23.80659,23.806600000000003,0.0,-15.871058999999999,-28.0
1054,event_001054.csv,0.0,39.98524,-96.0,-39.98524,168.0,0.0,39.52387,-56.0,0.0,-100.0,118.8792,79.20150000000001,-32.0,-39.67766999999999,-100.0,23.80659,23.806600000000003,0.0,-7.93553,-20.0
1055,event_001055.csv,0.0,39.98524,-100.0,-39.98524,-28.0,0.0,39.52387,-40.0,-39.52387,-60.0,118.8792,79.20150000000001,-24.0,-79.35533,-4.0,23.80659,23.806600000000003,0.0,-15.871058999999999,28.0
1056,event_001056.csv,0.0,39.98524,-76.0,-39.98524,76.0,0.0,39.52387,-32.0,-39.52387,-100.0,118.8792,118.8792,104.0,-79.35533,92.0,31.74213,15.871060000000003,0.0,-15.87107,-28.0
1057,event_001057.csv,0.0,39.98524,-88.0,0.0,-100.0,0.0,39.52387,88.0,-39.52387,68.0,118.8792,79.20150000000001,16.0,-39.67766999999999,-84.0,15.87106,31.742130000000003,0.0,-7.935529,-28.0
1058,event_001058.csv,0.0,39.98524,-80.0,0.0,-100.0,0.0,39.52387,-88.0,-39.52387,-44.0,158.5568,39.5239,16.0,-79.35527,-12.0,23.80659,23.806600000000003,0.0,-15.871058999999999,-40.0
1059,event_001059.csv,0.0,39.98524,-88.0,-39.98524,-36.0,0.0,39.52387,-24.0,-39.52387,-44.0,118.8792,79.20150000000001,4.0,-39.67766999999999,-100.0,23.80659,23.806600000000003,0.0,-15.871058999999999,-52.0
1060,event_001060.csv,0.0,39.98524,-88.0,-39.98524,164.0,0.0,39.52387,-88.0,-39.52387,84.0,158.5568,39.5239,-56.0,-79.35527,0.0,23.80659,23.806600000000003,0.0,-15.871058999999999,-52.0
1061,event_001061.csv,0.0,39.98524,-96.0,-39.98524,196.0,0.0,39.52387,-72.0,-39.52387,-100.0,158.5568,39.5239,64.0,-79.35527,-80.0,23.80659,23.806600000000003,0.0,-15.871058999999999,8.0
1062,event_001062.csv,0.0,39.98524,-100.0,-39.98524,24.0,0.0,39.52387,-84.0,-39.52387,-56.0,118.8792,79.20150000000001,12.0,-79.35533,-8.0,23.80659,23.806600000000003,0.0,-15.871058999999999,-40.0
1063,event_001063.csv,0.0,39.98524,-88.0,-39.98524,-52.0,0.0,39.52387,-88.0,-39.52387,36.0,118.8792,79.20150000000001,16.0,-39.67766999999999,-72.0,23.80659,23.806600000000003,0.0,-15.871058999999999,20.0
1064,event_001064.csv,0.0,39.98524,-96.0,-39.98524,124.0,0.0,39.52387,-96.0,-39.52387,-60.0,158.5568,39.5239,20.0,-79.35527,-12.0,23.80659,23.806600000000003,0.0,-7.93553,-64.0
1065,event_001065.csv,0.0,39.98524,-92.0,0.0,-100.0,0.0,39.52387,-68.0,-39.52387,-88.0,158.5568,39.5239,56.0,-79.35527,-96.0,23.80659,23.806600000000003,0.0,-15.871058999999999,-40.0
1066,event_001066.csv,0.0,39.98524,-100.0,-39.98524,-24.0,0.0,39.52387,20.0,-39.52387,-72.0,138.71800000000002,59.36269999999999,136.0,-59.51647000000001,24.0,23.80659,23.806600000000003,0.0,-15.871058999999999,8.0
1067,event_001067.csv,0.0,1319.974,4.0,-39.98524,192.0,0.0,2141.825,4.0,0.0,-100.0,118.8792,4881.1208,0.0,0.0,-80.0,0.0,103.1927,12.0,-23.80659,-12.0
1068,event_001068.csv,0.0,39.98524,-60.0,-39.98524,128.0,0.0,39.52387,-68.0,-39.52387,-96.0,118.8792,118.8792,148.0,-79.35533,-8.0,23.80659,23.806600000000003,0.0,-15.871058999999999,-52.0
1069,event_001069.csv,0.0,39.98524,-92.0,0.0,-100.0,0.0,39.52387,-88.0,-39.52387,100.0,118.8792,79.20150000000001,-64.0,-39.67766999999999,24.0,27.77436,19.83883,0.0,-11.903300000000002,-100.0
1070,event_001070.csv,0.0,39.98524,-76.0,-39.98524,-16.0,0.0,39.52387,-92.0,-39.52387,-48.0,118.8792,79.20150000000001,20.0,-39.67766999999999,-84.0,23.80659,23.806600000000003,0.0,-15.871058999999999,-36.0
1071,event_001071.csv,0.0,39.98524,-92.0,-39.98524,44.0,0.0,39.52387,-48.0,0.0,-100.0,118.8792,79.20150000000001,-40.0,-39.67766999999999,-24.0,23.80659,23.806600000000003,0.0,-15.871058999999999,-40.0
1072,event_001072.csv,0.0,39.98524,-64.0,-39.98524,-68.0,0.0,39.52387,-72.0,-39.52387,-76.0,118.8792,158.55679999999998,16.0,-79.35533,-4.0,23.80659,23.806600000000003,0.0,-15.871058999999999,-20.0
1073,event_001073.csv,0.0,39.98524,-56.0,0.0,-100.0,0.0,79.20153,16.0,-39.52387,-68.0,118.8792,79.20150000000001,-36.0,-39.67766999999999,-76.0,23.80659,23.806600000000003,0.0,-15.871058999999999,-28.0
1074,event_001074.csv,0.0,39.98524,-96.0,0.0,-100.0,0.0,79.20153,-40.0,0.0,-100.0,158.5568,0.0,-92.0,-79.35527,-12.0,23.80659,23.806600000000003,0.0,-7.93553,-52.0
1075,event_001075.csv,0.0,39.98524,-84.0,-39.98524,-88.0,0.0,79.20153,148.0,-39.52387,-8.0,118.8792,79.20150000000001,16.0,-39.67766999999999,-88.0,19.838825,27.774365000000003,0.0,-11.903293999999999,-40.0
1076,event_001076.csv,0.0,39.98524,-92.0,-39.98524,104.0,0.0,39.52387,-100.0,-39.52387,-16.0,118.8792,118.8792,140.0,-39.67766999999999,-88.0,23.80659,23.806600000000003,0.0,-15.871058999999999,20.0
1077,event_001077.csv,0.0,39.98524,-96.0,0.0,-100.0,0.0,39.52387,-72.0,-39.52387,68.0,118.8792,79.20150000000001,16.0,-39.67766999999999,0.0,23.80659,23.806600000000003,0.0,-15.871058999999999,-36.0
1078,event_001078.csv,0.0,39.98524,-68.0,-39.98524,36.0,0.0,39.52387,-96.0,-39.52387,-52.0,118.8792,79.20150000000001,72.0,-39.67766999999999,-60.0,23.80659,23.806600000000003,0.0,-15.871058999999999,-36.0
1079,event_001079.csv,0.0,39.98524,-96.0,-39.98524,124.0,0.0,39.52387,-88.0,-39.52387,-20.0,118.8792,79.20150000000001,-80.0,-79.35533,-52.0,23.80659,23.806600000000003,0.0,-15.871058999999999,-68.0
1080,event_001080.csv,0.0,39.98524,-68.0,0.0,-100.0,0.0,39.52387,-80.0,-39.52387,100.0,118.8792,79.20150000000001,-40.0,-39.67766999999999,-12.0,23.80659,23.806600000000003,0.0,-15.871058999999999,-36.0
1081,event_001081.csv,0.0,39.98524,-72.0,0.0,-100.0,0.0,39.52387,-88.0,-39.52387,-76.0,158.5568,39.5239,-16.0,-119.03293000000001,180.0,23.80659,23.806600000000003,0.0,-15.871058999999999,8.0
1082,event_001082.csv,0.0,39.98524,-92.0,-39.98524,92.0,0.0,39.52387,0.0,-39.52387,-28.0,118.8792,79.20150000000001,8.0,-79.35533,-8.0,23.80659,23.806600000000003,0.0,-15.871058999999999,-36.0
1083,event_001083.csv,0.0,39.98524,-96.0,-39.98524,12.0,0.0,39.52387,-40.0,-39.52387,-68.0,158.5568,39.5239,-40.0,-119.03293000000001,-8.0,15.87106,31.742130000000003,0.0,-31.74212,-28.0
1084,event_001084.csv,0.0,39.98524,-80.0,0.0,-100.0,0.0,79.20153,124.0,-39.52387,-80.0,158.5568,39.5239,-100.0,-79.35527,-12.0,23.80659,23.806600000000003,0.0,-7.93553,-64.0
1085,event_001085.csv,0.0,39.98524,-84.0,0.0,-100.0,0.0,39.52387,-64.0,-39.52387,36.0,118.8792,118.8792,24.0,-39.67766999999999,-60.0,23.80659,23.806600000000003,0.0,-15.871058999999999,20.0
1086,event_001086.csv,0.0,39.98524,-56.0,-39.98524,196.0,0.0,39.52387,-92.0,-39.52387,-52.0,118.8792,118.8792,140.0,-79.35533,116.0,23.80659,23.806600000000003,0.0,-15.871058999999999,16.0
1087,event_001087.csv,0.0,39.98524,-68.0,0.0,-100.0,0.0,79.20153,72.0,-39.52387,-60.0,158.5568,39.5239,-48.0,-79.35527,-44.0,15.87106,31.742130000000003,0.0,-15.87106,20.0
1088,event_001088.csv,0.0,39.98524,-84.0,-39.98524,56.0,0.0,79.20153,-60.0,-39.52387,64.0,118.8792,118.8792,60.0,-39.67766999999999,84.0,23.80659,23.806600000000003,0.0,-15.871058999999999,4.0
1089,event_001089.csv,0.0,39.98524,-92.0,-39.98524,-68.0,0.0,39.52387,-64.0,-39.52387,-36.0,118.8792,118.8792,108.0,-79.35533,84.0,23.80659,23.806600000000003,0.0,0.0,-100.0
1090,event_001090.csv,0.0,39.98524,-92.0,-39.98524,-96.0,0.0,39.52387,-44.0,-39.52387,-64.0,118.8792,118.8792,20.0,-79.35533,-8.0,23.80659,23.806600000000003,0.0,-15.871058999999999,-40.0
1091,event_001091.csv,0.0,39.98524,-80.0,-39.98524,-48.0,0.0,79.20153,64.0,0.0,-100.0,118.8792,79.20150000000001,-60.0,-39.67766999999999,-84.0,23.80659,23.806600000000003,0.0,-15.871058999999999,-40.0
1092,event_001092.csv,0.0,39.98524,-100.0,-39.98524,-92.0,0.0,39.52387,-80.0,-39.52387,-44.0,158.5568,79.20159999999998,12.0,-158.5568,-4.0,23.80659,23.806600000000003,0.0,-15.871058999999999,-32.0
1093,event_001093.csv,0.0,39.98524,-56.0,0.0,-100.0,0.0,39.52387,-80.0,-39.52387,60.0,118.8792,39.67760000000001,-100.0,-39.67766999999999,-12.0,23.80659,23.806600000000003,0.0,-23.80659,-40.0
1094,event_001094.csv,0.0,39.98524,-88.0,-39.98524,-100.0,0.0,39.52387,-32.0,-39.52387,-92.0,118.8792,79.20150000000001,56.0,-79.35533,40.0,23.80659,23.806600000000003,0.0,-15.871058999999999,28.0
1095,event_001095.csv,0.0,39.98524,-80.0,-39.98524,-36.0,0.0,39.52387,-84.0,0.0,-100.0,118.8792,79.20150000000001,20.0,-79.35533,128.0,23.80659,23.806600000000003,0.0,-15.871058999999999,-40.0
1096,event_001096.csv,0.0,39.98524,-100.0,-39.98524,188.0,0.0,39.52387,-80.0,0.0,-100.0,118.8792,79.20150000000001,-80.0,-39.67766999999999,-100.0,23.80659,23.806600000000003,0.0,-15.871058999999999,-52.0
1097,event_001097.csv,0.0,39.98524,-76.0,-39.98524,-68.0,0.0,79.20153,-72.0,-39.52387,20.0,118.8792,79.20150000000001,-32.0,-39.67766999999999,-36.0,23.80659,23.806600000000003,0.0,-7.93553,-92.0
1098,event_001098.csv,0.0,39.98524,-72.0,-39.98524,12.0,0.0,39.52387,32.0,-39.52387,-60.0,118.8792,118.8792,-40.0,-79.35533,120.0,23.80659,23.806600000000003,0.0,-15.871058999999999,-40.0
1099,event_001099.csv,0.0,39.98524,-72.0,0.0,-100.0,0.0,39.52387,-16.0,-39.52387,-44.0,138.71800000000002,138.71799999999996,8.0,-99.19413000000002,-16.0,23.80659,23.806600000000003,0.0,-23.80659,-28.0
1100,event_001100.csv,0.0,39.98524,-64.0,0.0,-100.0,0.0,39.52387,-88.0,-39.52387,-76.0,158.5568,79.20159999999998,20.0,-158.5568,-4.0,23.80659,23.806600000000003,0.0,-15.871058999999999,-20.0
1101,event_001101.csv,0.0,39.98524,-96.0,-39.98524,92.0,0.0,39.52387,-64.0,-39.52387,36.0,118.8792,118.8792,-24.0,-79.35533,-4.0,23.80659,23.806600000000003,0.0,-15.871058999999999,-20.0
1102,event_001102.csv,0.0,39.98524,-84.0,-39.98524,20.0,0.0,39.52387,-64.0,-39.52387,12.0,158.5568,39.5239,-40.0,-79.35527,-8.0,23.80659,23.806600000000003,0.0,-15.871058999999999,-36.0
1103,event_001103.csv,0.0,39.98524,-64.0,-39.98524,180.0,0.0,39.52387,-56.0,-39.52387,-68.0,118.8792,79.20150000000001,-40.0,-39.67766999999999,-96.0,23.80659,23.806600000000003,0.0,-15.871058999999999,-36.0
1104,event_001104.csv,0.0,39.98524,-92.0,-39.98524,60.0,0.0,39.52387,8.0,-39.52387,-12.0,158.5568,79.20159999999998,12.0,-79.35527,-24.0,23.80659,23.806600000000003,0.0,-15.871058999999999,-32.0
1105,event_001105.csv,0.0,39.98524,-80.0,0.0,-100.0,0.0,39.52387,-56.0,-39.52387,-60.0,118.8792,79.20150000000001,-28.0,-39.67766999999999,-44.0,23.80659,23.806600000000003,0.0,-15.871058999999999,-52.0
1106,event_001106.csv,0.0,39.98524,-80.0,0.0,-100.0,0.0,39.52387,-96.0,-39.52387,-32.0,118.8792,118.8792,12.0,-79.35533,-12.0,23.80659,23.806600000000003,0.0,-15.871058999999999,-28.0
1107,event_001107.csv,0.0,39.98524,-84.0,0.0,-100.0,0.0,39.52387,-92.0,-39.52387,160.0,118.8792,118.8792,16.0,-79.35533,0.0,23.80659,23.806600000000003,0.0,-15.871058999999999,-24.0
1108,event_001108.csv,0.0,39.98524,-96.0,0.0,-100.0,0.0,39.52387,-100.0,-39.52387,-64.0,118.8792,118.8792,12.0,-79.35533,-12.0,23.80659,23.806600000000003,0.0,-15.871058999999999,-32.0
1109,event_001109.csv,0.0,39.98524,-96.0,-39.98524,108.0,0.0,39.52387,0.0,-39.52387,-100.0,118.8792,118.8792,20.0,-118.8792,-4.0,23.80659,23.806600000000003,0.0,-15.871058999999999,-28.0
1110,event_001110.csv,0.0,39.98524,-84.0,0.0,-100.0,0.0,39.52387,-76.0,-39.52387,0.0,158.5568,79.20159999999998,12.0,-158.5568,-8.0,23.80659,23.806600000000003,0.0,-15.871058999999999,-32.0
1111,event_001111.csv,0.0,39.98524,-36.0,-39.98524,-96.0,0.0,39.52387,-84.0,-39.52387,184.0,118.8792,158.55679999999998,20.0,-79.35533,-4.0,23.80659,23.806600000000003,0.0,-15.871058999999999,-20.0
1112,event_001112.csv,0.0,39.98524,-100.0,0.0,-96.0,0.0,39.52387,-52.0,-39.52387,-48.0,118.8792,118.8792,12.0,-118.8792,-8.0,23.80659,23.806600000000003,0.0,-23.80659,-24.0
1113,event_001113.csv,0.0,39.98524,-84.0,-39.98524,0.0,0.0,39.52387,-36.0,0.0,-100.0,138.71800000000002,99.04039999999998,-28.0,-99.19413000000002,-12.0,23.80659,23.806600000000003,0.0,-15.871058999999999,-32.0
1114,event_001114.csv,0.0,39.98524,-68.0,-39.98524,64.0,0.0,39.52387,-100.0,-39.52387,-72.0,118.8792,118.8792,-28.0,-118.8792,-4.0,23.80659,23.806600000000003,0.0,-23.80659,-24.0
1115,event_001115.csv,0.0,39.98524,8.0,0.0,-100.0,0.0,39.52387,88.0,-39.52387,-84.0,138.71800000000002,99.04039999999998,16.0,-99.19413000000002,-12.0,15.87106,31.742130000000003,0.0,-15.87106,-20.0
1116,event_001116.csv,0.0,39.98524,-100.0,0.0,-88.0,0.0,39.52387,-88.0,-39.52387,-28.0,118.8792,79.20150000000001,-28.0,-79.35533,-12.0,23.80659,23.806600000000003,0.0,-15.871058999999999,-32.0
1117,event_001117.csv,0.0,39.98524,-80.0,-39.98524,-100.0,0.0,39.52387,40.0,-39.52387,-4.0,138.71800000000002,99.04039999999998,16.0,-99.19413000000002,-4.0,15.87106,31.742130000000003,0.0,-7.935529,-32.0
1118,event_001118.csv,0.0,39.98524,-48.0,0.0,-100.0,0.0,39.52387,-56.0,-39.52387,-92.0,118.8792,118.8792,52.0,-79.35533,-24.0,23.80659,23.806600000000003,0.0,-23.80659,-28.0
1119,event_001119.csv,0.0,39.98524,-96.0,0.0,-100.0,0.0,39.52387,-32.0,-39.52387,-68.0,118.8792,158.55679999999998,16.0,-118.8792,-8.0,15.87106,31.742130000000003,0.0,-15.87106,-24.0
1120,event_001120.csv,0.0,39.98524,-100.0,-39.98524,-80.0,0.0,39.52387,-96.0,-39.52387,-52.0,118.8792,118.8792,200.0,-79.35533,112.0,23.80659,23.806600000000003,0.0,-15.871058999999999,-52.0
1121,event_001121.csv,0.0,39.98524,-80.0,0.0,-100.0,0.0,39.52387,-88.0,-39.52387,-44.0,118.8792,39.67760000000001,-100.0,-39.67766999999999,-4.0,23.80659,23.806600000000003,0.0,-15.871058999999999,20.0
1122,event_001122.csv,0.0,39.98524,-96.0,-39.98524,-12.0,0.0,39.52387,-80.0,-39.52387,-76.0,118.8792,79.20150000000001,8.0,-39.67766999999999,-44.0,31.74213,23.806590000000003,0.0,-23.806599,-40.0
1123,event_001123.csv,0.0,39.98524,-64.0,-39.98524,-40.0,0.0,39.52387,-76.0,-39.52387,-96.0,118.8792,118.8792,108.0,-79.35533,136.0,27.77436,19.83883,0.0,-11.903300000000002,20.0
1124,event_001124.csv,0.0,39.98524,-92.0,-39.98524,108.0,0.0,39.52387,-100.0,-39.52387,-48.0,118.8792,118.8792,16.0,-118.8792,0.0,15.87106,39.67766,4.0,-31.74212,-24.0
1125,event_001125.csv,0.0,39.98524,-88.0,-39.98524,108.0,0.0,39.52387,-56.0,-39.52387,-100.0,118.8792,79.20150000000001,16.0,-79.35533,120.0,23.80659,23.806600000000003,0.0,-15.871058999999999,-52.0
1126,event_001126.csv,0.0,39.98524,-72.0,-39.98524,-84.0,0.0,39.52387,-72.0,-39.52387,28.0,118.8792,79.20150000000001,16.0,-79.35533,124.0,31.74213,15.871060000000003,0.0,-15.87107,-88.0
1127,event_001127.csv,0.0,39.98524,-100.0,-39.98524,116.0,0.0,39.52387,-88.0,-39.52387,4.0,118.8792,158.55679999999998,60.0,-118.8792,-12.0,23.80659,23.806600000000003,0.0,-7.93553,-92.0
1128,event_001128.csv,0.0,39.98524,-72.0,-39.98524,-60.0,0.0,39.52387,-96.0,-39.52387,36.0,118.8792,158.55679999999998,12.0,-158.40307,36.0,15.87106,31.742130000000003,0.0,-23.806591,20.0
1129,event_001129.csv,0.0,39.98524,-96.0,0.0,-100.0,0.0,39.52387,-40.0,-39.52387,-84.0,118.8792,79.20150000000001,8.0,-39.67766999999999,-76.0,31.74213,15.871060000000003,0.0,-15.87107,-52.0
1130,event_001130.csv,0.0,39.98524,-72.0,-39.98524,-92.0,0.0,39.52387,40.0,-39.52387,28.0,118.8792,118.8792,56.0,-79.35533,124.0,23.80659,23.806600000000003,0.0,-23.80659,-28.0
1131,event_001131.csv,0.0,39.98524,-40.0,0.0,-100.0,0.0,39.52387,-96.0,-39.52387,-92.0,158.5568,39.5239,-52.0,-79.35527,-76.0,23.80659,23.806600000000003,0.0,-15.871058999999999,-52.0
1132,event_001132.csv,0.0,39.98524,-100.0,-39.98524,8.0,0.0,39.52387,-60.0,-39.52387,-72.0,118.8792,79.20150000000001,-40.0,-79.35533,-56.0,23.80659,23.806600000000003,0.0,-15.871058999999999,-64.0
1133,event_001133.csv,0.0,39.98524,-92.0,0.0,-100.0,0.0,39.52387,-96.0,-39.52387,-60.0,158.5568,39.5239,-92.0,-79.35527,-8.0,23.80659,23.806600000000003,0.0,-15.871058999999999,-40.0
1134,event_001134.csv,0.0,39.98524,-60.0,0.0,-100.0,0.0,39.52387,-100.0,-39.52387,152.0,118.8792,79.20150000000001,140.0,-39.67766999999999,-72.0,23.80659,23.806600000000003,0.0,-7.93553,-52.0
1135,event_001135.csv,0.0,39.98524,-96.0,-39.98524,76.0,0.0,39.52387,-64.0,-39.52387,-76.0,118.8792,118.8792,56.0,-79.35533,164.0,23.80659,23.806600000000003,0.0,-15.871058999999999,8.0
1136,event_001136.csv,0.0,39.98524,-96.0,0.0,-100.0,0.0,39.52387,-32.0,-39.52387,-52.0,158.5568,39.5239,148.0,-79.35527,-12.0,23.80659,23.806600000000003,0.0,-7.93553,-52.0
1137,event_001137.csv,0.0,39.98524,-56.0,-39.98524,-20.0,0.0,39.52387,-88.0,-39.52387,-84.0,118.8792,79.20150000000001,8.0,-39.67766999999999,-20.0,23.80659,23.806600000000003,0.0,-15.871058999999999,-28.0
1138,event_001138.csv,0.0,39.98524,-92.0,0.0,-100.0,0.0,39.52387,-64.0,-39.52387,4.0,158.5568,39.5239,8.0,-79.35527,88.0,23.80659,23.806600000000003,0.0,-15.871058999999999,-20.0
1139,event_001139.csv,0.0,39.98524,-88.0,-39.98524,-92.0,0.0,39.52387,-56.0,-39.52387,-12.0,118.8792,79.20150000000001,-40.0,-79.35533,36.0,15.87106,31.742130000000003,0.0,-15.87106,-40.0
1140,event_001140.csv,0.0,39.98524,-88.0,-39.98524,132.0,0.0,39.52387,-40.0,-39.52387,-100.0,118.8792,79.20150000000001,144.0,-39.67766999999999,-92.0,23.80659,23.806600000000003,0.0,-7.93553,-52.0
1141,event_001141.csv,0.0,39.98524,-88.0,-39.98524,-80.0,0.0,39.52387,-4.0,-39.52387,104.0,118.8792,79.20150000000001,8.0,-39.67766999999999,-32.0,23.80659,23.806600000000003,0.0,-15.871058999999999,-48.0
1142,event_001142.csv,0.0,39.98524,-96.0,-39.98524,44.0,0.0,39.52387,24.0,-39.52387,-84.0,118.8792,79.20150000000001,36.0,-39.67766999999999,-44.0,23.80659,23.806600000000003,0.0,-15.871058999999999,-24.0
1143,event_001143.csv,0.0,39.98524,-76.0,-39.98524,-72.0,0.0,39.52387,4.0,-39.52387,-72.0,118.8792,79.20150000000001,-28.0,-79.35533,128.0,23.80659,23.806600000000003,0.0,-7.93553,-80.0
1144,event_001144.csv,0.0,39.98524,-76.0,-39.98524,-88.0,0.0,39.52387,-96.0,-39.52387,-92.0,118.8792,79.20150000000001,-16.0,-39.67766999999999,-92.0,23.80659,23.806600000000003,0.0,-7.93553,-36.0
1145,event_001145.csv,0.0,39.98524,-80.0,-39.98524,52.0,0.0,39.52387,88.0,-39.52387,-100.0,118.8792,79.20150000000001,144.0,-79.35533,36.0,23.80659,23.806600000000003,0.0,-15.871058999999999,-40.0
1146,event_001146.csv,0.0,39.98524,-84.0,-39.98524,-28.0,0.0,39.52387,-16.0,-39.52387,-44.0,118.8792,79.20150000000001,8.0,-39.67766999999999,-84.0,23.80659,23.806600000000003,0.0,-15.871058999999999,-36.0
1147,event_001147.csv,0.0,39.98524,-96.0,-39.98524,184.0,0.0,39.52387,-88.0,-39.52387,-100.0,118.8792,79.20150000000001,52.0,-79.35533,36.0,31.74213,15.871060000000003,0.0,-15.87107,-20.0
1148,event_001148.csv,0.0,39.98524,-100.0,0.0,-96.0,0.0,39.52387,-92.0,-39.52387,-88.0,118.8792,79.20150000000001,-100.0,-39.67766999999999,-12.0,23.80659,23.806600000000003,0.0,-15.871058999999999,-36.0
1149,event_001149.csv,0.0,39.98524,-88.0,-39.98524,-28.0,0.0,39.52387,-56.0,-39.52387,-68.0,118.8792,79.20150000000001,-72.0,-79.35533,36.0,23.80659,23.806600000000003,0.0,-7.93553,-64.0
1150,event_001150.csv,0.0,39.98524,-80.0,-39.98524,-4.0,0.0,39.52387,-56.0,-39.52387,-44.0,158.5568,39.5239,-48.0,-79.35527,-100.0,23.80659,23.806600000000003,0.0,-23.80659,-40.0
1151,event_001151.csv,0.0,39.98524,-72.0,0.0,-100.0,0.0,39.52387,-76.0,-39.52387,-56.0,118.8792,118.8792,8.0,-39.67766999999999,-96.0,23.80659,23.806600000000003,0.0,-15.871058999999999,-40.0
1152,event_001152.csv,0.0,39.98524,-92.0,-39.98524,112.0,0.0,39.52387,-84.0,-39.52387,-88.0,118.8792,79.20150000000001,8.0,-39.67766999999999,0.0,31.74213,15.871060000000003,0.0,-15.87107,-64.0
1153,event_001153.csv,0.0,39.98524,-68.0,-39.98524,-88.0,0.0,39.52387,-84.0,-39.52387,-48.0,118.8792,79.20150000000001,12.0,-79.35533,120.0,23.80659,23.806600000000003,0.0,-15.871058999999999,-40.0
1154,event_001154.csv,0.0,39.98524,-84.0,0.0,-100.0,0.0,39.52387,-68.0,-39.52387,-40.0,118.8792,79.20150000000001,20.0,-39.67766999999999,-20.0,23.80659,23.806600000000003,0.0,-15.871058999999999,-36.0
1155,event_001155.csv,0.0,39.98524,-72.0,-39.98524,108.0,0.0,39.52387,-80.0,-39.52387,-84.0,118.8792,79.20150000000001,4.0,-39.67766999999999,-72.0,23.80659,31.742130000000003,0.0,-15.871058999999999,-40.0
1156,event_001156.csv,0.0,39.98524,-96.0,-39.98524,-4.0,0.0,39.52387,-72.0,-39.52387,-60.0,118.8792,79.20150000000001,76.0,-39.67766999999999,-100.0,31.74213,15.871060000000003,0.0,-15.87107,8.0
1157,event_001157.csv,0.0,39.98524,-92.0,-39.98524,-8.0,0.0,39.52387,-40.0,-39.52387,-68.0,118.8792,79.20150000000001,0.0,-39.67766999999999,-100.0,23.80659,23.806600000000003,0.0,-15.871058999999999,-40.0
1158,event_001158.csv,0.0,39.98524,-96.0,0.0,-100.0,0.0,39.52387,-64.0,-39.52387,-92.0,158.5568,79.20159999999998,152.0,-158.5568,172.0,23.80659,23.806600000000003,0.0,-15.871058999999999,-28.0
1159,event_001159.csv,0.0,39.98524,-76.0,0.0,-100.0,0.0,39.52387,-52.0,-39.52387,-48.0,138.71800000000002,59.36269999999999,-40.0,-59.51647000000001,0.0,15.87106,31.742130000000003,0.0,-7.935529,-64.0
1160,event_001160.csv,0.0,39.98524,-24.0,-39.98524,56.0,0.0,39.52387,-100.0,-39.52387,56.0,118.8792,79.20150000000001,-52.0,-39.67766999999999,-88.0,23.80659,23.806600000000003,0.0,-15.871058999999999,-40.0
1161,event_001161.csv,0.0,39.98524,-40.0,0.0,-100.0,0.0,39.52387,-88.0,-39.52387,-28.0,118.8792,79.20150000000001,12.0,-39.67766999999999,-12.0,23.80659,23.806600000000003,0.0,-15.871058999999999,-36.0
1162,event_001162.csv,0.0,39.98524,-96.0,-39.98524,-44.0,0.0,79.20153,152.0,-39.52387,-84.0,118.8792,79.20150000000001,-80.0,-79.35533,-100.0,23.80659,23.806600000000003,0.0,-7.93553,-52.0
1163,event_001163.csv,0.0,39.98524,-100.0,0.0,-96.0,0.0,39.52387,-100.0,-39.52387,-60.0,118.8792,79.20150000000001,8.0,-39.67766999999999,-20.0,15.87106,31.742130000000003,0.0,-7.935529,-48.0
1164,event_001164.csv,0.0,39.98524,-96.0,-39.98524,12.0,0.0,39.52387,-72.0,-39.52387,-60.0,118.8792,79.20150000000001,-88.0,-39.67766999999999,-8.0,23.80659,23.806600000000003,0.0,-15.871058999999999,-36.0
1165,event_001165.csv,0.0,39.98524,-88.0,0.0,-100.0,0.0,39.52387,-60.0,-39.52387,-24.0,118.8792,79.20150000000001,-28.0,-39.67766999999999,-100.0,23.80659,23.806600000000003,0.0,-7.93553,-64.0
1166,event_001166.csv,0.0,39.98524,-100.0,-39.98524,-28.0,0.0,39.52387,-80.0,-39.52387,108.0,118.8792,79.20150000000001,-24.0,-39.67766999999999,-92.0,27.77436,19.83883,0.0,-19.838829,-36.0
1167,event_001167.csv,0.0,39.98524,-80.0,0.0,-100.0,0.0,39.52387,-32.0,-39.52387,20.0,118.8792,79.20150000000001,16.0,-39.67766999999999,-36.0,23.80659,23.806600000000003,0.0,-7.93553,-52.0
1168,event_001168.csv,0.0,39.98524,-80.0,0.0,-100.0,0.0,39.52387,-80.0,-39.52387,156.0,158.5568,39.5239,-28.0,-119.03293000000001,36.0,15.87106,31.742130000000003,0.0,0.0,-100.0
1169,event_001169.csv,0.0,39.98524,-76.0,-39.98524,-68.0,0.0,39.52387,-64.0,-39.52387,-92.0,118.8792,79.20150000000001,52.0,-39.67766999999999,-92.0,23.80659,23.806600000000003,0.0,-15.871058999999999,-40.0
1170,event_001170.csv,0.0,39.98524,-76.0,-39.98524,124.0,0.0,39.52387,-84.0,-39.52387,36.0,118.8792,118.8792,112.0,-79.35533,132.0,27.77436,19.83883,0.0,-11.903300000000002,-52.0
1171,event_001171.csv,0.0,39.98524,-84.0,-39.98524,-52.0,0.0,39.52387,-88.0,-39.52387,12.0,118.8792,79.20150000000001,16.0,-39.67766999999999,-4.0,19.838825,27.774365000000003,0.0,-11.903293999999999,-28.0
1172,event_001172.csv,0.0,39.98524,-100.0,-39.98524,72.0,0.0,39.52387,-8.0,-39.52387,0.0,118.8792,79.20150000000001,28.0,-79.35533,48.0,31.74213,15.871060000000003,0.0,-15.87107,24.0
1173,event_001173.csv,0.0,39.98524,-100.0,-39.98524,-88.0,0.0,39.52387,-92.0,-39.52387,160.0,118.8792,79.20150000000001,-100.0,-39.67766999999999,-80.0,23.80659,23.806600000000003,0.0,-15.871058999999999,-36.0
1174,event_001174.csv,0.0,39.98524,-96.0,0.0,-100.0,0.0,39.52387,-80.0,-39.52387,-92.0,118.8792,79.20150000000001,8.0,-79.35533,32.0,23.80659,23.806600000000003,0.0,-15.871058999999999,20.0
1175,event_001175.csv,0.0,39.98524,-24.0,-39.98524,20.0,0.0,39.52387,-64.0,-39.52387,-68.0,118.8792,118.8792,152.0,-39.67766999999999,-92.0,23.80659,23.806600000000003,0.0,-15.871058999999999,-28.0
1176,event_001176.csv,0.0,39.98524,-100.0,-39.98524,-28.0,0.0,39.52387,-88.0,-39.52387,140.0,118.8792,79.20150000000001,72.0,-79.35533,180.0,23.80659,23.806600000000003,0.0,-15.871058999999999,20.0
1177,event_001177.csv,0.0,39.98524,-88.0,-39.98524,-64.0,0.0,39.52387,-72.0,0.0,-100.0,118.8792,79.20150000000001,-40.0,-39.67766999999999,-12.0,23.80659,23.806600000000003,0.0,-15.871058999999999,-52.0
1178,event_001178.csv,0.0,39.98524,-68.0,-39.98524,20.0,0.0,39.52387,-96.0,-39.52387,-84.0,118.8792,118.8792,136.0,-79.35533,112.0,23.80659,23.806600000000003,0.0,-15.871058999999999,-28.0
1179,event_001179.csv,0.0,39.98524,-48.0,0.0,-100.0,0.0,39.52387,-8.0,-39.52387,-92.0,118.8792,79.20150000000001,16.0,-79.35533,44.0,23.80659,23.806600000000003,0.0,-7.93553,20.0
1180,event_001180.csv,0.0,39.98524,-88.0,0.0,-100.0,0.0,79.20153,168.0,-39.52387,-92.0,158.5568,39.5239,16.0,-79.35527,-92.0,23.80659,23.806600000000003,0.0,-15.871058999999999,-40.0
1181,event_001181.csv,0.0,39.98524,-100.0,0.0,-92.0,0.0,79.20153,144.0,-39.52387,-100.0,118.8792,79.20150000000001,-56.0,-39.67766999999999,-84.0,23.80659,23.806600000000003,0.0,-15.871058999999999,-52.0
1182,event_001182.csv,0.0,39.98524,-24.0,-39.98524,84.0,0.0,39.52387,-96.0,-39.52387,60.0,118.8792,79.20150000000001,-52.0,-39.67766999999999,-4.0,23.80659,23.806600000000003,0.0,-15.871058999999999,20.0
1183,event_001183.csv,0.0,39.98524,-100.0,0.0,-96.0,0.0,39.52387,-68.0,-39.52387,-56.0,118.8792,79.20150000000001,-84.0,-39.67766999999999,-12.0,23.80659,23.806600000000003,0.0,-15.871058999999999,-48.0
1184,event_001184.csv,0.0,39.98524,-96.0,0.0,-100.0,0.0,39.52387,-56.0,-39.52387,-28.0,118.8792,79.20150000000001,4.0,-39.67766999999999,-36.0,23.80659,23.806600000000003,0.0,-15.871058999999999,20.0
1185,event_001185.csv,0.0,39.98524,-84.0,0.0,-100.0,0.0,39.52387,-16.0,-39.52387,184.0,118.8792,79.20150000000001,-28.0,-79.35533,-8.0,23.80659,23.806600000000003,0.0,-15.871058999999999,-24.0
1186,event_001186.csv,0.0,39.98524,-76.0,-39.98524,-88.0,0.0,39.52387,-92.0,-39.52387,-64.0,118.8792,79.20150000000001,-52.0,-39.67766999999999,40.0,23.80659,23.806600000000003,0.0,-15.871058999999999,-36.0
1187,event_001187.csv,0.0,39.98524,-84.0,-39.98524,20.0,0.0,39.52387,-76.0,-39.52387,-52.0,118.8792,356.7913,8.0,-79.35533,116.0,23.80659,23.806600000000003,0.0,-23.80659,16.0
1188,event_001188.csv,0.0,39.98524,-100.0,0.0,-96.0,0.0,39.52387,-92.0,-39.52387,80.0,118.8792,79.20150000000001,12.0,-39.67766999999999,-12.0,23.80659,23.806600000000003,0.0,-15.871058999999999,-40.0
1189,event_001189.csv,0.0,39.98524,-60.0,-39.98524,16.0,0.0,39.52387,-100.0,-39.52387,-88.0,158.5568,39.5239,20.0,-79.35527,-32.0,23.80659,23.806600000000003,0.0,-15.871058999999999,-48.0
1190,event_001190.csv,0.0,39.98524,-92.0,0.0,-100.0,0.0,39.52387,-60.0,-39.52387,-52.0,118.8792,118.8792,152.0,-79.35533,44.0,23.80659,23.806600000000003,0.0,-15.871058999999999,-36.0
1191,event_001191.csv,0.0,39.98524,-96.0,0.0,-100.0,0.0,39.52387,-96.0,-39.52387,-44.0,118.8792,79.20150000000001,8.0,-39.67766999999999,-12.0,7.935531,39.677659000000006,0.0,-7.935531,-52.0
1192,event_001192.csv,0.0,39.98524,-96.0,-39.98524,-72.0,0.0,39.52387,-88.0,-39.52387,-28.0,118.8792,79.20150000000001,-32.0,-79.35533,-8.0,31.74213,15.871060000000003,0.0,-15.87107,-28.0
1193,event_001193.csv,0.0,39.98524,-88.0,-39.98524,192.0,0.0,39.52387,-56.0,-39.52387,-36.0,118.8792,79.20150000000001,-72.0,-39.67766999999999,-96.0,23.80659,23.806600000000003,0.0,-15.871058999999999,-28.0
1194,event_001194.csv,0.0,39.98524,-96.0,0.0,-100.0,0.0,39.52387,-56.0,-39.52387,-88.0,118.8792,79.20150000000001,-100.0,-39.67766999999999,52.0,23.80659,23.806600000000003,0.0,-15.871058999999999,-36.0
1195,event_001195.csv,0.0,39.98524,-52.0,0.0,-100.0,0.0,79.20153,148.0,-39.52387,-56.0,118.8792,356.7913,92.0,-39.67766999999999,-72.0,23.80659,23.806600000000003,0.0,-7.93553,-88.0
1196,event_001196.csv,0.0,39.98524,-64.0,-39.98524,80.0,0.0,39.52387,-4.0,-39.52387,-40.0,138.71800000000002,59.36269999999999,16.0,-59.51647000000001,-68.0,15.87106,31.742130000000003,0.0,-7.935529,-48.0
1197,event_001197.csv,0.0,39.98524,-84.0,0.0,-100.0,0.0,39.52387,-92.0,-39.52387,8.0,118.8792,79.20150000000001,-84.0,-39.67766999999999,-92.0,23.80659,23.806600000000003,0.0,-15.871058999999999,20.0
1198,event_001198.csv,0.0,39.98524,-92.0,0.0,-100.0,0.0,39.52387,28.0,-39.52387,-72.0,118.8792,118.8792,148.0,-39.67766999999999,-20.0,15.87106,31.742130000000003,0.0,-7.935529,-64.0
1199,event_001199.csv,0.0,39.98524,-96.0,-39.98524,-44.0,0.0,39.52387,-88.0,-39.52387,-44.0,118.8792,4881.1208,0.0,-39.67766999999999,192.0,0.0,111.1282,8.0,-31.74213,-12.0
1200,event_001200.csv,0.0,39.98524,-64.0,0.0,-100.0,0.0,39.52387,-24.0,-39.52387,-76.0,158.5568,39.5239,16.0,-79.35527,-12.0,23.80659,23.806600000000003,0.0,-7.93553,20.0
1201,event_001201.csv,0.0,39.98524,-80.0,-39.98524,-20.0,0.0,39.52387,-72.0,-39.52387,-92.0,118.8792,79.20150000000001,16.0,-39.67766999999999,-20.0,23.80659,23.806600000000003,0.0,-15.871058999999999,-52.0
1202,event_001202.csv,0.0,79.97047,-4.0,-39.98524,164.0,0.0,39.52387,-48.0,-39.52387,20.0,118.8792,118.8792,8.0,-39.67766999999999,-32.0,23.80659,23.806600000000003,0.0,-15.871058999999999,-40.0
1203,event_001203.csv,0.0,39.98524,-96.0,-39.98524,-100.0,0.0,39.52387,-80.0,-39.52387,100.0,158.5568,39.5239,-96.0,-79.35527,-20.0,27.77436,19.83883,0.0,-11.903300000000002,-40.0
1204,event_001204.csv,0.0,39.98524,-88.0,-39.98524,-96.0,0.0,39.52387,-88.0,-39.52387,68.0,118.8792,79.20150000000001,24.0,-39.67766999999999,4.0,23.80659,23.806600000000003,0.0,-23.80659,-36.0
1205,event_001205.csv,0.0,39.98524,-96.0,-39.98524,92.0,0.0,39.52387,-88.0,-39.52387,-76.0,158.5568,39.5239,96.0,-79.35527,-76.0,19.838825,27.774365000000003,0.0,-11.903293999999999,-36.0
1206,event_001206.csv,0.0,39.98524,-68.0,-39.98524,80.0,0.0,39.52387,-92.0,-39.52387,56.0,118.8792,79.20150000000001,-40.0,-39.67766999999999,-64.0,23.80659,23.806600000000003,0.0,-15.871058999999999,-40.0
1207,event_001207.csv,0.0,39.98524,-76.0,0.0,-100.0,0.0,39.52387,-48.0,-39.52387,-76.0,158.5568,39.5239,20.0,-79.35527,-8.0,15.87106,31.742130000000003,0.0,-15.87106,-36.0
1208,event_001208.csv,0.0,79.97047,-80.0,-39.98524,-52.0,0.0,79.20153,-24.0,-39.52387,-44.0,118.8792,118.8792,196.0,-39.67766999999999,-100.0,15.87106,31.742130000000003,0.0,-7.935529,-52.0
1209,event_001209.csv,0.0,39.98524,-100.0,0.0,-96.0,0.0,39.52387,-100.0,-39.52387,72.0,118.8792,118.8792,20.0,-79.35533,-8.0,23.80659,23.806600000000003,0.0,-7.93553,-88.0
1210,event_001210.csv,0.0,39.98524,-68.0,-39.98524,124.0,0.0,39.52387,-40.0,-39.52387,-60.0,118.8792,79.20150000000001,200.0,-39.67766999999999,-68.0,31.74213,15.871060000000003,0.0,-15.87107,-48.0
1211,event_001211.csv,0.0,39.98524,-96.0,-39.98524,156.0,0.0,39.52387,-24.0,0.0,-100.0,118.8792,79.20150000000001,16.0,-79.35533,-4.0,31.74213,15.871060000000003,0.0,-15.87107,-24.0
1212,event_001212.csv,0.0,39.98524,-80.0,-39.98524,56.0,0.0,39.52387,-4.0,-39.52387,-80.0,118.8792,118.8792,108.0,-118.8792,-24.0,23.80659,23.806600000000003,0.0,-15.871058999999999,-32.0
1213,event_001213.csv,0.0,39.98524,-96.0,-39.98524,52.0,0.0,39.52387,-64.0,-39.52387,-60.0,118.8792,79.20150000000001,8.0,-39.67766999999999,-60.0,23.80659,23.806600000000003,0.0,-7.93553,-76.0
1214,event_001214.csv,0.0,39.98524,-100.0,-39.98524,164.0,0.0,39.52387,-48.0,-39.52387,-84.0,118.8792,79.20150000000001,16.0,-79.35533,4.0,23.80659,23.806600000000003,0.0,-15.871058999999999,32.0
1215,event_001215.csv,0.0,39.98524,-68.0,-39.98524,136.0,0.0,39.52387,-92.0,-39.52387,-56.0,158.5568,79.20159999999998,16.0,-119.03293000000001,0.0,23.80659,23.806600000000003,0.0,-15.871058999999999,-24.0
1216,event_001216.csv,0.0,39.98524,-96.0,0.0,-100.0,0.0,39.52387,-96.0,-39.52387,-84.0,158.5568,79.20159999999998,16.0,-119.03293000000001,124.0,23.80659,23.806600000000003,0.0,-15.871058999999999,-40.0
1217,event_001217.csv,0.0,39.98524,-100.0,-39.98524,88.0,0.0,39.52387,-44.0,-39.52387,48.0,158.5568,79.20159999999998,28.0,-79.35527,-88.0,23.80659,23.806600000000003,0.0,-15.871058999999999,-16.0
1218,event_001218.csv,0.0,39.98524,-88.0,-39.98524,116.0,0.0,39.52387,-80.0,-39.52387,-84.0,158.5568,39.5239,-40.0,-119.03293000000001,-64.0,23.80659,23.806600000000003,0.0,-15.871058999999999,-40.0
1219,event_001219.csv,0.0,39.98524,-88.0,0.0,-100.0,0.0,39.52387,-96.0,-39.52387,124.0,118.8792,4881.1208,0.0,0.0,-96.0,0.0,71.45054,8.0,-15.87106,-16.0
1220,event_001220.csv,0.0,39.98524,-100.0,0.0,-96.0,0.0,39.52387,4.0,-39.52387,-72.0,118.8792,79.20150000000001,-36.0,-39.67766999999999,-76.0,15.87106,31.742130000000003,0.0,-7.935529,-48.0
1221,event_001221.csv,0.0,39.98524,-96.0,-39.98524,12.0,0.0,39.52387,-96.0,-39.52387,4.0,118.8792,79.20150000000001,20.0,-39.67766999999999,-4.0,23.80659,23.806600000000003,0.0,-7.93553,-84.0
1222,event_001222.csv,0.0,39.98524,-96.0,-39.98524,-88.0,0.0,39.52387,-60.0,-39.52387,-56.0,118.8792,79.20150000000001,12.0,-39.67766999999999,-8.0,31.74213,15.871060000000003,0.0,-23.806599,20.0
1223,event_001223.csv,0.0,39.98524,-100.0,0.0,-96.0,0.0,39.52387,-88.0,-39.52387,-36.0,118.8792,158.55679999999998,12.0,-79.35533,36.0,23.80659,23.806600000000003,0.0,-7.93553,-48.0
1224,event_001224.csv,0.0,79.97047,116.0,-39.98524,-20.0,0.0,39.52387,-88.0,-39.52387,-4.0,118.8792,79.20150000000001,32.0,-39.67766999999999,-20.0,23.80659,23.806600000000003,0.0,-7.93553,-36.0
1225,event_001225.csv,0.0,79.97047,-44.0,-39.98524,76.0,0.0,39.52387,64.0,-39.52387,-76.0,158.5568,79.20159999999998,16.0,-158.5568,-12.0,23.80659,23.806600000000003,0.0,-15.871058999999999,-28.0
1226,event_001226.csv,0.0,39.98524,-64.0,-39.98524,-20.0,0.0,39.52387,0.0,-39.52387,-44.0,118.8792,79.20150000000001,16.0,-79.35533,-20.0,23.80659,31.742130000000003,0.0,-15.871058999999999,-32.0
1227,event_001227.csv,0.0,39.98524,-68.0,-39.98524,-8.0,0.0,39.52387,-60.0,-39.52387,-64.0,118.8792,118.8792,20.0,-79.35533,-8.0,23.80659,23.806600000000003,0.0,-15.871058999999999,-24.0
1228,event_001228.csv,0.0,39.98524,-96.0,-39.98524,20.0,0.0,39.52387,-40.0,-39.52387,-92.0,118.8792,79.20150000000001,-28.0,-79.35533,-4.0,23.80659,23.806600000000003,0.0,-15.871058999999999,-24.0
1229,event_001229.csv,0.0,39.98524,-80.0,-39.98524,168.0,0.0,39.52387,-96.0,-39.52387,-76.0,118.8792,79.20150000000001,16.0,-79.35533,40.0,23.80659,31.742130000000003,0.0,-7.93553,-32.0
1230,event_001230.csv,0.0,79.97047,16.0,-39.98524,-24.0,0.0,39.52387,-100.0,0.0,-92.0,158.5568,118.87919999999997,16.0,-119.03293000000001,-8.0,15.87106,31.742130000000003,0.0,-15.87106,-28.0
1231,event_001231.csv,0.0,39.98524,-96.0,-39.98524,56.0,0.0,39.52387,-76.0,-39.52387,-40.0,118.8792,118.8792,20.0,-79.35533,-4.0,23.80659,23.806600000000003,0.0,-15.871058999999999,-24.0
1232,event_001232.csv,0.0,39.98524,-100.0,-39.98524,-60.0,0.0,39.52387,-80.0,-39.52387,108.0,118.8792,118.8792,24.0,-79.35533,-12.0,23.80659,23.806600000000003,0.0,-15.871058999999999,-28.0
1233,event_001233.csv,0.0,39.98524,-92.0,0.0,-100.0,0.0,39.52387,-76.0,-39.52387,-96.0,118.8792,118.8792,12.0,-79.35533,-12.0,15.87106,31.742130000000003,0.0,-15.87106,-28.0
1234,event_001234.csv,0.0,39.98524,-68.0,0.0,-100.0,0.0,39.52387,-48.0,-39.52387,-12.0,118.8792,79.20150000000001,12.0,-79.35533,36.0,23.80659,23.806600000000003,0.0,-15.871058999999999,28.0
1235,event_001235.csv,0.0,39.98524,-92.0,-39.98524,-36.0,0.0,79.20153,140.0,-39.52387,-40.0,118.8792,118.8792,12.0,-79.35533,-8.0,27.77436,19.83883,0.0,-19.838829,16.0
1236,event_001236.csv,0.0,39.98524,-80.0,-39.98524,156.0,0.0,39.52387,-48.0,-39.52387,44.0,118.8792,118.8792,16.0,-39.67766999999999,-64.0,23.80659,23.806600000000003,0.0,-15.871058999999999,-40.0
1237,event_001237.csv,0.0,39.98524,-80.0,-39.98524,-84.0,0.0,39.52387,-56.0,-39.52387,-60.0,118.8792,79.20150000000001,96.0,-39.67766999999999,44.0,23.80659,23.806600000000003,0.0,-7.93553,-92.0
1238,event_001238.csv,0.0,39.98524,-80.0,-39.98524,-84.0,0.0,39.52387,8.0,-39.52387,-80.0,158.5568,118.87919999999997,20.0,-158.5568,4.0,23.80659,23.806600000000003,0.0,-23.80659,28.0
1239,event_001239.csv,0.0,39.98524,-100.0,-39.98524,-60.0,0.0,39.52387,-64.0,-39.52387,20.0,118.8792,79.20150000000001,-88.0,-39.67766999999999,-100.0,31.74213,15.871060000000003,0.0,-15.87107,4.0
1240,event_001240.csv,0.0,39.98524,-72.0,0.0,-100.0,0.0,39.52387,-80.0,-39.52387,-20.0,118.8792,79.20150000000001,88.0,-79.35533,-12.0,23.80659,23.806600000000003,0.0,-7.93553,-52.0
1241,event_001241.csv,0.0,39.98524,-92.0,0.0,-100.0,0.0,39.52387,-100.0,0.0,-96.0,118.8792,79.20150000000001,-40.0,-39.67766999999999,-80.0,23.80659,23.806600000000003,0.0,-15.871058999999999,28.0
1242,event_001242.csv,0.0,39.98524,-88.0,-39.98524,-20.0,0.0,39.52387,-56.0,-39.52387,-12.0,158.5568,39.5239,12.0,-119.03293000000001,-4.0,31.74213,15.871060000000003,0.0,-15.87107,20.0
1243,event_001243.csv,0.0,39.98524,-96.0,-39.98524,-84.0,0.0,39.52387,-32.0,-39.52387,-76.0,118.8792,79.20150000000001,-40.0,-39.67766999999999,-100.0,23.80659,23.806600000000003,0.0,-15.871058999999999,-40.0
1244,event_001244.csv,0.0,39.98524,-84.0,-39.98524,0.0,0.0,39.52387,-52.0,-39.52387,-88.0,118.8792,79.20150000000001,-60.0,-39.67766999999999,116.0,23.80659,23.806600000000003,0.0,-15.871058999999999,-60.0
1245,event_001245.csv,0.0,39.98524,-88.0,0.0,-100.0,0.0,39.52387,-72.0,-39.52387,-76.0,118.8792,79.20150000000001,8.0,-39.67766999999999,-100.0,23.80659,23.806600000000003,0.0,-15.871058999999999,-52.0
1246,event_001246.csv,0.0,39.98524,-96.0,-39.98524,132.0,0.0,39.52387,-72.0,-39.52387,-20.0,118.8792,79.20150000000001,-24.0,-39.67766999999999,-12.0,23.80659,23.806600000000003,0.0,-15.871058999999999,-28.0
1247,event_001247.csv,0.0,39.98524,-68.0,0.0,-100.0,0.0,39.52387,-96.0,-39.52387,-60.0,158.5568,79.20159999999998,8.0,-119.03293000000001,36.0,23.80659,23.806600000000003,0.0,-15.871058999999999,24.0
1248,event_001248.csv,0.0,39.98524,-72.0,0.0,-100.0,0.0,39.52387,-64.0,-39.52387,-92.0,118.8792,79.20150000000001,8.0,-39.67766999999999,-76.0,23.80659,23.806600000000003,0.0,-7.93553,-52.0
1249,event_001249.csv,0.0,39.98524,-80.0,-39.98524,-92.0,0.0,39.52387,-40.0,-39.52387,-20.0,118.8792,79.20150000000001,-40.0,-79.35533,32.0,31.74213,15.871060000000003,0.0,-15.87107,-20.0
1250,event_001250.csv,0.0,39.98524,-56.0,0.0,-100.0,0.0,39.52387,-96.0,-39.52387,156.0,118.8792,79.20150000000001,140.0,-39.67766999999999,-44.0,23.80659,23.806600000000003,0.0,-15.871058999999999,20.0
1251,event_001251.csv,0.0,39.98524,-88.0,0.0,-100.0,0.0,39.52387,-48.0,-39.52387,-84.0,138.71800000000002,99.04039999999998,20.0,-138.71800000000002,36.0,23.80659,23.806600000000003,0.0,-15.871058999999999,20.0
1252,event_001252.csv,0.0,39.98524,-92.0,-39.98524,-36.0,0.0,39.52387,-8.0,-39.52387,-76.0,118.8792,79.20150000000001,-32.0,-79.35533,116.0,23.80659,23.806600000000003,0.0,-15.871058999999999,20.0
1253,event_001253.csv,0.0,39.98524,-96.0,0.0,-100.0,0.0,39.52387,12.0,-39.52387,-16.0,118.8792,118.8792,20.0,-39.67766999999999,-12.0,23.80659,23.806600000000003,0.0,-15.871058999999999,-28.0
1254,event_001254.csv,0.0,39.98524,-100.0,-39.98524,96.0,0.0,79.20153,160.0,-39.52387,-100.0,118.8792,79.20150000000001,8.0,-79.35533,84.0,23.80659,23.806600000000003,0.0,-15.871058999999999,28.0
1255,event_001255.csv,0.0,39.98524,-96.0,-39.98524,44.0,0.0,79.20153,-8.0,-39.52387,-44.0,118.8792,79.20150000000001,20.0,-39.67766999999999,-84.0,23.80659,23.806600000000003,0.0,-15.871058999999999,-36.0
1256,event_001256.csv,0.0,39.98524,-84.0,-39.98524,92.0,0.0,39.52387,-24.0,-39.52387,-60.0,118.8792,79.20150000000001,16.0,-39.67766999999999,-64.0,23.80659,23.806600000000003,0.0,-7.93553,-76.0
1257,event_001257.csv,0.0,39.98524,-84.0,-39.98524,40.0,0.0,79.20153,-8.0,-39.52387,-80.0,118.8792,79.20150000000001,-36.0,-39.67766999999999,-12.0,23.80659,23.806600000000003,0.0,-7.93553,-48.0
1258,event_001258.csv,0.0,39.98524,-96.0,-39.98524,-68.0,0.0,39.52387,-72.0,0.0,-100.0,118.8792,79.20150000000001,-48.0,-39.67766999999999,-72.0,23.80659,23.806600000000003,0.0,-23.80659,20.0
1259,event_001259.csv,0.0,39.98524,-80.0,0.0,-100.0,0.0,39.52387,-72.0,-39.52387,-60.0,118.8792,39.67760000000001,-92.0,-39.67766999999999,28.0,31.74213,15.871060000000003,0.0,-15.87107,8.0
1260,event_001260.csv,0.0,39.98524,-96.0,-39.98524,12.0,0.0,39.52387,-88.0,-39.52387,20.0,118.8792,158.55679999999998,192.0,-79.35533,172.0,23.80659,23.806600000000003,0.0,-15.871058999999999,20.0
1261,event_001261.csv,0.0,39.98524,-76.0,0.0,-100.0,0.0,39.52387,-64.0,-39.52387,-76.0,158.5568,79.20159999999998,-96.0,-119.03293000000001,-20.0,23.80659,23.806600000000003,0.0,-23.80659,20.0
1262,event_001262.csv,0.0,39.98524,-92.0,0.0,-100.0,0.0,39.52387,-84.0,-39.52387,40.0,138.71800000000002,59.36269999999999,-40.0,-59.51647000000001,-4.0,31.74213,15.871060000000003,0.0,-15.87107,-52.0
1263,event_001263.csv,0.0,39.98524,-64.0,-39.98524,-48.0,0.0,39.52387,88.0,-39.52387,-84.0,118.8792,79.20150000000001,-28.0,-79.35533,124.0,23.80659,23.806600000000003,0.0,-15.871058999999999,-28.0
1264,event_001264.csv,0.0,39.98524,-96.0,0.0,-100.0,0.0,39.52387,-84.0,-39.52387,-92.0,118.8792,118.8792,8.0,-79.35533,-80.0,23.80659,23.806600000000003,0.0,-15.871058999999999,-20.0
1265,event_001265.csv,0.0,39.98524,-88.0,0.0,-100.0,0.0,39.52387,-100.0,-39.52387,-8.0,158.5568,39.5239,-28.0,-79.35527,-8.0,23.80659,23.806600000000003,0.0,-7.93553,-52.0
1266,event_001266.csv,0.0,39.98524,-100.0,0.0,-96.0,0.0,39.52387,-96.0,-39.52387,-28.0,118.8792,79.20150000000001,-40.0,-39.67766999999999,40.0,23.80659,23.806600000000003,0.0,-15.871058999999999,-52.0
1267,event_001267.csv,0.0,39.98524,-100.0,0.0,-96.0,0.0,39.52387,-32.0,-39.52387,-88.0,118.8792,79.20150000000001,-40.0,-39.67766999999999,-76.0,23.80659,23.806600000000003,0.0,-15.871058999999999,-36.0
1268,event_001268.csv,0.0,39.98524,-60.0,-39.98524,-80.0,0.0,39.52387,-64.0,-39.52387,-16.0,118.8792,79.20150000000001,4.0,-39.67766999999999,-100.0,23.80659,23.806600000000003,0.0,-15.871058999999999,-40.0
1269,event_001269.csv,0.0,39.98524,-80.0,0.0,-100.0,0.0,39.52387,32.0,-39.52387,-88.0,158.5568,39.5239,-24.0,-79.35527,-44.0,23.80659,23.806600000000003,0.0,-15.871058999999999,20.0
1270,event_001270.csv,0.0,39.98524,-96.0,-39.98524,-100.0,0.0,39.52387,-84.0,-39.52387,-60.0,118.8792,79.20150000000001,-80.0,-39.67766999999999,-60.0,23.80659,23.806600000000003,0.0,-15.871058999999999,-40.0
1271,event_001271.csv,0.0,39.98524,-32.0,-39.98524,72.0,0.0,39.52387,-24.0,-39.52387,-68.0,118.8792,79.20150000000001,16.0,-39.67766999999999,-4.0,23.80659,23.806600000000003,0.0,-15.871058999999999,16.0
1272,event_001272.csv,0.0,39.98524,-76.0,-39.98524,-48.0,0.0,39.52387,-44.0,-39.52387,-96.0,118.8792,79.20150000000001,-28.0,-39.67766999999999,-96.0,23.80659,23.806600000000003,0.0,-7.93553,-20.0
1273,event_001273.csv,0.0,39.98524,-96.0,-39.98524,-20.0,0.0,39.52387,-96.0,-39.52387,-100.0,118.8792,118.8792,16.0,-39.67766999999999,-100.0,11.9032955,35.709894500000004,0.0,-11.9032955,-40.0
1274,event_001274.csv,0.0,39.98524,-88.0,-39.98524,64.0,0.0,39.52387,40.0,-39.52387,-92.0,118.8792,79.20150000000001,-40.0,-39.67766999999999,-12.0,23.80659,23.806600000000003,0.0,-15.871058999999999,-28.0
1275,event_001275.csv,0.0,39.98524,-92.0,-39.98524,-72.0,0.0,39.52387,-20.0,-39.52387,76.0,118.8792,79.20150000000001,16.0,-39.67766999999999,-12.0,23.80659,23.806600000000003,0.0,-7.93553,-64.0
1276,event_001276.csv,0.0,39.98524,-80.0,-39.98524,76.0,0.0,39.52387,-88.0,-39.52387,-92.0,158.5568,39.5239,-16.0,-79.35527,-100.0,23.80659,23.806600000000003,0.0,-23.80659,-36.0
1277,event_001277.csv,0.0,39.98524,-60.0,-39.98524,-88.0,0.0,39.52387,-88.0,-39.52387,-76.0,118.8792,79.20150000000001,56.0,-39.67766999999999,-60.0,31.74213,15.871060000000003,0.0,-15.87107,-52.0
1278,event_001278.csv,0.0,39.98524,-100.0,-39.98524,24.0,0.0,39.52387,-84.0,-39.52387,-8.0,118.8792,79.20150000000001,-28.0,-79.35533,-8.0,23.80659,23.806600000000003,0.0,-15.871058999999999,-24.0
1279,event_001279.csv,0.0,39.98524,-72.0,0.0,-100.0,0.0,39.52387,-72.0,-39.52387,-60.0,118.8792,118.8792,8.0,-118.8792,40.0,23.80659,23.806600000000003,0.0,-23.80659,24.0
1280,event_001280.csv,0.0,39.98524,-44.0,-39.98524,-96.0,0.0,39.52387,-76.0,-39.52387,-88.0,118.8792,79.20150000000001,20.0,-39.67766999999999,-32.0,23.80659,23.806600000000003,0.0,-7.93553,-64.0
1281,event_001281.csv,0.0,39.98524,-76.0,-39.98524,-8.0,0.0,39.52387,-68.0,-39.52387,-72.0,118.8792,79.20150000000001,12.0,-79.35533,-12.0,23.80659,23.806600000000003,0.0,-15.871058999999999,-40.0
1282,event_001282.csv,0.0,39.98524,-68.0,0.0,-100.0,0.0,39.52387,-100.0,-39.52387,-36.0,118.8792,118.8792,8.0,-39.67766999999999,-72.0,23.80659,23.806600000000003,0.0,-15.871058999999999,-40.0
1283,event_001283.csv,0.0,39.98524,-96.0,-39.98524,-52.0,0.0,39.52387,-56.0,-39.52387,-68.0,118.8792,79.20150000000001,-40.0,-39.67766999999999,-76.0,23.80659,23.806600000000003,0.0,-15.871058999999999,-40.0
1284,event_001284.csv,0.0,39.98524,-76.0,-39.98524,76.0,0.0,39.52387,-96.0,-39.52387,-68.0,118.8792,79.20150000000001,-80.0,-39.67766999999999,-68.0,23.80659,23.806600000000003,0.0,-15.871058999999999,-28.0
1285,event_001285.csv,0.0,39.98524,-36.0,0.0,-100.0,0.0,79.20153,-24.0,-39.52387,-56.0,118.8792,79.20150000000001,-28.0,-39.67766999999999,-56.0,23.80659,23.806600000000003,0.0,-15.871058999999999,-48.0
1286,event_001286.csv,0.0,39.98524,-92.0,-39.98524,12.0,0.0,39.52387,-48.0,-39.52387,-84.0,118.8792,79.20150000000001,-28.0,-39.67766999999999,-92.0,23.80659,23.806600000000003,0.0,-7.93553,-64.0
1287,event_001287.csv,0.0,79.97047,-32.0,-39.98524,-20.0,0.0,39.52387,-16.0,-39.52387,-92.0,118.8792,118.8792,144.0,-39.67766999999999,-92.0,23.80659,23.806600000000003,0.0,-15.871058999999999,20.0
1288,event_001288.csv,0.0,39.98524,-56.0,0.0,-100.0,0.0,79.20153,-56.0,-39.52387,12.0,138.71800000000002,59.36269999999999,12.0,-99.19413000000002,116.0,23.80659,23.806600000000003,0.0,-15.871058999999999,-40.0
1289,event_001289.csv,0.0,39.98524,-96.0,-39.98524,-40.0,0.0,39.52387,-92.0,-39.52387,32.0,118.8792,118.8792,-72.0,-79.35533,-8.0,23.80659,23.806600000000003,0.0,-15.871058999999999,-64.0
1290,event_001290.csv,0.0,39.98524,-88.0,0.0,-100.0,0.0,39.52387,-80.0,-39.52387,-92.0,118.8792,79.20150000000001,-64.0,-39.67766999999999,-8.0,23.80659,23.806600000000003,0.0,-15.871058999999999,-36.0
1291,event_001291.csv,0.0,39.98524,-84.0,0.0,-100.0,0.0,39.52387,-92.0,-39.52387,-24.0,118.8792,118.8792,60.0,-39.67766999999999,-80.0,23.80659,23.806600000000003,0.0,-15.871058999999999,-8.0
1292,event_001292.csv,0.0,39.98524,-92.0,-39.98524,-36.0,0.0,39.52387,-72.0,-39.52387,-52.0,158.5568,39.5239,4.0,-79.35527,-72.0,23.80659,31.742130000000003,44.0,-7.93553,4.0
1293,event_001293.csv,0.0,39.98524,-92.0,0.0,-100.0,0.0,39.52387,-84.0,-39.52387,-64.0,138.71800000000002,59.36269999999999,20.0,-59.51647000000001,-12.0,23.80659,23.806600000000003,0.0,-7.93553,-72.0
1294,event_001294.csv,0.0,39.98524,-80.0,0.0,-100.0,0.0,39.52387,-92.0,-39.52387,-88.0,138.71800000000002,99.04039999999998,12.0,-99.19413000000002,-44.0,23.80659,23.806600000000003,0.0,-15.871058999999999,-64.0
1295,event_001295.csv,0.0,39.98524,-96.0,0.0,-100.0,0.0,39.52387,-40.0,-39.52387,-28.0,118.8792,79.20150000000001,96.0,-39.67766999999999,-88.0,23.80659,23.806600000000003,0.0,-15.871058999999999,-40.0
1296,event_001296.csv,0.0,39.98524,-100.0,0.0,-96.0,0.0,39.52387,12.0,-39.52387,-80.0,118.8792,3687.0998,8.0,-39.67766999999999,184.0,7.935531,39.677659000000006,0.0,-15.871062,-20.0
1297,event_001297.csv,0.0,39.98524,-68.0,0.0,-100.0,0.0,39.52387,-64.0,-39.52387,132.0,118.8792,118.8792,-68.0,-39.67766999999999,-92.0,23.80659,23.806600000000003,0.0,-15.871058999999999,-52.0
1298,event_001298.csv,0.0,39.98524,-84.0,0.0,-100.0,0.0,39.52387,-84.0,-39.52387,-56.0,118.8792,79.20150000000001,-28.0,-39.67766999999999,-80.0,31.74213,15.871060000000003,0.0,-15.87107,-48.0
1299,event_001299.csv,0.0,39.98524,-72.0,0.0,-100.0,0.0,39.52387,-92.0,-39.52387,28.0,118.8792,79.20150000000001,12.0,-39.67766999999999,-92.0,23.80659,23.806600000000003,0.0,-7.93553,-52.0
1300,event_001300.csv,0.0,39.98524,-100.0,-39.98524,24.0,0.0,39.52387,-100.0,-39.52387,-8.0,118.8792,79.20150000000001,-60.0,-39.67766999999999,-88.0,23.80659,23.806600000000003,0.0,-15.871058999999999,20.0
1301,event_001301.csv,0.0,79.97047,16.0,-39.98524,140.0,0.0,39.52387,-92.0,-39.52387,-80.0,118.8792,79.20150000000001,-40.0,-39.67766999999999,120.0,23.80659,23.806600000000003,0.0,-15.871058999999999,-40.0
1302,event_001302.csv,0.0,39.98524,-100.0,-39.98524,164.0,0.0,39.52387,-72.0,-39.52387,-12.0,158.5568,118.87919999999997,12.0,-119.03293000000001,0.0,23.80659,23.806600000000003,0.0,-15.871058999999999,16.0
1303,event_001303.csv,0.0,39.98524,-76.0,-39.98524,-16.0,0.0,39.52387,-12.0,-39.52387,-96.0,158.5568,39.5239,-44.0,-119.03293000000001,40.0,23.80659,23.806600000000003,0.0,-15.871058999999999,12.0
1304,event_001304.csv,0.0,39.98524,-88.0,-39.98524,132.0,0.0,39.52387,16.0,-39.52387,-68.0,158.5568,39.5239,-88.0,-79.35527,-76.0,31.74213,15.871060000000003,0.0,-15.87107,-52.0
1305,event_001305.csv,0.0,39.98524,-72.0,-39.98524,-88.0,0.0,39.52387,-96.0,-39.52387,-28.0,118.8792,79.20150000000001,-88.0,-39.67766999999999,-60.0,23.80659,23.806600000000003,0.0,-7.93553,-92.0
1306,event_001306.csv,0.0,39.98524,-92.0,-39.98524,-96.0,0.0,39.52387,-84.0,-39.52387,-40.0,118.8792,79.20150000000001,-40.0,-39.67766999999999,0.0,23.80659,23.806600000000003,0.0,-15.871058999999999,-40.0
1307,event_001307.csv,0.0,39.98524,-32.0,0.0,-100.0,0.0,39.52387,-40.0,-39.52387,-44.0,118.8792,79.20150000000001,-80.0,-79.35533,-20.0,23.80659,23.806600000000003,0.0,-15.871058999999999,16.0
1308,event_001308.csv,0.0,39.98524,-84.0,-39.98524,96.0,0.0,39.52387,-80.0,-39.52387,-52.0,158.5568,39.5239,-40.0,-119.03293000000001,80.0,23.80659,23.806600000000003,0.0,-15.871058999999999,-36.0
1309,event_001309.csv,0.0,39.98524,-96.0,-39.98524,-92.0,0.0,39.52387,-24.0,-39.52387,-92.0,118.8792,79.20150000000001,16.0,-39.67766999999999,-36.0,31.74213,15.871060000000003,0.0,-23.806599,4.0
1310,event_001310.csv,0.0,39.98524,-12.0,0.0,-100.0,0.0,79.20153,-68.0,-39.52387,100.0,158.5568,39.5239,-80.0,-79.35527,-68.0,27.77436,27.77436,0.0,-19.838829,4.0
1311,event_001311.csv,0.0,39.98524,-76.0,-39.98524,172.0,0.0,39.52387,-88.0,-39.52387,64.0,138.71800000000002,59.36269999999999,-64.0,-59.51647000000001,-12.0,23.80659,23.806600000000003,0.0,-23.80659,-40.0
1312,event_001312.csv,0.0,39.98524,-96.0,-39.98524,-20.0,0.0,39.52387,-88.0,-39.52387,-28.0,118.8792,118.8792,144.0,-39.67766999999999,-100.0,15.87106,31.742130000000003,0.0,-7.935529,-52.0
1313,event_001313.csv,0.0,39.98524,-84.0,-39.98524,144.0,0.0,39.52387,-84.0,-39.52387,-36.0,118.8792,118.8792,20.0,-39.67766999999999,-64.0,23.80659,23.806600000000003,0.0,-15.871058999999999,-28.0
1314,event_001314.csv,0.0,39.98524,-96.0,-39.98524,-100.0,0.0,39.52387,-96.0,-39.52387,-16.0,118.8792,79.20150000000001,-72.0,-79.35533,-4.0,31.74213,15.871060000000003,0.0,-15.87107,-20.0
1315,event_001315.csv,0.0,39.98524,-88.0,-39.98524,112.0,0.0,39.52387,-92.0,-39.52387,-96.0,118.8792,79.20150000000001,4.0,-39.67766999999999,-4.0,15.87106,31.742130000000003,0.0,-15.87106,-40.0
1316,event_001316.csv,0.0,39.98524,-92.0,-39.98524,-72.0,0.0,39.52387,-60.0,-39.52387,-96.0,118.8792,79.20150000000001,28.0,-39.67766999999999,-64.0,31.74213,23.806590000000003,12.0,-15.87107,-40.0
1317,event_001317.csv,0.0,39.98524,-64.0,-39.98524,-68.0,0.0,39.52387,48.0,-39.52387,-76.0,118.8792,79.20150000000001,8.0,-79.35533,-12.0,23.80659,23.806600000000003,0.0,-15.871058999999999,-28.0
1318,event_001318.csv,0.0,39.98524,-72.0,0.0,-100.0,0.0,39.52387,-80.0,-39.52387,4.0,118.8792,79.20150000000001,-88.0,-39.67766999999999,-64.0,23.80659,23.806600000000003,0.0,-15.871058999999999,-36.0
1319,event_001319.csv,0.0,39.98524,-96.0,0.0,-100.0,0.0,39.52387,-96.0,-39.52387,-84.0,118.8792,79.20150000000001,16.0,-79.35533,-4.0,31.74213,15.871060000000003,0.0,-15.87107,12.0
1320,event_001320.csv,0.0,39.98524,-96.0,0.0,-100.0,0.0,39.52387,160.0,-39.52387,-68.0,118.8792,79.20150000000001,-40.0,-39.67766999999999,-20.0,23.80659,23.806600000000003,0.0,-15.871058999999999,-100.0
1321,event_001321.csv,0.0,39.98524,-56.0,0.0,-100.0,0.0,39.52387,-96.0,-39.52387,68.0,118.8792,79.20150000000001,96.0,-39.67766999999999,-76.0,23.80659,23.806600000000003,0.0,-15.871058999999999,-64.0
1322,event_001322.csv,0.0,39.98524,-72.0,-39.98524,-36.0,0.0,39.52387,-72.0,-39.52387,-32.0,118.8792,79.20150000000001,16.0,-39.67766999999999,-100.0,23.80659,23.806600000000003,0.0,-15.871058999999999,-36.0
1323,event_001323.csv,0.0,39.98524,-88.0,-39.98524,148.0,0.0,39.52387,-32.0,-39.52387,-20.0,118.8792,118.8792,104.0,-79.35533,36.0,23.80659,23.806600000000003,0.0,-7.93553,-100.0
1324,event_001324.csv,0.0,39.98524,-92.0,-39.98524,68.0,0.0,39.52387,-96.0,-39.52387,-100.0,118.8792,118.8792,152.0,-39.67766999999999,-88.0,23.80659,23.806600000000003,0.0,-15.871058999999999,20.0
1325,event_001325.csv,0.0,39.98524,-8.0,-39.98524,-44.0,0.0,39.52387,-96.0,-39.52387,-20.0,118.8792,79.20150000000001,-72.0,-39.67766999999999,-48.0,23.80659,23.806600000000003,0.0,-15.871058999999999,-36.0
1326,event_001326.csv,0.0,39.98524,-100.0,0.0,-96.0,0.0,39.52387,-88.0,-39.52387,-52.0,118.8792,79.20150000000001,-88.0,-39.67766999999999,-16.0,23.80659,23.806600000000003,0.0,-7.93553,-80.0
1327,event_001327.csv,0.0,39.98524,-100.0,-39.98524,132.0,0.0,39.52387,-96.0,-39.52387,172.0,118.8792,118.8792,64.0,-79.35533,84.0,23.80659,23.806600000000003,0.0,-15.871058999999999,8.0
1328,event_001328.csv,0.0,39.98524,-88.0,-39.98524,-100.0,0.0,39.52387,-32.0,-39.52387,-76.0,118.8792,79.20150000000001,16.0,-39.67766999999999,84.0,23.80659,23.806600000000003,0.0,-15.871058999999999,80.0
1329,event_001329.csv,0.0,39.98524,-96.0,-39.98524,108.0,0.0,39.52387,-48.0,-39.52387,-20.0,118.8792,79.20150000000001,8.0,-79.35533,44.0,23.80659,23.806600000000003,0.0,-15.871058999999999,-36.0
1330,event_001330.csv,0.0,39.98524,-84.0,0.0,-100.0,0.0,39.52387,-76.0,-39.52387,56.0,118.8792,79.20150000000001,-84.0,-39.67766999999999,36.0,31.74213,15.871060000000003,0.0,-23.806599,-40.0
1331,event_001331.csv,0.0,39.98524,-96.0,-39.98524,108.0,0.0,39.52387,-88.0,-39.52387,-84.0,118.8792,118.8792,64.0,-118.8792,44.0,31.74213,15.871060000000003,0.0,-15.87107,20.0
1332,event_001332.csv,0.0,39.98524,-80.0,-39.98524,188.0,0.0,39.52387,-80.0,-39.52387,-52.0,118.8792,317.1137,-16.0,-39.67766999999999,124.0,23.80659,23.806600000000003,0.0,-15.871058999999999,-36.0
1333,event_001333.csv,0.0,39.98524,-100.0,-39.98524,100.0,0.0,39.52387,-8.0,-39.52387,-68.0,118.8792,158.55679999999998,56.0,-118.8792,32.0,31.74213,15.871060000000003,0.0,-23.806599,20.0
1334,event_001334.csv,0.0,39.98524,-88.0,-39.98524,60.0,0.0,39.52387,-80.0,-39.52387,-92.0,118.8792,79.20150000000001,-80.0,0.0,-100.0,23.80659,23.806600000000003,0.0,-15.871058999999999,-60.0
1335,event_001335.csv,0.0,39.98524,-92.0,0.0,-100.0,0.0,39.52387,-72.0,-39.52387,92.0,158.5568,79.20159999999998,16.0,-79.35527,-60.0,23.80659,23.806600000000003,0.0,-15.871058999999999,-40.0
1336,event_001336.csv,0.0,39.98524,-92.0,0.0,-100.0,0.0,39.52387,-72.0,-39.52387,60.0,158.5568,79.20159999999998,8.0,-119.03293000000001,-8.0,23.80659,23.806600000000003,0.0,-7.93553,-32.0
1337,event_001337.csv,0.0,39.98524,-88.0,-39.98524,196.0,0.0,39.52387,48.0,-39.52387,-36.0,158.5568,39.5239,-40.0,-79.35527,-12.0,15.87106,31.742130000000003,0.0,-7.935529,-52.0
1338,event_001338.csv,0.0,39.98524,-60.0,0.0,-100.0,0.0,39.52387,-92.0,-39.52387,-96.0,158.5568,39.5239,28.0,-79.35527,8.0,23.80659,23.806600000000003,0.0,-7.93553,-24.0
1339,event_001339.csv,0.0,39.98524,-80.0,-39.98524,24.0,0.0,39.52387,-72.0,-39.52387,-100.0,118.8792,79.20150000000001,-96.0,-39.67766999999999,40.0,31.74213,15.871060000000003,0.0,-31.74213,-36.0
1340,event_001340.csv,0.0,39.98524,-84.0,-39.98524,84.0,0.0,39.52387,-88.0,-39.52387,-84.0,118.8792,79.20150000000001,-48.0,-39.67766999999999,0.0,23.80659,23.806600000000003,0.0,-15.871058999999999,32.0
1341,event_001341.csv,0.0,39.98524,-72.0,-39.98524,-96.0,0.0,79.20153,132.0,0.0,-100.0,118.8792,79.20150000000001,-84.0,-39.67766999999999,-96.0,23.80659,23.806600000000003,0.0,-15.871058999999999,8.0
1342,event_001342.csv,0.0,39.98524,-96.0,-39.98524,-84.0,0.0,39.52387,-88.0,-39.52387,44.0,118.8792,118.8792,20.0,-79.35533,40.0,23.80659,23.806600000000003,0.0,-15.871058999999999,20.0
1343,event_001343.csv,0.0,39.98524,-96.0,0.0,-100.0,0.0,39.52387,-56.0,-39.52387,-76.0,118.8792,118.8792,64.0,-79.35533,-68.0,27.77436,19.83883,0.0,-11.903300000000002,-28.0
1344,event_001344.csv,0.0,39.98524,-88.0,-39.98524,-92.0,0.0,39.52387,-32.0,-39.52387,-28.0,118.8792,79.20150000000001,144.0,-79.35533,-8.0,23.80659,31.742130000000003,0.0,-15.871058999999999,20.0
1345,event_001345.csv,0.0,39.98524,-100.0,-39.98524,4.0,0.0,39.52387,-28.0,-39.52387,36.0,118.8792,79.20150000000001,60.0,-39.67766999999999,36.0,23.80659,23.806600000000003,0.0,-15.871058999999999,-20.0
1346,event_001346.csv,0.0,39.98524,-68.0,-39.98524,20.0,0.0,39.52387,-40.0,-39.52387,-84.0,118.8792,79.20150000000001,8.0,-118.8792,-76.0,23.80659,23.806600000000003,0.0,-7.93553,-64.0
1347,event_001347.csv,0.0,39.98524,12.0,-39.98524,24.0,0.0,79.20153,140.0,-39.52387,-80.0,118.8792,79.20150000000001,4.0,-79.35533,88.0,23.80659,23.806600000000003,0.0,-7.93553,-48.0
1348,event_001348.csv,0.0,39.98524,-100.0,0.0,-84.0,0.0,39.52387,-72.0,-39.52387,-76.0,118.8792,79.20150000000001,-28.0,-39.67766999999999,-100.0,23.80659,23.806600000000003,0.0,-15.871058999999999,-36.0
1349,event_001349.csv,0.0,39.98524,-100.0,0.0,-96.0,0.0,39.52387,-12.0,-39.52387,-20.0,118.8792,79.20150000000001,92.0,-79.35533,-8.0,15.87106,31.742130000000003,0.0,-7.935529,-40.0
1350,event_001350.csv,0.0,39.98524,-88.0,-39.98524,32.0,0.0,39.52387,-100.0,-39.52387,8.0,118.8792,79.20150000000001,20.0,-79.35533,40.0,27.77436,19.83883,0.0,-19.838829,28.0
1351,event_001351.csv,0.0,39.98524,-80.0,0.0,-100.0,0.0,39.52387,168.0,-39.52387,-76.0,158.5568,39.5239,-88.0,-79.35527,-20.0,23.80659,23.806600000000003,0.0,-23.80659,-36.0
1352,event_001352.csv,0.0,39.98524,-72.0,0.0,-100.0,0.0,39.52387,-64.0,-39.52387,-52.0,118.8792,79.20150000000001,-72.0,-39.67766999999999,-84.0,23.80659,23.806600000000003,0.0,-15.871058999999999,-40.0
1353,event_001353.csv,0.0,39.98524,-96.0,-39.98524,156.0,0.0,39.52387,-32.0,0.0,-100.0,118.8792,79.20150000000001,-48.0,-39.67766999999999,32.0,23.80659,23.806600000000003,0.0,-15.871058999999999,-36.0
1354,event_001354.csv,0.0,39.98524,-96.0,-39.98524,-84.0,0.0,39.52387,-80.0,-39.52387,-100.0,118.8792,79.20150000000001,-40.0,-39.67766999999999,-20.0,31.74213,15.871060000000003,0.0,-15.87107,-100.0
1355,event_001355.csv,0.0,39.98524,-96.0,0.0,-100.0,0.0,39.52387,-60.0,-39.52387,24.0,158.5568,79.20159999999998,12.0,-119.03293000000001,32.0,23.80659,23.806600000000003,0.0,-7.93553,-16.0
1356,event_001356.csv,0.0,39.98524,-100.0,-39.98524,72.0,0.0,39.52387,-92.0,-39.52387,-96.0,118.8792,79.20150000000001,8.0,-39.67766999999999,-88.0,23.80659,23.806600000000003,0.0,-15.871058999999999,20.0
1357,event_001357.csv,0.0,39.98524,-92.0,-39.98524,-100.0,0.0,39.52387,-72.0,-39.52387,-28.0,118.8792,79.20150000000001,20.0,-39.67766999999999,-88.0,23.80659,23.806600000000003,0.0,-15.871058999999999,-52.0
1358,event_001358.csv,0.0,39.98524,-96.0,0.0,-100.0,0.0,39.52387,-64.0,-39.52387,-24.0,118.8792,118.8792,8.0,-79.35533,36.0,23.80659,23.806600000000003,0.0,-15.871058999999999,8.0
1359,event_001359.csv,0.0,39.98524,-80.0,0.0,-100.0,0.0,39.52387,-56.0,-39.52387,-100.0,158.5568,39.5239,52.0,-79.35527,36.0,23.80659,23.806600000000003,0.0,-15.871058999999999,8.0
1360,event_001360.csv,0.0,39.98524,-96.0,0.0,-100.0,0.0,39.52387,-32.0,-39.52387,-20.0,118.8792,118.8792,96.0,-79.35533,-8.0,23.80659,23.806600000000003,0.0,-15.871058999999999,-20.0
1361,event_001361.csv,0.0,39.98524,-92.0,0.0,-100.0,0.0,39.52387,-64.0,-39.52387,-96.0,118.8792,79.20150000000001,-40.0,-39.67766999999999,-20.0,23.80659,23.806600000000003,0.0,-15.871058999999999,-36.0
1362,event_001362.csv,0.0,39.98524,-100.0,-39.98524,196.0,0.0,39.52387,-96.0,-39.52387,-100.0,118.8792,118.8792,16.0,-79.35533,36.0,31.74213,15.871060000000003,0.0,-23.806599,28.0
1363,event_001363.csv,0.0,39.98524,-68.0,-39.98524,-72.0,0.0,39.52387,-84.0,-39.52387,-96.0,118.8792,79.20150000000001,20.0,-79.35533,40.0,23.80659,23.806600000000003,0.0,-15.871058999999999,32.0
1364,event_001364.csv,0.0,39.98524,-96.0,-39.98524,100.0,0.0,39.52387,-80.0,-39.52387,-28.0,118.8792,79.20150000000001,8.0,-39.67766999999999,-76.0,31.74213,15.871060000000003,0.0,-15.87107,-40.0
1365,event_001365.csv,0.0,39.98524,-100.0,-39.98524,160.0,0.0,39.52387,-100.0,-39.52387,-88.0,118.8792,79.20150000000001,140.0,-39.67766999999999,-68.0,23.80659,23.806600000000003,0.0,-15.871058999999999,-40.0
1366,event_001366.csv,0.0,39.98524,-96.0,-39.98524,184.0,0.0,39.52387,4.0,-39.52387,-64.0,118.8792,79.20150000000001,12.0,-79.35533,-12.0,23.80659,23.806600000000003,0.0,-15.871058999999999,-40.0
1367,event_001367.csv,0.0,39.98524,-88.0,0.0,-100.0,0.0,79.20153,176.0,-39.52387,108.0,118.8792,118.8792,136.0,-79.35533,-52.0,23.80659,23.806600000000003,0.0,-7.93553,-68.0
1368,event_001368.csv,0.0,39.98524,-84.0,-39.98524,-32.0,0.0,39.52387,-96.0,-39.52387,-68.0,118.8792,118.8792,8.0,-39.67766999999999,-60.0,23.80659,23.806600000000003,0.0,-15.871058999999999,-28.0
1369,event_001369.csv,0.0,39.98524,-96.0,-39.98524,68.0,0.0,39.52387,-88.0,-39.52387,-52.0,118.8792,79.20150000000001,-32.0,-39.67766999999999,-100.0,23.80659,23.806600000000003,0.0,-7.93553,-52.0
1370,event_001370.csv,0.0,39.98524,-100.0,0.0,-96.0,0.0,39.52387,-92.0,-39.52387,-88.0,118.8792,118.8792,36.0,-79.35533,16.0,11.9032955,35.709894500000004,0.0,-19.8388265,-8.0
1371,event_001371.csv,0.0,39.98524,-72.0,-39.98524,4.0,0.0,39.52387,-48.0,-39.52387,-20.0,118.8792,79.20150000000001,8.0,-39.67766999999999,-44.0,23.80659,23.806600000000003,0.0,-15.871058999999999,20.0
1372,event_001372.csv,0.0,39.98524,-100.0,-39.98524,-28.0,0.0,39.52387,-76.0,-39.52387,-36.0,118.8792,118.8792,16.0,-79.35533,0.0,23.80659,23.806600000000003,0.0,-15.871058999999999,20.0
1373,event_001373.csv,0.0,39.98524,-92.0,0.0,-100.0,0.0,39.52387,-92.0,-39.52387,-32.0,158.5568,39.5239,12.0,-119.03293000000001,40.0,23.80659,23.806600000000003,0.0,-15.871058999999999,32.0
1374,event_001374.csv,0.0,39.98524,-84.0,0.0,-100.0,0.0,39.52387,-64.0,-39.52387,-84.0,118.8792,79.20150000000001,-88.0,-39.67766999999999,-44.0,23.80659,23.806600000000003,0.0,-15.871058999999999,-36.0
1375,event_001375.csv,0.0,39.98524,-84.0,-39.98524,-96.0,0.0,39.52387,-100.0,-39.52387,-40.0,118.8792,79.20150000000001,-28.0,-39.67766999999999,120.0,23.80659,23.806600000000003,0.0,-7.93553,-48.0
1376,event_001376.csv,0.0,39.98524,-52.0,0.0,-100.0,0.0,39.52387,-40.0,-39.52387,-52.0,118.8792,79.20150000000001,56.0,-39.67766999999999,-76.0,31.74213,15.871060000000003,0.0,-15.87107,-52.0
1377,event_001377.csv,0.0,79.97047,28.0,0.0,-96.0,0.0,39.52387,-76.0,-39.52387,8.0,158.5568,39.5239,144.0,-119.03293000000001,120.0,23.80659,23.806600000000003,0.0,-15.871058999999999,-40.0
1378,event_001378.csv,0.0,39.98524,-88.0,-39.98524,84.0,0.0,39.52387,-24.0,-39.52387,-100.0,118.8792,118.8792,8.0,-39.67766999999999,-44.0,23.80659,23.806600000000003,0.0,-15.871058999999999,-48.0
1379,event_001379.csv,0.0,39.98524,-100.0,-39.98524,8.0,0.0,39.52387,-84.0,-39.52387,-88.0,118.8792,79.20150000000001,8.0,-39.67766999999999,-92.0,23.80659,23.806600000000003,0.0,-15.871058999999999,-40.0
1380,event_001380.csv,0.0,39.98524,-76.0,0.0,-100.0,0.0,39.52387,-88.0,-39.52387,-28.0,118.8792,79.20150000000001,-72.0,-39.67766999999999,-88.0,23.80659,23.806600000000003,0.0,-23.80659,20.0
1381,event_001381.csv,0.0,39.98524,-56.0,-39.98524,148.0,0.0,39.52387,16.0,-39.52387,-60.0,158.5568,39.5239,-40.0,-79.35527,-76.0,15.87106,31.742130000000003,0.0,-7.935529,-28.0
1382,event_001382.csv,0.0,39.98524,-100.0,-39.98524,-28.0,0.0,39.52387,-32.0,-39.52387,-92.0,118.8792,79.20150000000001,-72.0,-79.35533,-92.0,23.80659,23.806600000000003,0.0,-15.871058999999999,20.0
1383,event_001383.csv,0.0,39.98524,-84.0,-39.98524,56.0,0.0,39.52387,-28.0,-39.52387,-48.0,118.8792,79.20150000000001,-52.0,-79.35533,120.0,23.80659,23.806600000000003,0.0,-15.871058999999999,-40.0
1384,event_001384.csv,0.0,39.98524,-92.0,0.0,-100.0,0.0,39.52387,-72.0,-39.52387,-92.0,158.5568,79.20159999999998,16.0,-79.35527,-88.0,23.80659,23.806600000000003,0.0,-15.871058999999999,-40.0
1385,event_001385.csv,0.0,39.98524,-84.0,0.0,-100.0,0.0,39.52387,-24.0,-39.52387,-100.0,118.8792,118.8792,8.0,-118.8792,36.0,15.87106,31.742130000000003,0.0,-31.74212,16.0
1386,event_001386.csv,0.0,39.98524,-84.0,-39.98524,-56.0,0.0,39.52387,-72.0,-39.52387,-96.0,158.5568,39.5239,8.0,-79.35527,-72.0,23.80659,23.806600000000003,0.0,-15.871058999999999,20.0
1387,event_001387.csv,0.0,39.98524,-88.0,-39.98524,-76.0,0.0,39.52387,40.0,-39.52387,28.0,158.5568,39.5239,-72.0,-79.35527,0.0,23.80659,23.806600000000003,0.0,-15.871058999999999,-36.0
1388,event_001388.csv,0.0,39.98524,-72.0,-39.98524,-36.0,0.0,39.52387,-96.0,-39.52387,-76.0,118.8792,118.8792,16.0,-79.35533,-4.0,23.80659,23.806600000000003,0.0,-15.871058999999999,20.0
1389,event_001389.csv,0.0,39.98524,-92.0,0.0,-100.0,0.0,39.52387,-64.0,-39.52387,-68.0,118.8792,79.20150000000001,8.0,-79.35533,36.0,23.80659,23.806600000000003,0.0,-15.871058999999999,20.0
1390,event_001390.csv,0.0,39.98524,-100.0,-39.98524,84.0,0.0,39.52387,-92.0,-39.52387,-52.0,118.8792,79.20150000000001,-20.0,-39.67766999999999,-96.0,23.80659,23.806600000000003,0.0,-23.80659,-40.0
1391,event_001391.csv,0.0,39.98524,-88.0,-39.98524,132.0,0.0,39.52387,-56.0,-39.52387,12.0,118.8792,79.20150000000001,-40.0,-39.67766999999999,100.0,23.80659,23.806600000000003,0.0,-7.93553,-100.0
1392,event_001392.csv,0.0,39.98524,-72.0,-39.98524,172.0,0.0,39.52387,-88.0,-39.52387,0.0,118.8792,79.20150000000001,-76.0,-79.35533,-52.0,23.80659,23.806600000000003,0.0,-15.871058999999999,-68.0
1393,event_001393.csv,0.0,39.98524,-96.0,-39.98524,-100.0,0.0,39.52387,-88.0,-39.52387,-100.0,118.8792,79.20150000000001,52.0,-39.67766999999999,-52.0,23.80659,23.806600000000003,0.0,-7.93553,-20.0
1394,event_001394.csv,0.0,39.98524,-96.0,0.0,-100.0,0.0,39.52387,-48.0,-39.52387,20.0,158.5568,39.5239,-24.0,-79.35527,-56.0,27.77436,19.83883,0.0,-11.903300000000002,-60.0
1395,event_001395.csv,0.0,39.98524,-88.0,-39.98524,48.0,0.0,39.52387,-100.0,-39.52387,-80.0,118.8792,79.20150000000001,20.0,-79.35533,-48.0,23.80659,23.806600000000003,0.0,-15.871058999999999,-52.0
1396,event_001396.csv,0.0,39.98524,-96.0,-39.98524,12.0,0.0,39.52387,-84.0,-39.52387,68.0,158.5568,39.5239,-28.0,-79.35527,-88.0,23.80659,23.806600000000003,0.0,-7.93553,-92.0
1397,event_001397.csv,0.0,39.98524,0.0,-39.98524,-4.0,0.0,39.52387,8.0,-39.52387,-52.0,118.8792,79.20150000000001,8.0,-39.67766999999999,-84.0,15.87106,31.742130000000003,0.0,-15.87106,16.0
1398,event_001398.csv,0.0,39.98524,-60.0,-39.98524,-4.0,0.0,39.52387,-100.0,-39.52387,52.0,118.8792,79.20150000000001,-80.0,-39.67766999999999,36.0,15.87106,31.742130000000003,0.0,-15.87106,-52.0
1399,event_001399.csv,0.0,39.98524,-92.0,-39.98524,12.0,0.0,39.52387,-48.0,-39.52387,-96.0,118.8792,158.55679999999998,16.0,-79.35533,-8.0,23.80659,23.806600000000003,0.0,-7.93553,-84.0
1400,event_001400.csv,0.0,39.98524,-96.0,0.0,-100.0,0.0,39.52387,-24.0,-39.52387,-100.0,118.8792,79.20150000000001,56.0,-79.35533,36.0,23.80659,23.806600000000003,0.0,-15.871058999999999,20.0
1401,event_001401.csv,0.0,39.98524,-96.0,-39.98524,-20.0,0.0,39.52387,-80.0,-39.52387,52.0,118.8792,39.67760000000001,-92.0,-39.67766999999999,-4.0,23.80659,23.806600000000003,0.0,-7.93553,-84.0
1402,event_001402.csv,0.0,39.98524,-76.0,0.0,-100.0,0.0,39.52387,-100.0,-39.52387,-56.0,118.8792,79.20150000000001,-92.0,-39.67766999999999,-64.0,23.80659,23.806600000000003,0.0,-15.871058999999999,-36.0
1403,event_001403.csv,0.0,39.98524,-12.0,-39.98524,-80.0,0.0,39.52387,44.0,-39.52387,-24.0,158.5568,39.5239,56.0,-79.35527,-64.0,23.80659,23.806600000000003,0.0,-7.93553,-72.0
1404,event_001404.csv,0.0,39.98524,-96.0,-39.98524,108.0,0.0,39.52387,-96.0,-39.52387,-84.0,118.8792,79.20150000000001,32.0,-39.67766999999999,-4.0,23.80659,23.806600000000003,0.0,-7.93553,8.0
1405,event_001405.csv,0.0,39.98524,-88.0,-39.98524,-28.0,0.0,39.52387,-80.0,-39.52387,76.0,118.8792,118.8792,152.0,-39.67766999999999,-80.0,23.80659,23.806600000000003,0.0,-15.871058999999999,-28.0
1406,event_001406.csv,0.0,39.98524,-100.0,0.0,-96.0,0.0,39.52387,68.0,-39.52387,88.0,118.8792,79.20150000000001,-76.0,-39.67766999999999,-52.0,23.80659,23.806600000000003,0.0,-7.93553,-8.0
1407,event_001407.csv,0.0,39.98524,-96.0,-39.98524,-40.0,0.0,39.52387,-92.0,-39.52387,-64.0,118.8792,79.20150000000001,-100.0,-79.35533,168.0,23.80659,23.806600000000003,0.0,-15.871058999999999,-40.0
1408,event_001408.csv,0.0,39.98524,-100.0,0.0,-96.0,0.0,39.52387,-80.0,-39.52387,-92.0,158.5568,39.5239,-40.0,-79.35527,-92.0,23.80659,23.806600000000003,0.0,-23.80659,-36.0
1409,event_001409.csv,0.0,39.98524,-80.0,-39.98524,-28.0,0.0,39.52387,-72.0,-39.52387,-100.0,118.8792,79.20150000000001,8.0,-79.35533,40.0,23.80659,23.806600000000003,0.0,-15.871058999999999,20.0
1410,event_001410.csv,0.0,39.98524,-88.0,-39.98524,-84.0,0.0,39.52387,-96.0,-39.52387,-76.0,118.8792,79.20150000000001,144.0,-39.67766999999999,-88.0,23.80659,23.806600000000003,0.0,-15.871058999999999,-36.0
1411,event_001411.csv,0.0,39.98524,-56.0,-39.98524,-44.0,0.0,39.52387,-96.0,-39.52387,132.0,158.5568,39.5239,-40.0,-158.5568,-12.0,23.80659,23.806600000000003,0.0,-23.80659,-20.0
1412,event_001412.csv,0.0,39.98524,-60.0,-39.98524,-88.0,0.0,39.52387,-84.0,-39.52387,-80.0,118.8792,79.20150000000001,12.0,-79.35533,-8.0,31.74213,15.871060000000003,0.0,-15.87107,-36.0
1413,event_001413.csv,0.0,39.98524,-68.0,0.0,-100.0,0.0,79.20153,-32.0,-39.52387,-100.0,118.8792,79.20150000000001,-52.0,-39.67766999999999,-12.0,31.74213,15.871060000000003,0.0,-23.806599,20.0
1414,event_001414.csv,0.0,39.98524,-100.0,-39.98524,116.0,0.0,39.52387,-88.0,-39.52387,44.0,118.8792,79.20150000000001,-40.0,-39.67766999999999,-12.0,23.80659,23.806600000000003,0.0,-15.871058999999999,-40.0
1415,event_001415.csv,0.0,39.98524,-68.0,0.0,-100.0,0.0,79.20153,76.0,0.0,-100.0,118.8792,79.20150000000001,136.0,-39.67766999999999,-88.0,23.80659,23.806600000000003,0.0,-7.93553,-40.0
1416,event_001416.csv,0.0,39.98524,-100.0,0.0,-96.0,0.0,39.52387,-80.0,-39.52387,88.0,118.8792,317.1137,-68.0,-79.35533,36.0,23.80659,23.806600000000003,0.0,-15.871058999999999,20.0
1417,event_001417.csv,0.0,39.98524,-84.0,0.0,-100.0,0.0,39.52387,-96.0,-39.52387,28.0,118.8792,79.20150000000001,184.0,-39.67766999999999,-12.0,27.77436,19.83883,0.0,-19.838829,4.0
1418,event_001418.csv,0.0,39.98524,-88.0,-39.98524,72.0,0.0,39.52387,-56.0,-39.52387,-60.0,118.8792,79.20150000000001,16.0,-39.67766999999999,-92.0,31.74213,15.871060000000003,0.0,-15.87107,-20.0
1419,event_001419.csv,0.0,39.98524,-100.0,-39.98524,200.0,0.0,39.52387,-100.0,-39.52387,-64.0,118.8792,79.20150000000001,-28.0,-39.67766999999999,-12.0,23.80659,23.806600000000003,0.0,-15.871058999999999,-24.0
1420,event_001420.csv,0.0,39.98524,-80.0,-39.98524,-56.0,0.0,39.52387,-24.0,-39.52387,20.0,118.8792,79.20150000000001,96.0,-39.67766999999999,-72.0,23.80659,23.806600000000003,0.0,-15.871058999999999,-36.0
1421,event_001421.csv,0.0,39.98524,-100.0,-39.98524,-64.0,0.0,39.52387,-72.0,-39.52387,-100.0,118.8792,79.20150000000001,-96.0,-39.67766999999999,-44.0,23.80659,23.806600000000003,0.0,-15.871058999999999,-28.0
1422,event_001422.csv,0.0,39.98524,-92.0,-39.98524,64.0,0.0,39.52387,-16.0,-39.52387,-52.0,158.5568,79.20159999999998,16.0,-119.03293000000001,36.0,15.87106,39.67766,0.0,-23.806591,20.0
1423,event_001423.csv,0.0,39.98524,-48.0,-39.98524,-52.0,0.0,39.52387,-88.0,-39.52387,-76.0,118.8792,118.8792,196.0,-39.67766999999999,-100.0,23.80659,23.806600000000003,0.0,-15.871058999999999,-4.0
1424,event_001424.csv,0.0,39.98524,-96.0,-39.98524,44.0,0.0,39.52387,-72.0,-39.52387,-76.0,118.8792,79.20150000000001,-80.0,-39.67766999999999,-4.0,23.80659,23.806600000000003,0.0,-15.871058999999999,20.0
1425,event_001425.csv,0.0,39.98524,-92.0,0.0,-100.0,0.0,39.52387,-56.0,-39.52387,-92.0,118.8792,118.8792,144.0,-39.67766999999999,-100.0,15.87106,31.742130000000003,0.0,-15.87106,-36.0
1426,event_001426.csv,0.0,39.98524,-76.0,0.0,-100.0,0.0,39.52387,-88.0,-39.52387,-28.0,118.8792,79.20150000000001,-48.0,-39.67766999999999,-20.0,15.87106,31.742130000000003,0.0,-15.87106,-40.0
1427,event_001427.csv,0.0,39.98524,-88.0,0.0,-100.0,0.0,39.52387,-56.0,-39.52387,-68.0,158.5568,39.5239,-88.0,-119.03293000000001,120.0,23.80659,23.806600000000003,0.0,-15.871058999999999,-36.0
1428,event_001428.csv,0.0,39.98524,-96.0,0.0,-100.0,0.0,39.52387,-8.0,-39.52387,-84.0,118.8792,79.20150000000001,16.0,-39.67766999999999,-52.0,23.80659,23.806600000000003,0.0,-15.871058999999999,-36.0
1429,event_001429.csv,0.0,39.98524,-96.0,-39.98524,124.0,0.0,39.52387,-88.0,-39.52387,136.0,158.5568,79.20159999999998,-76.0,-119.03293000000001,44.0,23.80659,23.806600000000003,0.0,-15.871058999999999,16.0
1430,event_001430.csv,0.0,39.98524,-96.0,-39.98524,88.0,0.0,39.52387,-84.0,-39.52387,-24.0,118.8792,4881.1208,0.0,-39.67766999999999,-80.0,-7.935531,63.484251,0.0,-15.871058999999999,-16.0
1431,event_001431.csv,0.0,39.98524,-96.0,-39.98524,188.0,0.0,39.52387,-96.0,-39.52387,-60.0,118.8792,118.8792,16.0,-79.35533,36.0,23.80659,23.806600000000003,0.0,-15.871058999999999,20.0
1432,event_001432.csv,0.0,39.98524,-96.0,0.0,-100.0,0.0,39.52387,-76.0,-39.52387,-96.0,118.8792,317.1137,-80.0,-79.35533,176.0,23.80659,23.806600000000003,0.0,-23.80659,-28.0
1433,event_001433.csv,0.0,39.98524,-52.0,-39.98524,-44.0,0.0,39.52387,-48.0,-39.52387,-84.0,118.8792,118.8792,-76.0,-79.35533,-48.0,23.80659,23.806600000000003,0.0,-15.871058999999999,-68.0
1434,event_001434.csv,0.0,39.98524,-84.0,-39.98524,120.0,0.0,79.20153,36.0,0.0,-100.0,118.8792,79.20150000000001,-44.0,-39.67766999999999,-64.0,23.80659,23.806600000000003,0.0,-15.871058999999999,-40.0
1435,event_001435.csv,0.0,39.98524,-88.0,-39.98524,44.0,0.0,39.52387,-80.0,-39.52387,-92.0,118.8792,79.20150000000001,8.0,-39.67766999999999,-68.0,23.80659,23.806600000000003,0.0,-15.871058999999999,20.0
1436,event_001436.csv,0.0,39.98524,-76.0,0.0,-100.0,0.0,39.52387,-100.0,-39.52387,40.0,118.8792,79.20150000000001,20.0,-39.67766999999999,-96.0,23.80659,23.806600000000003,0.0,-7.93553,-40.0
1437,event_001437.csv,0.0,39.98524,-84.0,0.0,-100.0,0.0,39.52387,-76.0,-39.52387,-96.0,118.8792,79.20150000000001,52.0,-39.67766999999999,36.0,23.80659,23.806600000000003,0.0,-15.871058999999999,-40.0
1438,event_001438.csv,0.0,39.98524,-88.0,0.0,-100.0,0.0,39.52387,-68.0,-39.52387,-96.0,118.8792,79.20150000000001,20.0,-39.67766999999999,-76.0,23.80659,23.806600000000003,0.0,-7.93553,-64.0
1439,event_001439.csv,0.0,39.98524,-100.0,0.0,-96.0,0.0,39.52387,-88.0,-39.52387,-28.0,158.5568,39.5239,-40.0,-119.03293000000001,36.0,15.87106,31.742130000000003,0.0,-15.87106,16.0
1440,event_001440.csv,0.0,39.98524,-96.0,-39.98524,196.0,0.0,39.52387,48.0,-39.52387,4.0,118.8792,79.20150000000001,8.0,-79.35533,36.0,23.80659,23.806600000000003,0.0,-15.871058999999999,24.0
1441,event_001441.csv,0.0,39.98524,-80.0,-39.98524,60.0,0.0,39.52387,-48.0,-39.52387,-76.0,118.8792,118.8792,16.0,-79.35533,-4.0,23.80659,23.806600000000003,0.0,-15.871058999999999,28.0
1442,event_001442.csv,0.0,39.98524,-88.0,-39.98524,-60.0,0.0,39.52387,-56.0,-39.52387,132.0,118.8792,79.20150000000001,8.0,-39.67766999999999,-32.0,23.80659,23.806600000000003,0.0,-7.93553,-60.0
1443,event_001443.csv,0.0,79.97047,80.0,-39.98524,12.0,0.0,39.52387,80.0,-39.52387,-100.0,118.8792,118.8792,144.0,-39.67766999999999,-4.0,23.80659,23.806600000000003,0.0,-15.871058999999999,-52.0
1444,event_001444.csv,0.0,39.98524,-100.0,-39.98524,-76.0,0.0,39.52387,-80.0,-39.52387,-68.0,118.8792,79.20150000000001,-40.0,-79.35533,176.0,23.80659,23.806600000000003,0.0,-15.871058999999999,-28.0
1445,event_001445.csv,0.0,39.98524,-76.0,-39.98524,-84.0,0.0,39.52387,-40.0,-39.52387,28.0,118.8792,79.20150000000001,16.0,-39.67766999999999,-68.0,23.80659,23.806600000000003,0.0,-15.871058999999999,-36.0
1446,event_001446.csv,0.0,39.98524,-100.0,0.0,-96.0,0.0,39.52387,-96.0,-39.52387,-92.0,118.8792,79.20150000000001,60.0,-39.67766999999999,-92.0,23.80659,23.806600000000003,0.0,-23.80659,4.0
1447,event_001447.csv,0.0,39.98524,-44.0,-39.98524,88.0,0.0,79.20153,60.0,-39.52387,-88.0,118.8792,79.20150000000001,-40.0,-39.67766999999999,-64.0,23.80659,23.806600000000003,0.0,-7.93553,-88.0
1448,event_001448.csv,0.0,39.98524,-96.0,-39.98524,-84.0,0.0,39.52387,0.0,-39.52387,-76.0,118.8792,118.8792,12.0,-118.8792,-4.0,23.80659,23.806600000000003,0.0,-23.80659,20.0
1449,event_001449.csv,0.0,39.98524,-96.0,0.0,-100.0,0.0,39.52387,-72.0,-39.52387,-100.0,118.8792,79.20150000000001,-28.0,-39.67766999999999,-12.0,31.74213,15.871060000000003,0.0,-15.87107,-40.0
1450,event_001450.csv,0.0,39.98524,-16.0,-39.98524,44.0,0.0,39.52387,-88.0,-39.52387,-68.0,118.8792,118.8792,16.0,-79.35533,-4.0,23.80659,23.806600000000003,0.0,-15.871058999999999,24.0
1451,event_001451.csv,0.0,39.98524,-76.0,0.0,-100.0,0.0,39.52387,-96.0,-39.52387,-76.0,118.8792,79.20150000000001,-32.0,-39.67766999999999,-84.0,23.80659,23.806600000000003,0.0,-15.871058999999999,-40.0
1452,event_001452.csv,0.0,39.98524,-84.0,0.0,-100.0,0.0,39.52387,-88.0,-39.52387,-92.0,118.8792,118.8792,-28.0,-79.35533,156.0,23.80659,23.806600000000003,0.0,-23.80659,60.0
1453,event_001453.csv,0.0,39.98524,-96.0,-39.98524,164.0,0.0,39.52387,-48.0,-39.52387,60.0,118.8792,79.20150000000001,-40.0,-39.67766999999999,120.0,23.80659,23.806600000000003,0.0,-15.871058999999999,-40.0
1454,event_001454.csv,0.0,39.98524,-100.0,0.0,-92.0,0.0,39.52387,-48.0,-39.52387,4.0,118.8792,118.8792,16.0,-39.67766999999999,-64.0,23.80659,23.806600000000003,0.0,-23.80659,16.0
1455,event_001455.csv,0.0,39.98524,-96.0,-39.98524,-40.0,0.0,39.52387,-36.0,-39.52387,-96.0,118.8792,79.20150000000001,12.0,-79.35533,40.0,23.80659,23.806600000000003,0.0,-7.93553,24.0
1456,event_001456.csv,0.0,39.98524,-56.0,-39.98524,-76.0,0.0,39.52387,-88.0,-39.52387,44.0,118.8792,79.20150000000001,-36.0,-39.67766999999999,-44.0,23.80659,23.806600000000003,0.0,-15.871058999999999,-40.0
1457,event_001457.csv,0.0,39.98524,-88.0,0.0,-100.0,0.0,39.52387,-24.0,-39.52387,-60.0,118.8792,79.20150000000001,-80.0,-39.67766999999999,-100.0,23.80659,23.806600000000003,0.0,-15.871058999999999,-64.0
1458,event_001458.csv,0.0,39.98524,-56.0,0.0,-100.0,0.0,39.52387,-84.0,-39.52387,-56.0,118.8792,79.20150000000001,-28.0,-39.67766999999999,-64.0,23.80659,31.742130000000003,0.0,-15.871058999999999,20.0
1459,event_001459.csv,0.0,39.98524,-96.0,-39.98524,-68.0,0.0,39.52387,-56.0,-39.52387,-100.0,118.8792,79.20150000000001,-32.0,-79.35533,-8.0,31.74213,15.871060000000003,0.0,-15.87107,-24.0
1460,event_001460.csv,0.0,39.98524,-56.0,-39.98524,132.0,0.0,39.52387,-32.0,-39.52387,-100.0,118.8792,79.20150000000001,-32.0,-79.35533,-4.0,23.80659,23.806600000000003,0.0,-15.871058999999999,20.0
1461,event_001461.csv,0.0,39.98524,-96.0,-39.98524,-4.0,0.0,39.52387,-8.0,-39.52387,-76.0,118.8792,118.8792,148.0,-79.35533,36.0,23.80659,31.742130000000003,0.0,-15.871058999999999,-52.0
1462,event_001462.csv,0.0,39.98524,-84.0,0.0,-100.0,0.0,39.52387,-80.0,-39.52387,-84.0,118.8792,79.20150000000001,8.0,-39.67766999999999,-72.0,31.74213,15.871060000000003,0.0,-15.87107,4.0
1463,event_001463.csv,0.0,39.98524,-80.0,0.0,-100.0,0.0,39.52387,-100.0,-39.52387,20.0,118.8792,79.20150000000001,12.0,-79.35533,120.0,23.80659,23.806600000000003,0.0,-15.871058999999999,28.0
1464,event_001464.csv,0.0,39.98524,-92.0,-39.98524,156.0,0.0,39.52387,-80.0,-39.52387,-76.0,118.8792,79.20150000000001,64.0,-39.67766999999999,-68.0,23.80659,23.806600000000003,0.0,-15.871058999999999,8.0
1465,event_001465.csv,0.0,39.98524,-80.0,-39.98524,-100.0,0.0,39.52387,-56.0,0.0,-100.0,118.8792,118.8792,64.0,-79.35533,44.0,23.80659,23.806600000000003,0.0,-15.871058999999999,4.0
1466,event_001466.csv,0.0,39.98524,-80.0,0.0,-100.0,0.0,39.52387,-96.0,0.0,-100.0,118.8792,79.20150000000001,-24.0,-39.67766999999999,-68.0,31.74213,15.871060000000003,0.0,-15.87107,-36.0
1467,event_001467.csv,0.0,39.98524,-56.0,-39.98524,4.0,0.0,39.52387,0.0,-39.52387,-100.0,118.8792,79.20150000000001,8.0,-118.8792,36.0,23.80659,23.806600000000003,0.0,-23.80659,28.0
1468,event_001468.csv,0.0,39.98524,-92.0,0.0,-100.0,0.0,39.52387,-96.0,-39.52387,-68.0,118.8792,118.8792,56.0,-79.35533,-52.0,23.80659,23.806600000000003,0.0,-15.871058999999999,20.0
1469,event_001469.csv,0.0,39.98524,-48.0,-39.98524,-68.0,0.0,39.52387,-96.0,-39.52387,-44.0,118.8792,79.20150000000001,-32.0,-39.67766999999999,-60.0,31.74213,15.871060000000003,0.0,-15.87107,-36.0
1470,event_001470.csv,0.0,39.98524,-80.0,0.0,-100.0,0.0,39.52387,-32.0,-39.52387,-84.0,118.8792,118.8792,16.0,-79.35533,-4.0,23.80659,23.806600000000003,0.0,-15.871058999999999,20.0
1471,event_001471.csv,0.0,39.98524,-20.0,-39.98524,16.0,0.0,39.52387,-52.0,-39.52387,168.0,118.8792,317.1137,104.0,-39.67766999999999,32.0,23.80659,23.806600000000003,0.0,-15.871058999999999,-52.0
1472,event_001472.csv,0.0,39.98524,-32.0,-39.98524,60.0,0.0,39.52387,-56.0,-39.52387,148.0,118.8792,79.20150000000001,-32.0,-39.67766999999999,-8.0,23.80659,23.806600000000003,0.0,-23.80659,20.0
1473,event_001473.csv,0.0,39.98524,-100.0,0.0,-96.0,0.0,39.52387,-68.0,-39.52387,84.0,118.8792,118.8792,96.0,-79.35533,80.0,23.80659,23.806600000000003,0.0,-15.871058999999999,20.0
1474,event_001474.csv,0.0,39.98524,-96.0,0.0,-100.0,0.0,39.52387,56.0,-39.52387,-68.0,158.5568,39.5239,-76.0,-79.35527,-96.0,23.80659,23.806600000000003,0.0,-15.871058999999999,24.0
1475,event_001475.csv,0.0,39.98524,-96.0,-39.98524,116.0,0.0,39.52387,-72.0,-39.52387,-100.0,138.71800000000002,59.36269999999999,8.0,-59.51647000000001,-100.0,31.74213,15.871060000000003,0.0,-15.87107,12.0
1476,event_001476.csv,0.0,39.98524,-48.0,0.0,-100.0,0.0,39.52387,-56.0,-39.52387,-60.0,118.8792,79.20150000000001,-72.0,-39.67766999999999,-88.0,31.74213,15.871060000000003,0.0,-15.87107,-68.0
1477,event_001477.csv,0.0,39.98524,-84.0,-39.98524,144.0,0.0,39.52387,-32.0,-39.52387,-96.0,158.5568,39.5239,-12.0,-119.03293000000001,128.0,31.74213,15.871060000000003,0.0,-15.87107,32.0
1478,event_001478.csv,0.0,39.98524,-100.0,-39.98524,128.0,0.0,39.52387,-96.0,-39.52387,28.0,118.8792,118.8792,148.0,-39.67766999999999,-76.0,15.87106,31.742130000000003,0.0,-15.87106,-36.0
1479,event_001479.csv,0.0,39.98524,-88.0,-39.98524,148.0,0.0,39.52387,-64.0,-39.52387,-100.0,118.8792,79.20150000000001,-28.0,-39.67766999999999,176.0,23.80659,23.806600000000003,0.0,-15.871058999999999,-64.0
1480,event_001480.csv,0.0,39.98524,-100.0,0.0,-96.0,0.0,39.52387,-96.0,-39.52387,-68.0,118.8792,79.20150000000001,16.0,-79.35533,-4.0,23.80659,23.806600000000003,0.0,-15.871058999999999,28.0
1481,event_001481.csv,0.0,39.98524,-100.0,-39.98524,-48.0,0.0,39.52387,-84.0,-39.52387,8.0,158.5568,39.5239,20.0,-79.35527,32.0,23.80659,23.806600000000003,0.0,-15.871058999999999,24.0
1482,event_001482.csv,0.0,39.98524,-100.0,-39.98524,-76.0,0.0,39.52387,-84.0,-39.52387,-60.0,118.8792,79.20150000000001,88.0,-39.67766999999999,-84.0,23.80659,23.806600000000003,0.0,-15.871058999999999,16.0
1483,event_001483.csv,0.0,39.98524,-92.0,-39.98524,-52.0,0.0,39.52387,-72.0,-39.52387,116.0,118.8792,79.20150000000001,104.0,-79.35533,140.0,23.80659,23.806600000000003,0.0,-7.93553,-28.0
1484,event_001484.csv,0.0,39.98524,-92.0,-39.98524,-96.0,0.0,39.52387,-92.0,-39.52387,-40.0,118.8792,118.8792,148.0,-39.67766999999999,-80.0,23.80659,23.806600000000003,0.0,-7.93553,-88.0
1485,event_001485.csv,0.0,39.98524,-88.0,0.0,-100.0,0.0,39.52387,-100.0,-39.52387,-88.0,138.71800000000002,59.36269999999999,-28.0,-59.51647000000001,-84.0,23.80659,23.806600000000003,0.0,-15.871058999999999,-36.0
1486,event_001486.csv,0.0,39.98524,-28.0,0.0,-100.0,0.0,79.20153,104.0,-39.52387,52.0,118.8792,79.20150000000001,76.0,-39.67766999999999,92.0,23.80659,23.806600000000003,0.0,-7.93553,-68.0
1487,event_001487.csv,0.0,39.98524,-80.0,-39.98524,8.0,0.0,39.52387,-72.0,-39.52387,-92.0,118.8792,79.20150000000001,96.0,-39.67766999999999,-84.0,23.80659,23.806600000000003,0.0,-7.93553,-56.0
1488,event_001488.csv,0.0,39.98524,-76.0,-39.98524,44.0,0.0,39.52387,72.0,-39.52387,-60.0,118.8792,79.20150000000001,16.0,-39.67766999999999,-52.0,31.74213,15.871060000000003,0.0,-15.87107,-36.0
1489,event_001489.csv,0.0,39.98524,-84.0,-39.98524,-28.0,0.0,39.52387,-88.0,-39.52387,-60.0,118.8792,79.20150000000001,-88.0,-39.67766999999999,-44.0,23.80659,23.806600000000003,0.0,-15.871058999999999,20.0
1490,event_001490.csv,0.0,39.98524,-92.0,-39.98524,-100.0,0.0,39.52387,-76.0,-39.52387,148.0,118.8792,79.20150000000001,-48.0,-79.35533,128.0,19.838825,27.774365000000003,0.0,-19.838825,-36.0
1491,event_001491.csv,0.0,39.98524,-52.0,0.0,-100.0,0.0,39.52387,12.0,-39.52387,-96.0,158.5568,39.5239,4.0,-79.35527,-36.0,31.74213,15.871060000000003,0.0,-15.87107,12.0
1492,event_001492.csv,0.0,39.98524,-40.0,-39.98524,132.0,0.0,39.52387,-56.0,-39.52387,12.0,118.8792,158.55679999999998,16.0,-79.35533,36.0,23.80659,23.806600000000003,0.0,-15.871058999999999,28.0
1493,event_001493.csv,0.0,39.98524,-76.0,-39.98524,-100.0,0.0,39.52387,-24.0,-39.52387,-84.0,118.8792,79.20150000000001,16.0,-39.67766999999999,28.0,23.80659,23.806600000000003,0.0,-15.871058999999999,20.0
1494,event_001494.csv,0.0,39.98524,-80.0,0.0,-100.0,0.0,39.52387,-88.0,-39.52387,-92.0,118.8792,79.20150000000001,8.0,-79.35533,124.0,19.838825,27.774365000000003,0.0,-19.838825,-36.0
1495,event_001495.csv,0.0,39.98524,-96.0,-39.98524,-64.0,0.0,39.52387,-16.0,0.0,-100.0,118.8792,79.20150000000001,-52.0,-39.67766999999999,-12.0,23.80659,23.806600000000003,0.0,-15.871058999999999,-40.0
1496,event_001496.csv,0.0,39.98524,-80.0,-39.98524,44.0,0.0,39.52387,-40.0,-39.52387,-28.0,118.8792,79.20150000000001,144.0,-79.35533,124.0,23.80659,23.806600000000003,0.0,-15.871058999999999,-40.0
1497,event_001497.csv,0.0,39.98524,-88.0,-39.98524,-40.0,0.0,39.52387,-88.0,-39.52387,148.0,118.8792,79.20150000000001,16.0,-79.35533,40.0,23.80659,23.806600000000003,0.0,-15.871058999999999,20.0
1498,event_001498.csv,0.0,39.98524,-88.0,-39.98524,-12.0,0.0,39.52387,-88.0,-39.52387,-52.0,158.5568,39.5239,-72.0,-119.03293000000001,-96.0,23.80659,23.806600000000003,0.0,-7.93553,-68.0
1499,event_001499.csv,0.0,39.98524,-96.0,-39.98524,20.0,0.0,39.52387,-32.0,-39.52387,-4.0,158.5568,39.5239,8.0,-119.03293000000001,-12.0,23.80659,23.806600000000003,0.0,-15.871058999999999,-40.0
1500,event_001500.csv,0.0,39.98524,-80.0,-39.98524,-28.0,0.0,79.20153,136.0,-39.52387,-84.0,118.8792,79.20150000000001,-72.0,-39.67766999999999,-80.0,23.80659,23.806600000000003,0.0,-15.871058999999999,-36.0
1501,event_001501.csv,0.0,39.98524,-96.0,-39.98524,164.0,0.0,79.20153,16.0,-39.52387,-68.0,118.8792,79.20150000000001,12.0,-39.67766999999999,-76.0,23.80659,23.806600000000003,0.0,-23.80659,20.0
1502,event_001502.csv,0.0,39.98524,-80.0,-39.98524,44.0,0.0,39.52387,-88.0,-39.52387,-100.0,118.8792,79.20150000000001,-40.0,-39.67766999999999,-48.0,23.80659,23.806600000000003,0.0,-15.871058999999999,-40.0
1503,event_001503.csv,0.0,39.98524,-76.0,-39.98524,-100.0,0.0,39.52387,-56.0,-39.52387,-44.0,118.8792,79.20150000000001,12.0,-79.35533,40.0,23.80659,23.806600000000003,0.0,-7.93553,20.0
1504,event_001504.csv,0.0,39.98524,-80.0,-39.98524,12.0,0.0,39.52387,16.0,-39.52387,-84.0,158.5568,39.5239,-92.0,-119.03293000000001,172.0,15.87106,31.742130000000003,0.0,-15.87106,-28.0
1505,event_001505.csv,0.0,39.98524,-92.0,0.0,-100.0,0.0,39.52387,-100.0,-39.52387,96.0,138.71800000000002,59.36269999999999,-84.0,-59.51647000000001,-56.0,23.80659,23.806600000000003,0.0,-7.93553,-40.0
1506,event_001506.csv,0.0,39.98524,-92.0,-39.98524,0.0,0.0,39.52387,-84.0,-39.52387,24.0,158.5568,39.5239,-92.0,-79.35527,-12.0,15.87106,31.742130000000003,0.0,-7.935529,-64.0
1507,event_001507.csv,0.0,39.98524,-88.0,-39.98524,0.0,0.0,39.52387,-84.0,-39.52387,80.0,118.8792,79.20150000000001,-40.0,-39.67766999999999,-20.0,23.80659,23.806600000000003,0.0,-15.871058999999999,-36.0
1508,event_001508.csv,0.0,39.98524,-88.0,-39.98524,184.0,0.0,39.52387,-72.0,-39.52387,-92.0,118.8792,79.20150000000001,16.0,-39.67766999999999,-8.0,23.80659,23.806600000000003,0.0,-15.871058999999999,20.0
1509,event_001509.csv,0.0,39.98524,-96.0,-39.98524,108.0,0.0,39.52387,-8.0,-39.52387,-76.0,118.8792,118.8792,16.0,-39.67766999999999,-20.0,23.80659,23.806600000000003,0.0,-15.871058999999999,-28.0
1510,event_001510.csv,0.0,39.98524,-96.0,-39.98524,-4.0,0.0,39.52387,-96.0,-39.52387,124.0,118.8792,79.20150000000001,-80.0,-118.8792,-52.0,23.80659,23.806600000000003,0.0,-15.871058999999999,-68.0
1511,event_001511.csv,0.0,39.98524,-100.0,0.0,-96.0,0.0,39.52387,-100.0,-39.52387,0.0,118.8792,79.20150000000001,60.0,-39.67766999999999,-72.0,23.80659,23.806600000000003,0.0,-15.871058999999999,-28.0
1512,event_001512.csv,0.0,39.98524,-96.0,-39.98524,-92.0,0.0,39.52387,-48.0,-39.52387,-92.0,118.8792,79.20150000000001,24.0,-39.67766999999999,-60.0,23.80659,23.806600000000003,0.0,-7.93553,-52.0
1513,event_001513.csv,0.0,39.98524,-88.0,-39.98524,60.0,0.0,39.52387,-56.0,-39.52387,-92.0,118.8792,79.20150000000001,8.0,-39.67766999999999,-12.0,23.80659,23.806600000000003,0.0,-15.871058999999999,-40.0
1514,event_001514.csv,0.0,39.98524,-88.0,0.0,-100.0,0.0,39.52387,0.0,-39.52387,-68.0,118.8792,118.8792,12.0,-39.67766999999999,-68.0,15.87106,31.742130000000003,0.0,-15.87106,-40.0
1515,event_001515.csv,0.0,39.98524,-100.0,-39.98524,-44.0,0.0,39.52387,-8.0,-39.52387,-68.0,118.8792,79.20150000000001,-52.0,-39.67766999999999,-12.0,23.80659,23.806600000000003,0.0,-15.871058999999999,20.0
1516,event_001516.csv,0.0,39.98524,-96.0,-39.98524,-4.0,0.0,39.52387,-72.0,-39.52387,-76.0,118.8792,118.8792,-32.0,-79.35533,-52.0,31.74213,15.871060000000003,0.0,-23.806599,-60.0
1517,event_001517.csv,0.0,39.98524,-72.0,-39.98524,16.0,0.0,39.52387,-100.0,-39.52387,0.0,158.5568,39.5239,-76.0,-119.03293000000001,128.0,15.87106,31.742130000000003,0.0,-7.935529,-40.0
1518,event_001518.csv,0.0,39.98524,-92.0,-39.98524,-40.0,0.0,39.52387,-100.0,-39.52387,0.0,118.8792,118.8792,140.0,-79.35533,-12.0,23.80659,23.806600000000003,0.0,-15.871058999999999,24.0
1519,event_001519.csv,0.0,39.98524,-76.0,-39.98524,28.0,0.0,39.52387,-80.0,-39.52387,-52.0,118.8792,79.20150000000001,-40.0,-39.67766999999999,-80.0,23.80659,23.806600000000003,0.0,-15.871058999999999,-28.0
1520,event_001520.csv,0.0,39.98524,-64.0,0.0,-100.0,0.0,39.52387,-80.0,-39.52387,-84.0,118.8792,79.20150000000001,-60.0,-39.67766999999999,-36.0,23.80659,23.806600000000003,0.0,-7.93553,-8.0
1521,event_001521.csv,0.0,39.98524,-96.0,-39.98524,152.0,0.0,39.52387,-36.0,0.0,-100.0,118.8792,118.8792,12.0,-79.35533,120.0,23.80659,23.806600000000003,0.0,-15.871058999999999,-28.0
1522,event_001522.csv,0.0,39.98524,-84.0,0.0,-100.0,0.0,39.52387,-88.0,-39.52387,8.0,118.8792,79.20150000000001,56.0,-39.67766999999999,-92.0,23.80659,23.806600000000003,0.0,-15.871058999999999,4.0
1523,event_001523.csv,0.0,39.98524,-72.0,-39.98524,-84.0,0.0,39.52387,-16.0,-39.52387,60.0,138.71800000000002,99.04039999999998,16.0,-59.51647000000001,-12.0,31.74213,15.871060000000003,0.0,-15.87107,-68.0
1524,event_001524.csv,0.0,39.98524,-64.0,0.0,-100.0,0.0,39.52387,-80.0,-39.52387,-52.0,118.8792,118.8792,8.0,-79.35533,124.0,31.74213,15.871060000000003,0.0,-23.806599,-40.0
1525,event_001525.csv,0.0,39.98524,-100.0,0.0,-96.0,0.0,39.52387,-100.0,-39.52387,-88.0,158.5568,39.5239,-52.0,-119.03293000000001,168.0,23.80659,23.806600000000003,0.0,-7.93553,-48.0
1526,event_001526.csv,0.0,39.98524,-72.0,-39.98524,-100.0,0.0,39.52387,-80.0,-39.52387,-68.0,118.8792,79.20150000000001,-48.0,-79.35533,-4.0,23.80659,23.806600000000003,0.0,-7.93553,12.0
1527,event_001527.csv,0.0,39.98524,-100.0,-39.98524,68.0,0.0,39.52387,-96.0,-39.52387,-92.0,118.8792,79.20150000000001,-52.0,-79.35533,36.0,15.87106,31.742130000000003,0.0,-15.87106,-40.0
1528,event_001528.csv,0.0,39.98524,-100.0,-39.98524,-56.0,0.0,39.52387,-92.0,-39.52387,-80.0,118.8792,118.8792,108.0,-79.35533,88.0,15.87106,31.742130000000003,0.0,-15.87106,8.0
1529,event_001529.csv,0.0,39.98524,-96.0,-39.98524,-24.0,0.0,39.52387,-100.0,-39.52387,-80.0,118.8792,79.20150000000001,12.0,-39.67766999999999,-88.0,23.80659,23.806600000000003,0.0,-7.93553,-52.0
1530,event_001530.csv,0.0,39.98524,-80.0,-39.98524,-4.0,0.0,39.52387,-48.0,-39.52387,-60.0,118.8792,79.20150000000001,-60.0,-39.67766999999999,-84.0,23.80659,31.742130000000003,0.0,-15.871058999999999,-40.0
1531,event_001531.csv,0.0,39.98524,-76.0,-39.98524,-36.0,0.0,39.52387,-72.0,-39.52387,-84.0,118.8792,79.20150000000001,-96.0,-39.67766999999999,-12.0,31.74213,15.871060000000003,0.0,-15.87107,-36.0
1532,event_001532.csv,0.0,39.98524,-96.0,-39.98524,76.0,0.0,39.52387,-100.0,-39.52387,172.0,118.8792,79.20150000000001,-48.0,-39.67766999999999,-100.0,15.87106,31.742130000000003,0.0,-15.87106,-36.0
1533,event_001533.csv,0.0,39.98524,-68.0,0.0,-100.0,0.0,39.52387,-80.0,-39.52387,-4.0,118.8792,118.8792,140.0,-39.67766999999999,-80.0,15.87106,31.742130000000003,0.0,-15.87106,-40.0
1534,event_001534.csv,0.0,39.98524,-72.0,0.0,-100.0,0.0,39.52387,-48.0,-39.52387,-76.0,158.5568,39.5239,72.0,-79.35527,-76.0,23.80659,23.806600000000003,0.0,-15.871058999999999,-36.0
1535,event_001535.csv,0.0,39.98524,-72.0,-39.98524,-4.0,0.0,39.52387,-72.0,-39.52387,-44.0,118.8792,79.20150000000001,-64.0,-39.67766999999999,-12.0,23.80659,23.806600000000003,0.0,-7.93553,-52.0
1536,event_001536.csv,0.0,39.98524,-100.0,-39.98524,152.0,0.0,39.52387,-80.0,-39.52387,-92.0,118.8792,79.20150000000001,8.0,-39.67766999999999,-100.0,23.80659,23.806600000000003,0.0,-7.93553,-20.0
1537,event_001537.csv,0.0,39.98524,-96.0,-39.98524,-52.0,0.0,39.52387,-96.0,-39.52387,-60.0,158.5568,39.5239,20.0,-119.03293000000001,172.0,31.74213,15.871060000000003,0.0,-15.87107,-36.0
1538,event_001538.csv,0.0,39.98524,-88.0,-39.98524,-28.0,0.0,0.0,-100.0,-39.52387,-84.0,118.8792,79.20150000000001,8.0,-79.35533,36.0,15.87106,31.742130000000003,0.0,-15.87106,-40.0
1539,event_001539.csv,0.0,39.98524,-84.0,0.0,-100.0,0.0,39.52387,-80.0,-39.52387,-60.0,118.8792,118.8792,-32.0,-79.35533,-8.0,31.74213,15.871060000000003,0.0,-23.806599,-20.0
1540,event_001540.csv,0.0,39.98524,-64.0,-39.98524,28.0,0.0,39.52387,-32.0,-39.52387,-76.0,158.5568,39.5239,-48.0,-79.35527,-100.0,23.80659,23.806600000000003,0.0,-15.871058999999999,-36.0
1541,event_001541.csv,0.0,39.98524,-88.0,-39.98524,148.0,0.0,39.52387,-16.0,-39.52387,-100.0,158.5568,39.5239,-40.0,-79.35527,-16.0,23.80659,23.806600000000003,0.0,-15.871058999999999,-40.0
1542,event_001542.csv,0.0,39.98524,-8.0,-39.98524,84.0,0.0,39.52387,-80.0,-39.52387,156.0,158.5568,39.5239,8.0,-39.67760000000001,-100.0,15.87106,31.742130000000003,0.0,-7.935529,-36.0
1543,event_001543.csv,0.0,39.98524,-100.0,-39.98524,-64.0,0.0,39.52387,92.0,-39.52387,-80.0,138.71800000000002,59.36269999999999,-40.0,-59.51647000000001,-20.0,15.87106,31.742130000000003,0.0,-15.87106,-24.0
1544,event_001544.csv,0.0,39.98524,-96.0,0.0,-100.0,0.0,39.52387,-24.0,-39.52387,-100.0,118.8792,79.20150000000001,-80.0,-39.67766999999999,-20.0,23.80659,23.806600000000003,0.0,-7.93553,-48.0
1545,event_001545.csv,0.0,39.98524,-80.0,-39.98524,-52.0,0.0,39.52387,-40.0,-39.52387,-52.0,118.8792,118.8792,16.0,-79.35533,-8.0,23.80659,23.806600000000003,0.0,-15.871058999999999,-40.0
1546,event_001546.csv,0.0,39.98524,-72.0,-39.98524,100.0,0.0,39.52387,0.0,-39.52387,-36.0,118.8792,79.20150000000001,200.0,-79.35533,180.0,23.80659,23.806600000000003,0.0,-15.871058999999999,20.0
1547,event_001547.csv,0.0,39.98524,-72.0,-39.98524,-20.0,0.0,39.52387,-88.0,-39.52387,-20.0,118.8792,79.20150000000001,144.0,-39.67766999999999,-76.0,23.80659,23.806600000000003,0.0,-15.871058999999999,-40.0
1548,event_001548.csv,0.0,39.98524,-60.0,0.0,-100.0,0.0,39.52387,-80.0,-39.52387,-92.0,158.5568,79.20159999999998,52.0,-158.5568,32.0,15.87106,31.742130000000003,0.0,-23.806591,20.0
1549,event_001549.csv,0.0,39.98524,-24.0,-39.98524,-100.0,0.0,39.52387,-32.0,-39.52387,36.0,118.8792,79.20150000000001,16.0,-39.67766999999999,-68.0,23.80659,23.806600000000003,0.0,-15.871058999999999,20.0
1550,event_001550.csv,0.0,39.98524,-92.0,0.0,-100.0,0.0,39.52387,-36.0,-39.52387,-32.0,158.5568,79.20159999999998,200.0,-79.35527,-96.0,23.80659,23.806600000000003,0.0,-15.871058999999999,-40.0
1551,event_001551.csv,0.0,39.98524,-76.0,0.0,-100.0,0.0,39.52387,-52.0,-39.52387,-92.0,118.8792,79.20150000000001,-92.0,-39.67766999999999,36.0,23.80659,23.806600000000003,0.0,-7.93553,-92.0
1552,event_001552.csv,0.0,39.98524,-68.0,0.0,-100.0,0.0,39.52387,-100.0,-39.52387,-80.0,118.8792,39.67760000000001,-88.0,-79.35533,116.0,23.80659,23.806600000000003,0.0,-15.871058999999999,72.0
1553,event_001553.csv,0.0,39.98524,-96.0,-39.98524,-84.0,0.0,39.52387,60.0,-39.52387,-44.0,158.5568,39.5239,-92.0,-79.35527,-68.0,15.87106,31.742130000000003,0.0,-15.87106,-28.0
1554,event_001554.csv,0.0,39.98524,-72.0,-39.98524,140.0,0.0,39.52387,-96.0,-39.52387,-100.0,118.8792,79.20150000000001,-28.0,-39.67766999999999,-100.0,23.80659,23.806600000000003,0.0,-15.871058999999999,-36.0
1555,event_001555.csv,0.0,39.98524,-88.0,-39.98524,-92.0,0.0,39.52387,-72.0,-39.52387,-100.0,118.8792,118.8792,152.0,-39.67766999999999,36.0,23.80659,23.806600000000003,0.0,-15.871058999999999,-36.0
1556,event_001556.csv,0.0,39.98524,-88.0,-39.98524,-76.0,0.0,39.52387,-96.0,-39.52387,-100.0,118.8792,79.20150000000001,-56.0,-39.67766999999999,44.0,23.80659,23.806600000000003,0.0,-15.871058999999999,4.0
1557,event_001557.csv,0.0,39.98524,-92.0,-39.98524,-20.0,0.0,39.52387,-72.0,-39.52387,-76.0,118.8792,79.20150000000001,192.0,-39.67766999999999,-72.0,23.80659,23.806600000000003,0.0,-15.871058999999999,-20.0
1558,event_001558.csv,0.0,39.98524,-48.0,-39.98524,36.0,0.0,39.52387,-96.0,-39.52387,-92.0,118.8792,79.20150000000001,-88.0,-39.67766999999999,-12.0,23.80659,23.806600000000003,0.0,-23.80659,8.0
1559,event_001559.csv,0.0,39.98524,-80.0,-39.98524,-20.0,0.0,79.20153,-40.0,-39.52387,-60.0,118.8792,79.20150000000001,-28.0,-79.35533,124.0,23.80659,23.806600000000003,0.0,-15.871058999999999,-36.0
1560,event_001560.csv,0.0,39.98524,-32.0,-39.98524,12.0,0.0,39.52387,-56.0,-39.52387,-44.0,118.8792,118.8792,100.0,-118.8792,120.0,23.80659,23.806600000000003,0.0,-15.871058999999999,-28.0
1561,event_001561.csv,0.0,39.98524,-96.0,-39.98524,-88.0,0.0,79.20153,-4.0,-39.52387,-28.0,118.8792,79.20150000000001,-28.0,-39.67766999999999,-96.0,15.87106,31.742130000000003,0.0,-7.935529,-88.0
1562,event_001562.csv,0.0,39.98524,-64.0,-39.98524,8.0,0.0,39.52387,-92.0,-39.52387,-96.0,118.8792,118.8792,12.0,-39.67766999999999,-40.0,23.80659,23.806600000000003,0.0,-15.871058999999999,32.0
1563,event_001563.csv,0.0,39.98524,-88.0,-39.98524,12.0,0.0,39.52387,-72.0,-39.52387,-28.0,118.8792,79.20150000000001,16.0,-39.67766999999999,28.0,23.80659,31.742130000000003,0.0,-15.871058999999999,-36.0
1564,event_001564.csv,0.0,39.98524,-96.0,-39.98524,32.0,0.0,39.52387,-68.0,-39.52387,-72.0,118.8792,79.20150000000001,-28.0,-39.67766999999999,32.0,31.74213,15.871060000000003,0.0,-23.806599,-40.0
1565,event_001565.csv,0.0,39.98524,-100.0,-39.98524,40.0,0.0,79.20153,-60.0,-39.52387,88.0,158.5568,39.5239,-100.0,-79.35527,-56.0,31.74213,15.871060000000003,0.0,-15.87107,-36.0
1566,event_001566.csv,0.0,39.98524,-60.0,0.0,-100.0,0.0,39.52387,-92.0,-39.52387,-72.0,158.5568,79.20159999999998,16.0,-119.03293000000001,36.0,27.77436,19.83883,0.0,-27.77436,16.0
1567,event_001567.csv,0.0,39.98524,0.0,-39.98524,24.0,0.0,39.52387,-84.0,-39.52387,-88.0,118.8792,79.20150000000001,-40.0,-39.67766999999999,-60.0,23.80659,23.806600000000003,0.0,-15.871058999999999,-64.0
1568,event_001568.csv,0.0,39.98524,-64.0,-39.98524,-76.0,0.0,39.52387,-24.0,-39.52387,-84.0,118.8792,79.20150000000001,88.0,-39.67766999999999,-32.0,23.80659,23.806600000000003,0.0,-15.871058999999999,-40.0
1569,event_001569.csv,0.0,39.98524,-88.0,-39.98524,132.0,0.0,39.52387,48.0,-39.52387,-100.0,118.8792,79.20150000000001,8.0,-79.35533,-100.0,23.80659,23.806600000000003,0.0,-7.93553,-68.0
1570,event_001570.csv,0.0,39.98524,-100.0,-39.98524,28.0,0.0,39.52387,-96.0,-39.52387,-60.0,118.8792,79.20150000000001,20.0,-39.67766999999999,-12.0,23.80659,23.806600000000003,0.0,-15.871058999999999,-40.0
1571,event_001571.csv,0.0,39.98524,-96.0,0.0,-100.0,0.0,39.52387,-96.0,-39.52387,-68.0,118.8792,118.8792,8.0,-118.8792,-12.0,23.80659,23.806600000000003,0.0,-15.871058999999999,-48.0
1572,event_001572.csv,0.0,39.98524,-100.0,-39.98524,108.0,0.0,39.52387,-48.0,0.0,-100.0,158.5568,79.20159999999998,140.0,-79.35527,-44.0,23.80659,23.806600000000003,0.0,-15.871058999999999,20.0
1573,event_001573.csv,0.0,39.98524,-72.0,-39.98524,-100.0,0.0,39.52387,8.0,-39.52387,-4.0,158.5568,39.5239,-48.0,-79.35527,-20.0,23.80659,23.806600000000003,0.0,-15.871058999999999,-100.0
1574,event_001574.csv,0.0,39.98524,-96.0,-39.98524,-84.0,0.0,39.52387,32.0,-39.52387,-12.0,158.5568,39.5239,-52.0,-119.03293000000001,36.0,23.80659,23.806600000000003,0.0,-15.871058999999999,28.0
1575,event_001575.csv,0.0,39.98524,-96.0,-39.98524,156.0,0.0,39.52387,72.0,-39.52387,-92.0,118.8792,79.20150000000001,-40.0,-39.67766999999999,-100.0,23.80659,23.806600000000003,0.0,-15.871058999999999,-40.0
1576,event_001576.csv,0.0,39.98524,-92.0,0.0,-100.0,0.0,39.52387,-40.0,-39.52387,-92.0,158.5568,39.5239,-64.0,-79.35527,-76.0,31.74213,15.871060000000003,0.0,-15.87107,-60.0
1577,event_001577.csv,0.0,39.98524,-96.0,0.0,-100.0,0.0,39.52387,-48.0,-39.52387,-100.0,138.71800000000002,59.36269999999999,-8.0,-59.51647000000001,-64.0,23.80659,23.806600000000003,0.0,-15.871058999999999,8.0
1578,event_001578.csv,0.0,39.98524,-68.0,-39.98524,-72.0,0.0,39.52387,-80.0,-39.52387,-92.0,118.8792,317.1137,160.0,-39.67766999999999,-8.0,23.80659,23.806600000000003,0.0,-15.871058999999999,-28.0
1579,event_001579.csv,0.0,39.98524,-52.0,-39.98524,-88.0,0.0,39.52387,-60.0,-39.52387,-64.0,158.5568,39.5239,144.0,-79.35527,-88.0,23.80659,23.806600000000003,0.0,-15.871058999999999,24.0
1580,event_001580.csv,0.0,39.98524,-92.0,-39.98524,-36.0,0.0,39.52387,-80.0,-39.52387,-92.0,158.5568,79.20159999999998,144.0,-79.35527,-32.0,23.80659,23.806600000000003,0.0,-15.871058999999999,-40.0
1581,event_001581.csv,0.0,39.98524,-92.0,-39.98524,-68.0,0.0,39.52387,-56.0,-39.52387,-44.0,158.5568,39.5239,-92.0,-79.35527,120.0,27.77436,19.83883,0.0,-11.903300000000002,-28.0
1582,event_001582.csv,0.0,39.98524,-100.0,0.0,-96.0,0.0,39.52387,-96.0,-39.52387,-36.0,158.5568,79.20159999999998,-40.0,-79.35527,-12.0,23.80659,31.742130000000003,0.0,-15.871058999999999,-40.0
1583,event_001583.csv,0.0,39.98524,-92.0,-39.98524,-36.0,0.0,39.52387,-100.0,-39.52387,-96.0,158.5568,79.20159999999998,136.0,-79.35527,-100.0,23.80659,23.806600000000003,0.0,-23.80659,20.0
1584,event_001584.csv,0.0,39.98524,-76.0,0.0,-100.0,0.0,39.52387,-88.0,-39.52387,-20.0,118.8792,79.20150000000001,-96.0,-39.67766999999999,-20.0,23.80659,23.806600000000003,0.0,-15.871058999999999,-36.0
1585,event_001585.csv,0.0,39.98524,-96.0,-39.98524,4.0,0.0,39.52387,-96.0,-39.52387,-76.0,118.8792,79.20150000000001,24.0,-79.35533,132.0,27.77436,19.83883,0.0,-19.838829,-28.0
1586,event_001586.csv,0.0,39.98524,-56.0,-39.98524,76.0,0.0,39.52387,-96.0,-39.52387,-24.0,158.5568,39.5239,-40.0,-79.35527,108.0,23.80659,23.806600000000003,0.0,-7.93553,-40.0
1587,event_001587.csv,0.0,39.98524,-84.0,-39.98524,-44.0,0.0,39.52387,-32.0,-39.52387,12.0,118.8792,79.20150000000001,56.0,-39.67766999999999,-60.0,15.87106,31.742130000000003,0.0,-15.87106,-40.0
1588,event_001588.csv,0.0,39.98524,-92.0,0.0,-100.0,0.0,39.52387,-72.0,-39.52387,-100.0,118.8792,118.8792,192.0,-39.67766999999999,-68.0,23.80659,23.806600000000003,0.0,-15.871058999999999,-52.0
1589,event_001589.csv,0.0,39.98524,-88.0,-39.98524,-92.0,0.0,39.52387,-96.0,-39.52387,-68.0,178.31875000000002,257.67415,196.0,-99.11722000000002,-12.0,23.80659,23.806600000000003,0.0,-7.93553,-52.0
1590,event_001590.csv,0.0,39.98524,-96.0,-39.98524,-36.0,0.0,39.52387,-88.0,-39.52387,-92.0,118.8792,79.20150000000001,8.0,-39.67766999999999,-100.0,15.87106,31.742130000000003,0.0,-15.87106,20.0
1591,event_001591.csv,0.0,39.98524,-88.0,-39.98524,-20.0,0.0,39.52387,-48.0,-39.52387,76.0,118.8792,118.8792,16.0,-79.35533,76.0,23.80659,23.806600000000003,0.0,-15.871058999999999,20.0
1592,event_001592.csv,0.0,39.98524,-96.0,-39.98524,-36.0,0.0,39.52387,-96.0,-39.52387,4.0,118.8792,79.20150000000001,16.0,-39.67766999999999,-100.0,23.80659,23.806600000000003,0.0,-15.871058999999999,-20.0
1593,event_001593.csv,0.0,39.98524,-32.0,0.0,-100.0,0.0,39.52387,-96.0,-39.52387,-40.0,118.8792,79.20150000000001,-56.0,-39.67766999999999,-96.0,23.80659,23.806600000000003,0.0,-7.93553,-52.0
1594,event_001594.csv,0.0,39.98524,-92.0,-39.98524,32.0,0.0,39.52387,-100.0,-39.52387,144.0,118.8792,79.20150000000001,8.0,-39.67766999999999,-92.0,23.80659,23.806600000000003,0.0,-7.93553,-48.0
1595,event_001595.csv,0.0,39.98524,-12.0,-39.98524,156.0,0.0,39.52387,-96.0,-39.52387,40.0,118.8792,79.20150000000001,92.0,-39.67766999999999,-12.0,23.80659,23.806600000000003,0.0,-15.871058999999999,-36.0
1596,event_001596.csv,0.0,39.98524,-88.0,-39.98524,132.0,0.0,39.52387,96.0,-39.52387,-92.0,118.8792,79.20150000000001,104.0,-39.67766999999999,-8.0,23.80659,23.806600000000003,0.0,-15.871058999999999,-28.0
1597,event_001597.csv,0.0,39.98524,-80.0,-39.98524,-8.0,0.0,39.52387,-92.0,-39.52387,24.0,118.8792,79.20150000000001,20.0,-39.67766999999999,-16.0,23.80659,23.806600000000003,0.0,-15.871058999999999,-28.0
1598,event_001598.csv,0.0,39.98524,-44.0,-39.98524,-80.0,0.0,79.20153,-44.0,-39.52387,56.0,118.8792,198.2345,-100.0,-79.35533,40.0,23.80659,23.806600000000003,0.0,-15.871058999999999,28.0
1599,event_001599.csv,0.0,39.98524,-96.0,-39.98524,-76.0,0.0,39.52387,-64.0,-39.52387,-20.0,158.5568,39.5239,24.0,-119.03293000000001,124.0,23.80659,23.806600000000003,0.0,-15.871058999999999,-36.0
1600,event_001600.csv,0.0,39.98524,-88.0,-39.98524,-20.0,0.0,39.52387,-96.0,-39.52387,-44.0,118.8792,118.8792,4.0,-39.67766999999999,-80.0,23.80659,23.806600000000003,0.0,-7.93553,-52.0
1601,event_001601.csv,0.0,39.98524,-92.0,-39.98524,80.0,0.0,39.52387,-48.0,-39.52387,-8.0,118.8792,396.46900000000005,-40.0,-39.67766999999999,-88.0,23.80659,23.806600000000003,0.0,-15.871058999999999,-40.0
1602,event_001602.csv,0.0,39.98524,-96.0,-39.98524,-52.0,0.0,39.52387,-32.0,-39.52387,4.0,118.8792,79.20150000000001,20.0,-79.35533,-84.0,19.838825,27.774365000000003,0.0,-11.903293999999999,-100.0
1603,event_001603.csv,0.0,39.98524,-56.0,-39.98524,-44.0,0.0,79.20153,32.0,-39.52387,-60.0,138.71800000000002,59.36269999999999,-56.0,-59.51647000000001,-12.0,23.80659,23.806600000000003,0.0,-15.871058999999999,-64.0
1604,event_001604.csv,0.0,39.98524,-72.0,0.0,-100.0,0.0,39.52387,-88.0,-39.52387,-100.0,118.8792,79.20150000000001,-28.0,-39.67766999999999,-68.0,15.87106,31.742130000000003,0.0,-7.935529,-28.0
1605,event_001605.csv,0.0,39.98524,-64.0,-39.98524,-20.0,0.0,39.52387,-24.0,-39.52387,-28.0,138.71800000000002,59.36269999999999,-84.0,-59.51647000000001,-100.0,31.74213,15.871060000000003,0.0,-15.87107,-76.0
1606,event_001606.csv,0.0,39.98524,-56.0,0.0,-100.0,0.0,39.52387,-80.0,-39.52387,-28.0,118.8792,79.20150000000001,-40.0,-39.67766999999999,-92.0,23.80659,23.806600000000003,0.0,-15.871058999999999,-40.0
1607,event_001607.csv,0.0,39.98524,-96.0,-39.98524,196.0,0.0,39.52387,-96.0,-39.52387,-20.0,158.5568,39.5239,-52.0,-119.03293000000001,40.0,23.80659,23.806600000000003,0.0,-23.80659,20.0
1608,event_001608.csv,0.0,39.98524,-96.0,0.0,-100.0,0.0,79.20153,184.0,-39.52387,-92.0,118.8792,79.20150000000001,20.0,-79.35533,-4.0,23.80659,23.806600000000003,0.0,-15.871058999999999,-28.0
1609,event_001609.csv,0.0,39.98524,-60.0,-39.98524,192.0,0.0,39.52387,-92.0,-39.52387,0.0,118.8792,79.20150000000001,-76.0,-79.35533,124.0,19.838825,35.709895,0.0,-19.838825,20.0
1610,event_001610.csv,0.0,39.98524,-88.0,-39.98524,-28.0,0.0,39.52387,-56.0,-39.52387,-4.0,158.5568,79.20159999999998,136.0,-119.03293000000001,52.0,31.74213,15.871060000000003,0.0,-15.87107,84.0
1611,event_001611.csv,0.0,39.98524,-24.0,0.0,-100.0,0.0,39.52387,-88.0,-39.52387,28.0,118.8792,79.20150000000001,-36.0,-39.67766999999999,-20.0,23.80659,23.806600000000003,0.0,-23.80659,-36.0
1612,event_001612.csv,0.0,39.98524,-100.0,-39.98524,-44.0,0.0,39.52387,-96.0,-39.52387,-100.0,118.8792,79.20150000000001,-88.0,-39.67766999999999,0.0,23.80659,23.806600000000003,0.0,-7.93553,-36.0
1613,event_001613.csv,0.0,39.98524,-68.0,-39.98524,168.0,0.0,39.52387,-28.0,-39.52387,160.0,118.8792,79.20150000000001,-36.0,-39.67766999999999,-92.0,23.80659,23.806600000000003,0.0,-15.871058999999999,-64.0
1614,event_001614.csv,0.0,39.98524,-88.0,-39.98524,-84.0,0.0,39.52387,-96.0,-39.52387,-84.0,118.8792,118.8792,16.0,-39.67766999999999,-60.0,23.80659,23.806600000000003,0.0,-15.871058999999999,-40.0
1615,event_001615.csv,0.0,39.98524,-48.0,0.0,-100.0,0.0,39.52387,-64.0,-39.52387,-76.0,118.8792,118.8792,16.0,-79.35533,36.0,23.80659,23.806600000000003,0.0,-15.871058999999999,28.0
1616,event_001616.csv,0.0,39.98524,-92.0,-39.98524,-88.0,0.0,39.52387,-100.0,-39.52387,104.0,158.5568,39.5239,16.0,-79.35527,-72.0,15.87106,31.742130000000003,0.0,-15.87106,-40.0
1617,event_001617.csv,0.0,39.98524,-80.0,0.0,-100.0,0.0,39.52387,-72.0,-39.52387,-84.0,118.8792,79.20150000000001,16.0,-39.67766999999999,112.0,23.80659,23.806600000000003,0.0,-7.93553,-96.0
1618,event_001618.csv,0.0,39.98524,-96.0,-39.98524,-100.0,0.0,39.52387,-40.0,-39.52387,-92.0,118.8792,118.8792,192.0,-39.67766999999999,-20.0,23.80659,23.806600000000003,0.0,-23.80659,20.0
1619,event_001619.csv,0.0,39.98524,-92.0,-39.98524,-48.0,0.0,39.52387,-100.0,-39.52387,-72.0,118.8792,118.8792,20.0,-39.67766999999999,-16.0,23.80659,23.806600000000003,0.0,-15.871058999999999,-40.0
1620,event_001620.csv,0.0,39.98524,-48.0,-39.98524,-8.0,0.0,39.52387,-88.0,-39.52387,-20.0,118.8792,79.20150000000001,-16.0,-39.67766999999999,36.0,23.80659,23.806600000000003,0.0,-7.93553,-40.0
1621,event_001621.csv,0.0,39.98524,-100.0,0.0,-96.0,0.0,39.52387,-96.0,-39.52387,-100.0,118.8792,79.20150000000001,16.0,-39.67766999999999,-4.0,23.80659,23.806600000000003,0.0,-7.93553,-100.0
1622,event_001622.csv,0.0,39.98524,-80.0,-39.98524,-72.0,0.0,39.52387,-92.0,-39.52387,-96.0,118.8792,79.20150000000001,64.0,-39.67766999999999,-60.0,23.80659,23.806600000000003,0.0,-7.93553,-40.0
1623,event_001623.csv,0.0,39.98524,-92.0,0.0,-100.0,0.0,39.52387,-88.0,-39.52387,-100.0,158.5568,79.20159999999998,20.0,-119.03293000000001,168.0,23.80659,23.806600000000003,0.0,-15.871058999999999,20.0
1624,event_001624.csv,0.0,39.98524,-84.0,-39.98524,-92.0,0.0,39.52387,-80.0,-39.52387,-100.0,118.8792,79.20150000000001,8.0,-79.35533,-12.0,23.80659,23.806600000000003,0.0,-15.871058999999999,-40.0
1625,event_001625.csv,0.0,39.98524,-92.0,-39.98524,152.0,0.0,39.52387,4.0,-39.52387,-24.0,118.8792,277.43600000000004,124.0,-79.35533,-8.0,23.80659,23.806600000000003,0.0,-15.871058999999999,-40.0
1626,event_001626.csv,0.0,39.98524,-100.0,-39.98524,-24.0,0.0,39.52387,-60.0,-39.52387,8.0,158.5568,39.5239,60.0,-79.35527,36.0,23.80659,23.806600000000003,0.0,-15.871058999999999,-8.0
1627,event_001627.csv,0.0,39.98524,-84.0,0.0,-100.0,0.0,39.52387,-100.0,-39.52387,20.0,118.8792,79.20150000000001,8.0,-79.35533,44.0,27.77436,19.83883,0.0,-11.903300000000002,16.0
1628,event_001628.csv,0.0,39.98524,-80.0,-39.98524,-68.0,0.0,39.52387,-96.0,-39.52387,132.0,118.8792,277.43600000000004,-4.0,-39.67766999999999,-76.0,23.80659,31.742130000000003,12.0,-15.871058999999999,-28.0
1629,event_001629.csv,0.0,39.98524,-48.0,-39.98524,-20.0,0.0,39.52387,-80.0,-39.52387,-60.0,118.8792,79.20150000000001,144.0,-39.67766999999999,-88.0,23.80659,23.806600000000003,0.0,-15.871058999999999,20.0
1630,event_001630.csv,0.0,39.98524,-100.0,-39.98524,192.0,0.0,39.52387,-52.0,-39.52387,-80.0,118.8792,79.20150000000001,-72.0,-39.67766999999999,-100.0,23.80659,23.806600000000003,0.0,-7.93553,-96.0
1631,event_001631.csv,0.0,39.98524,-96.0,-39.98524,12.0,0.0,39.52387,-56.0,-39.52387,-36.0,118.8792,79.20150000000001,16.0,-39.67766999999999,-36.0,23.80659,23.806600000000003,0.0,-15.871058999999999,-28.0
1632,event_001632.csv,0.0,39.98524,-92.0,-39.98524,-4.0,0.0,39.52387,24.0,-39.52387,-92.0,158.5568,39.5239,96.0,-79.35527,-88.0,23.80659,23.806600000000003,0.0,-15.871058999999999,-52.0
1633,event_001633.csv,0.0,39.98524,-92.0,0.0,-100.0,0.0,39.52387,-88.0,-39.52387,-76.0,118.8792,79.20150000000001,-96.0,-39.67766999999999,-20.0,23.80659,23.806600000000003,0.0,-15.871058999999999,-40.0
1634,event_001634.csv,0.0,39.98524,-80.0,-39.98524,-68.0,0.0,39.52387,-88.0,-39.52387,-92.0,118.8792,79.20150000000001,-28.0,-79.35533,-88.0,31.74213,15.871060000000003,0.0,-23.806599,72.0
1635,event_001635.csv,0.0,39.98524,-88.0,-39.98524,-44.0,0.0,39.52387,-96.0,-39.52387,-76.0,118.8792,79.20150000000001,-80.0,-39.67766999999999,-100.0,23.80659,23.806600000000003,0.0,-15.871058999999999,4.0
1636,event_001636.csv,0.0,1319.974,0.0,-39.98524,-84.0,0.0,1784.879,0.0,0.0,-100.0,118.8792,4881.1208,0.0,-39.67766999999999,-84.0,-15.87106,63.48425,0.0,-15.87107,-20.0
1637,event_001637.csv,0.0,39.98524,-96.0,-39.98524,188.0,0.0,39.52387,-96.0,-39.52387,-52.0,118.8792,39.67760000000001,-80.0,-39.67766999999999,-52.0,39.67766,7.93553,0.0,-7.9355300000000035,-100.0
1638,event_001638.csv,0.0,39.98524,-80.0,-39.98524,172.0,0.0,39.52387,-48.0,-39.52387,-28.0,118.8792,79.20150000000001,16.0,-39.67766999999999,-100.0,23.80659,23.806600000000003,0.0,-15.871058999999999,-36.0
1639,event_001639.csv,0.0,39.98524,-96.0,0.0,-100.0,0.0,39.52387,8.0,-39.52387,92.0,118.8792,118.8792,-32.0,-118.8792,-8.0,23.80659,23.806600000000003,0.0,-15.871058999999999,-24.0
1640,event_001640.csv,0.0,39.98524,-96.0,-39.98524,12.0,0.0,79.20153,-64.0,-39.52387,52.0,118.8792,79.20150000000001,148.0,-39.67766999999999,-100.0,23.80659,23.806600000000003,0.0,-15.871058999999999,-52.0
1641,event_001641.csv,0.0,39.98524,-64.0,0.0,-100.0,0.0,39.52387,-32.0,-39.52387,-100.0,118.8792,79.20150000000001,-72.0,-39.67766999999999,-92.0,23.80659,23.806600000000003,0.0,-15.871058999999999,-40.0
1642,event_001642.csv,0.0,39.98524,-96.0,0.0,-100.0,0.0,39.52387,-100.0,-39.52387,-96.0,158.5568,39.5239,8.0,-79.35527,-32.0,23.80659,23.806600000000003,0.0,-7.93553,-40.0
1643,event_001643.csv,0.0,39.98524,-4.0,0.0,-100.0,0.0,39.52387,-28.0,-39.52387,-80.0,118.8792,118.8792,-76.0,-79.35533,-60.0,15.87106,31.742130000000003,0.0,-15.87106,-72.0
1644,event_001644.csv,0.0,39.98524,-96.0,-39.98524,180.0,0.0,39.52387,-64.0,-39.52387,-68.0,158.5568,39.5239,-28.0,-79.35527,124.0,23.80659,23.806600000000003,0.0,-15.871058999999999,20.0
1645,event_001645.csv,0.0,39.98524,-100.0,-39.98524,-28.0,0.0,79.20153,144.0,-39.52387,-52.0,158.5568,39.5239,8.0,-79.35527,-4.0,15.87106,31.742130000000003,0.0,-7.935529,-48.0
1646,event_001646.csv,0.0,39.98524,-92.0,-39.98524,-52.0,0.0,39.52387,-60.0,-39.52387,-88.0,118.8792,79.20150000000001,-28.0,-39.67766999999999,-48.0,23.80659,23.806600000000003,0.0,-23.80659,-40.0
1647,event_001647.csv,0.0,39.98524,-96.0,-39.98524,-84.0,0.0,39.52387,-64.0,-39.52387,-92.0,158.5568,39.5239,-76.0,-119.03293000000001,-8.0,23.80659,23.806600000000003,0.0,-7.93553,-24.0
1648,event_001648.csv,0.0,39.98524,-96.0,0.0,-100.0,0.0,79.20153,-52.0,-39.52387,92.0,118.8792,79.20150000000001,-28.0,-39.67766999999999,-100.0,23.80659,23.806600000000003,0.0,-15.871058999999999,-36.0
1649,event_001649.csv,0.0,39.98524,-88.0,0.0,-100.0,0.0,39.52387,-100.0,-39.52387,12.0,118.8792,158.55679999999998,192.0,-79.35533,168.0,23.80659,23.806600000000003,0.0,-23.80659,192.0
1650,event_001650.csv,0.0,39.98524,-96.0,-39.98524,84.0,0.0,39.52387,-60.0,-39.52387,-48.0,118.8792,118.8792,156.0,-39.67766999999999,48.0,23.80659,23.806600000000003,0.0,-7.93553,-64.0
1651,event_001651.csv,0.0,39.98524,-56.0,-39.98524,176.0,0.0,39.52387,-68.0,-39.52387,-56.0,118.8792,79.20150000000001,-40.0,-39.67766999999999,40.0,23.80659,23.806600000000003,0.0,-15.871058999999999,20.0
1652,event_001652.csv,0.0,39.98524,-72.0,-39.98524,-36.0,0.0,39.52387,-68.0,-39.52387,-24.0,118.8792,79.20150000000001,-40.0,-39.67766999999999,-4.0,23.80659,23.806600000000003,0.0,-7.93553,-80.0
1653,event_001653.csv,0.0,39.98524,-60.0,-39.98524,140.0,0.0,39.52387,-28.0,-39.52387,24.0,158.5568,39.5239,20.0,-119.03293000000001,-20.0,23.80659,23.806600000000003,0.0,-23.80659,-36.0
1654,event_001654.csv,0.0,39.98524,-96.0,-39.98524,-68.0,0.0,39.52387,-16.0,-39.52387,-68.0,118.8792,79.20150000000001,-84.0,-39.67766999999999,-52.0,23.80659,23.806600000000003,0.0,0.0,-100.0
1655,event_001655.csv,0.0,39.98524,-80.0,0.0,-100.0,0.0,39.52387,-76.0,-39.52387,-60.0,138.71800000000002,99.04039999999998,144.0,-59.51647000000001,0.0,23.80659,23.806600000000003,0.0,-15.871058999999999,20.0
1656,event_001656.csv,0.0,39.98524,-56.0,-39.98524,192.0,0.0,39.52387,-36.0,-39.52387,-8.0,118.8792,79.20150000000001,-84.0,-79.35533,-8.0,15.87106,31.742130000000003,0.0,-7.935529,-40.0
1657,event_001657.csv,0.0,39.98524,-80.0,-39.98524,84.0,0.0,39.52387,-32.0,-39.52387,-36.0,118.8792,79.20150000000001,8.0,-39.67766999999999,-36.0,23.80659,23.806600000000003,0.0,-15.871058999999999,4.0
1658,event_001658.csv,0.0,39.98524,-88.0,-39.98524,180.0,0.0,39.52387,-80.0,-39.52387,-36.0,118.8792,118.8792,152.0,-39.67766999999999,-16.0,15.87106,31.742130000000003,0.0,-7.935529,-40.0
1659,event_001659.csv,0.0,39.98524,-92.0,-39.98524,-20.0,0.0,39.52387,-56.0,-39.52387,-60.0,118.8792,118.8792,16.0,-79.35533,-100.0,23.80659,23.806600000000003,0.0,-15.871058999999999,20.0
1660,event_001660.csv,0.0,39.98524,-96.0,-39.98524,92.0,0.0,39.52387,-16.0,-39.52387,-60.0,118.8792,118.8792,-40.0,-79.35533,-20.0,23.80659,23.806600000000003,0.0,-15.871058999999999,-28.0
1661,event_001661.csv,0.0,39.98524,-76.0,0.0,-100.0,0.0,39.52387,-100.0,-39.52387,88.0,138.71800000000002,59.36269999999999,16.0,-59.51647000000001,-20.0,23.80659,23.806600000000003,0.0,-7.93553,-8.0
1662,event_001662.csv,0.0,39.98524,-80.0,-39.98524,-52.0,0.0,39.52387,-56.0,-39.52387,-68.0,118.8792,79.20150000000001,48.0,-79.35533,28.0,23.80659,23.806600000000003,0.0,-15.871058999999999,-28.0
1663,event_001663.csv,0.0,39.98524,-100.0,0.0,-92.0,0.0,39.52387,0.0,-39.52387,-92.0,118.8792,118.8792,80.0,-39.67766999999999,-52.0,23.80659,23.806600000000003,0.0,-23.80659,88.0
1664,event_001664.csv,0.0,39.98524,-68.0,-39.98524,4.0,0.0,39.52387,-64.0,-39.52387,-60.0,118.8792,79.20150000000001,24.0,-39.67766999999999,4.0,23.80659,23.806600000000003,0.0,-7.93553,-28.0
1665,event_001665.csv,0.0,39.98524,-100.0,-39.98524,-24.0,0.0,39.52387,-84.0,-39.52387,72.0,118.8792,79.20150000000001,12.0,-39.67766999999999,-88.0,23.80659,23.806600000000003,0.0,-23.80659,-40.0
1666,event_001666.csv,0.0,39.98524,-92.0,-39.98524,140.0,0.0,39.52387,-32.0,-39.52387,-92.0,158.5568,39.5239,-64.0,-79.35527,-76.0,23.80659,23.806600000000003,0.0,-15.871058999999999,20.0
1667,event_001667.csv,0.0,39.98524,-96.0,-39.98524,12.0,0.0,39.52387,-88.0,-39.52387,-4.0,118.8792,118.8792,16.0,-118.8792,36.0,23.80659,23.806600000000003,0.0,-15.871058999999999,20.0
1668,event_001668.csv,0.0,39.98524,-64.0,0.0,-100.0,0.0,39.52387,-16.0,-39.52387,-36.0,118.8792,79.20150000000001,112.0,-79.35533,132.0,27.77436,19.83883,0.0,-11.903300000000002,-68.0
1669,event_001669.csv,0.0,39.98524,-76.0,-39.98524,-8.0,0.0,39.52387,-52.0,0.0,-100.0,158.5568,39.5239,-28.0,-79.35527,-56.0,23.80659,23.806600000000003,0.0,-7.93553,-80.0
1670,event_001670.csv,0.0,39.98524,-96.0,0.0,-100.0,0.0,39.52387,-80.0,-39.52387,-60.0,118.8792,79.20150000000001,52.0,-39.67766999999999,156.0,23.80659,23.806600000000003,0.0,-15.871058999999999,4.0
1671,event_001671.csv,0.0,39.98524,-80.0,-39.98524,72.0,0.0,39.52387,64.0,-39.52387,-100.0,138.71800000000002,99.04039999999998,200.0,-59.51647000000001,-76.0,23.80659,23.806600000000003,0.0,-15.871058999999999,20.0
1672,event_001672.csv,0.0,39.98524,-96.0,-39.98524,-52.0,0.0,39.52387,-96.0,-39.52387,-76.0,118.8792,118.8792,-80.0,-79.35533,-56.0,23.80659,23.806600000000003,0.0,-23.80659,-28.0
1673,event_001673.csv,0.0,39.98524,-48.0,0.0,-100.0,0.0,39.52387,56.0,-39.52387,-76.0,138.71800000000002,59.36269999999999,96.0,-59.51647000000001,-40.0,23.80659,23.806600000000003,0.0,-15.871058999999999,-8.0
1674,event_001674.csv,0.0,39.98524,-100.0,-39.98524,24.0,0.0,39.52387,-84.0,-39.52387,112.0,118.8792,79.20150000000001,20.0,-39.67766999999999,-64.0,23.80659,23.806600000000003,0.0,-15.871058999999999,-28.0
1675,event_001675.csv,0.0,39.98524,-96.0,-39.98524,40.0,0.0,39.52387,-32.0,-39.52387,-28.0,118.8792,118.8792,12.0,-79.35533,44.0,23.80659,23.806600000000003,0.0,-7.93553,-24.0
1676,event_001676.csv,0.0,39.98524,-96.0,-39.98524,196.0,0.0,39.52387,-96.0,-39.52387,-100.0,118.8792,39.67760000000001,-80.0,-39.67766999999999,-100.0,23.80659,23.806600000000003,0.0,-15.871058999999999,-20.0
1677,event_001677.csv,0.0,39.98524,-100.0,-39.98524,152.0,0.0,39.52387,-52.0,-39.52387,-96.0,118.8792,79.20150000000001,12.0,-79.35533,36.0,23.80659,23.806600000000003,0.0,-15.871058999999999,-40.0
1678,event_001678.csv,0.0,39.98524,-80.0,0.0,-100.0,0.0,79.20153,-64.0,-39.52387,-84.0,158.5568,79.20159999999998,-44.0,-119.03293000000001,-68.0,27.77436,27.77436,0.0,-19.838829,20.0
1679,event_001679.csv,0.0,39.98524,-88.0,0.0,-100.0,0.0,39.52387,-96.0,0.0,-100.0,118.8792,79.20150000000001,8.0,-39.67766999999999,-68.0,23.80659,23.806600000000003,0.0,-15.871058999999999,-36.0
1680,event_001680.csv,0.0,39.98524,-96.0,-39.98524,28.0,0.0,39.52387,-80.0,-39.52387,-92.0,118.8792,79.20150000000001,-28.0,-39.67766999999999,-92.0,15.87106,31.742130000000003,0.0,-7.935529,-28.0
1681,event_001681.csv,0.0,39.98524,-100.0,-39.98524,-44.0,0.0,39.52387,-16.0,-39.52387,-76.0,118.8792,79.20150000000001,92.0,-39.67766999999999,-16.0,31.74213,15.871060000000003,0.0,-23.806599,-52.0
1682,event_001682.csv,0.0,39.98524,-100.0,-39.98524,-28.0,0.0,39.52387,-24.0,-39.52387,-100.0,118.8792,79.20150000000001,92.0,-39.67766999999999,-84.0,23.80659,23.806600000000003,0.0,-15.871058999999999,-28.0
1683,event_001683.csv,0.0,39.98524,-96.0,0.0,-100.0,0.0,39.52387,-56.0,-39.52387,-60.0,118.8792,79.20150000000001,-96.0,-39.67766999999999,12.0,23.80659,23.806600000000003,0.0,-7.93553,20.0
1684,event_001684.csv,0.0,39.98524,-92.0,-39.98524,-4.0,0.0,39.52387,-8.0,-39.52387,-12.0,118.8792,118.8792,48.0,-79.35533,28.0,23.80659,23.806600000000003,0.0,-15.871058999999999,8.0
1685,event_001685.csv,0.0,39.98524,-16.0,-39.98524,68.0,0.0,39.52387,-48.0,-39.52387,52.0,118.8792,79.20150000000001,8.0,-39.67766999999999,-12.0,23.80659,23.806600000000003,0.0,-15.871058999999999,-52.0
1686,event_001686.csv,0.0,39.98524,-68.0,-39.98524,80.0,0.0,39.52387,-84.0,0.0,-100.0,118.8792,79.20150000000001,-28.0,-79.35533,-12.0,23.80659,23.806600000000003,0.0,-7.93553,-40.0
1687,event_001687.csv,0.0,39.98524,-76.0,-39.98524,12.0,0.0,39.52387,-36.0,-39.52387,-96.0,118.8792,79.20150000000001,100.0,-39.67766999999999,-80.0,23.80659,23.806600000000003,0.0,-15.871058999999999,16.0
1688,event_001688.csv,0.0,39.98524,-96.0,-39.98524,-4.0,0.0,39.52387,76.0,-39.52387,-76.0,118.8792,39.67760000000001,-96.0,-39.67766999999999,40.0,23.80659,23.806600000000003,0.0,-7.93553,20.0
1689,event_001689.csv,0.0,39.98524,-68.0,-39.98524,-32.0,0.0,39.52387,-60.0,-39.52387,-72.0,118.8792,79.20150000000001,-40.0,-39.67766999999999,-32.0,15.87106,31.742130000000003,0.0,-15.87106,-40.0
1690,event_001690.csv,0.0,39.98524,-72.0,-39.98524,68.0,0.0,39.52387,-32.0,-39.52387,28.0,118.8792,79.20150000000001,12.0,-39.67766999999999,-12.0,31.74213,15.871060000000003,0.0,-15.87107,20.0
1691,event_001691.csv,0.0,39.98524,-96.0,0.0,-100.0,0.0,39.52387,-88.0,-39.52387,-84.0,118.8792,79.20150000000001,-64.0,-79.35533,40.0,31.74213,15.871060000000003,0.0,-23.806599,28.0
1692,event_001692.csv,0.0,39.98524,-80.0,-39.98524,32.0,0.0,39.52387,-68.0,-39.52387,96.0,118.8792,79.20150000000001,8.0,-39.67766999999999,40.0,23.80659,23.806600000000003,0.0,-7.93553,-64.0
1693,event_001693.csv,0.0,39.98524,-92.0,0.0,-100.0,0.0,39.52387,-52.0,-39.52387,-88.0,118.8792,79.20150000000001,12.0,-39.67766999999999,36.0,27.77436,19.83883,0.0,-11.903300000000002,20.0
1694,event_001694.csv,0.0,39.98524,-92.0,0.0,-100.0,0.0,39.52387,-76.0,-39.52387,-80.0,158.5568,79.20159999999998,20.0,-79.35527,0.0,23.80659,23.806600000000003,0.0,-15.871058999999999,-28.0
1695,event_001695.csv,0.0,39.98524,-96.0,-39.98524,60.0,0.0,39.52387,-72.0,-39.52387,-36.0,118.8792,79.20150000000001,12.0,-39.67766999999999,-100.0,23.80659,23.806600000000003,0.0,-7.93553,16.0
1696,event_001696.csv,0.0,39.98524,-84.0,-39.98524,-12.0,0.0,39.52387,-96.0,-39.52387,28.0,158.5568,39.5239,144.0,-79.35527,-64.0,23.80659,23.806600000000003,0.0,-23.80659,20.0
1697,event_001697.csv,0.0,39.98524,-100.0,-39.98524,-72.0,0.0,39.52387,-92.0,-39.52387,-16.0,118.8792,79.20150000000001,-64.0,-79.35533,152.0,23.80659,23.806600000000003,0.0,-15.871058999999999,-32.0
1698,event_001698.csv,0.0,39.98524,-80.0,-39.98524,-4.0,0.0,39.52387,-80.0,-39.52387,-76.0,118.8792,79.20150000000001,-96.0,-39.67766999999999,-52.0,23.80659,23.806600000000003,0.0,-15.871058999999999,4.0
1699,event_001699.csv,0.0,79.97047,-4.0,-39.98524,200.0,0.0,39.52387,-92.0,-39.52387,-56.0,118.8792,4881.1208,-4.0,0.0,-100.0,-15.87106,111.1282,12.0,-23.806600000000003,-12.0
1700,event_001700.csv,0.0,39.98524,-80.0,-39.98524,-20.0,0.0,39.52387,72.0,-39.52387,-12.0,138.71800000000002,59.36269999999999,16.0,-99.19413000000002,124.0,23.80659,23.806600000000003,0.0,-15.871058999999999,-36.0
1701,event_001701.csv,0.0,39.98524,-80.0,-39.98524,-100.0,0.0,39.52387,0.0,-39.52387,-76.0,118.8792,79.20150000000001,96.0,-79.35533,172.0,23.80659,23.806600000000003,0.0,-15.871058999999999,-52.0
1702,event_001702.csv,0.0,39.98524,-84.0,-39.98524,4.0,0.0,79.20153,-96.0,-39.52387,-12.0,118.8792,79.20150000000001,12.0,-39.67766999999999,-80.0,23.80659,23.806600000000003,0.0,-15.871058999999999,-36.0
1703,event_001703.csv,0.0,39.98524,-96.0,-39.98524,-20.0,0.0,39.52387,-24.0,-39.52387,-100.0,138.71800000000002,99.04039999999998,20.0,-59.51647000000001,-88.0,23.80659,23.806600000000003,0.0,-15.871058999999999,24.0
1704,event_001704.csv,0.0,39.98524,-72.0,-39.98524,76.0,0.0,39.52387,-48.0,-39.52387,-100.0,118.8792,79.20150000000001,68.0,-79.35533,120.0,23.80659,23.806600000000003,0.0,-23.80659,-40.0
1705,event_001705.csv,0.0,39.98524,-88.0,0.0,-100.0,0.0,79.20153,144.0,-39.52387,-100.0,118.8792,79.20150000000001,16.0,-39.67766999999999,-28.0,31.74213,15.871060000000003,0.0,-23.806599,32.0
1706,event_001706.csv,0.0,39.98524,-48.0,-39.98524,-36.0,0.0,39.52387,-80.0,-39.52387,-36.0,118.8792,118.8792,164.0,-79.35533,-88.0,23.80659,23.806600000000003,0.0,-7.93553,-68.0
1707,event_001707.csv,0.0,39.98524,-12.0,-39.98524,-28.0,0.0,39.52387,-96.0,-39.52387,52.0,118.8792,79.20150000000001,60.0,-79.35533,168.0,23.80659,23.806600000000003,0.0,-7.93553,-68.0
1708,event_001708.csv,0.0,39.98524,-80.0,0.0,-100.0,0.0,39.52387,8.0,-39.52387,-84.0,118.8792,39.67760000000001,-96.0,-39.67766999999999,-4.0,31.74213,15.871060000000003,0.0,-15.87107,-20.0
1709,event_001709.csv,0.0,39.98524,-80.0,-39.98524,-52.0,0.0,39.52387,-80.0,-39.52387,-60.0,118.8792,118.8792,64.0,-79.35533,36.0,23.80659,23.806600000000003,0.0,-15.871058999999999,20.0
1710,event_001710.csv,0.0,39.98524,-84.0,-39.98524,-28.0,0.0,39.52387,-96.0,-39.52387,-76.0,118.8792,79.20150000000001,8.0,-39.67766999999999,-80.0,23.80659,23.806600000000003,0.0,-15.871058999999999,-40.0
1711,event_001711.csv,0.0,39.98524,-72.0,0.0,-100.0,0.0,39.52387,-72.0,-39.52387,-92.0,138.71800000000002,99.04039999999998,152.0,-59.51647000000001,0.0,23.80659,23.806600000000003,0.0,-7.93553,-52.0
1712,event_001712.csv,0.0,39.98524,16.0,0.0,-100.0,0.0,39.52387,-68.0,-39.52387,60.0,118.8792,79.20150000000001,16.0,-39.67766999999999,-60.0,23.80659,23.806600000000003,0.0,-15.871058999999999,8.0
1713,event_001713.csv,0.0,39.98524,-88.0,-39.98524,-16.0,0.0,39.52387,-96.0,-39.52387,-68.0,138.71800000000002,99.04039999999998,140.0,-59.51647000000001,-44.0,23.80659,23.806600000000003,0.0,-7.93553,-36.0
1714,event_001714.csv,0.0,39.98524,-96.0,-39.98524,-36.0,0.0,39.52387,-96.0,-39.52387,-68.0,158.5568,39.5239,-28.0,-79.35527,-20.0,23.80659,23.806600000000003,0.0,-15.871058999999999,-40.0
1715,event_001715.csv,0.0,39.98524,-80.0,-39.98524,-92.0,0.0,39.52387,96.0,-39.52387,-84.0,118.8792,79.20150000000001,8.0,-79.35533,32.0,23.80659,23.806600000000003,0.0,-15.871058999999999,24.0
1716,event_001716.csv,0.0,39.98524,-88.0,0.0,-100.0,0.0,39.52387,-44.0,-39.52387,-20.0,118.8792,118.8792,200.0,-79.35533,172.0,23.80659,23.806600000000003,0.0,-15.871058999999999,-40.0
1717,event_001717.csv,0.0,39.98524,-72.0,0.0,-100.0,0.0,39.52387,-88.0,-39.52387,-92.0,118.8792,79.20150000000001,12.0,-39.67766999999999,-68.0,23.80659,23.806600000000003,0.0,-23.80659,20.0
1718,event_001718.csv,0.0,39.98524,-84.0,-39.98524,-96.0,0.0,39.52387,-44.0,-39.52387,36.0,118.8792,79.20150000000001,-40.0,-39.67766999999999,-4.0,23.80659,23.806600000000003,0.0,-7.93553,-64.0
1719,event_001719.csv,0.0,39.98524,-96.0,-39.98524,-84.0,0.0,39.52387,184.0,-39.52387,76.0,118.8792,79.20150000000001,96.0,-39.67766999999999,-100.0,23.80659,23.806600000000003,0.0,-7.93553,-60.0
1720,event_001720.csv,0.0,39.98524,-96.0,0.0,-100.0,0.0,39.52387,-80.0,-39.52387,60.0,118.8792,79.20150000000001,144.0,-39.67766999999999,-20.0,23.80659,23.806600000000003,0.0,-15.871058999999999,20.0
1721,event_001721.csv,0.0,39.98524,-60.0,-39.98524,-32.0,0.0,39.52387,-36.0,-39.52387,72.0,158.5568,0.0,-92.0,-79.35527,-16.0,23.80659,23.806600000000003,0.0,-15.871058999999999,20.0
1722,event_001722.csv,0.0,39.98524,-100.0,0.0,-96.0,0.0,39.52387,4.0,-39.52387,-72.0,118.8792,118.8792,200.0,-39.67766999999999,-100.0,31.74213,15.871060000000003,0.0,-23.806599,-24.0
1723,event_001723.csv,0.0,39.98524,-92.0,-39.98524,96.0,0.0,39.52387,-100.0,-39.52387,24.0,118.8792,79.20150000000001,-28.0,-39.67766999999999,-100.0,23.80659,23.806600000000003,0.0,-7.93553,-96.0
1724,event_001724.csv,0.0,39.98524,-92.0,-39.98524,24.0,0.0,39.52387,-100.0,-39.52387,-96.0,158.5568,39.5239,-80.0,-79.35527,-56.0,23.80659,23.806600000000003,0.0,-15.871058999999999,-40.0
1725,event_001725.csv,0.0,39.98524,-100.0,-39.98524,104.0,0.0,39.52387,-96.0,-39.52387,36.0,118.8792,79.20150000000001,12.0,-39.67766999999999,-56.0,23.80659,23.806600000000003,0.0,-7.93553,-48.0
1726,event_001726.csv,0.0,39.98524,-100.0,0.0,-92.0,0.0,39.52387,-88.0,-39.52387,-76.0,118.8792,79.20150000000001,-40.0,-39.67766999999999,-60.0,23.80659,23.806600000000003,0.0,-23.80659,20.0
1727,event_001727.csv,0.0,39.98524,-84.0,-39.98524,40.0,0.0,39.52387,-76.0,-39.52387,-64.0,118.8792,79.20150000000001,60.0,-79.35533,24.0,23.80659,23.806600000000003,0.0,-7.93553,24.0
1728,event_001728.csv,0.0,39.98524,-100.0,-39.98524,80.0,0.0,39.52387,-96.0,-39.52387,-88.0,118.8792,79.20150000000001,8.0,-79.35533,36.0,23.80659,23.806600000000003,0.0,-15.871058999999999,-40.0
1729,event_001729.csv,0.0,39.98524,-56.0,-39.98524,-20.0,0.0,39.52387,-72.0,-39.52387,-12.0,118.8792,118.8792,8.0,-39.67766999999999,-12.0,23.80659,23.806600000000003,0.0,-15.871058999999999,-52.0
1730,event_001730.csv,0.0,39.98524,-88.0,-39.98524,16.0,0.0,39.52387,-20.0,-39.52387,-32.0,118.8792,79.20150000000001,72.0,-39.67766999999999,-96.0,23.80659,23.806600000000003,0.0,-15.871058999999999,-48.0
1731,event_001731.csv,0.0,39.98524,-84.0,-39.98524,72.0,0.0,39.52387,52.0,-39.52387,104.0,118.8792,79.20150000000001,16.0,-39.67766999999999,-12.0,23.80659,23.806600000000003,0.0,-15.871058999999999,20.0
1732,event_001732.csv,0.0,39.98524,-100.0,0.0,-96.0,0.0,39.52387,-68.0,-39.52387,-72.0,118.8792,79.20150000000001,-56.0,-39.67766999999999,-92.0,27.77436,19.83883,0.0,-11.903300000000002,-40.0
1733,event_001733.csv,0.0,39.98524,-76.0,-39.98524,24.0,0.0,79.20153,-12.0,-39.52387,-48.0,118.8792,79.20150000000001,-36.0,-79.35533,172.0,23.80659,23.806600000000003,0.0,-7.93553,-36.0
1734,event_001734.csv,0.0,39.98524,-96.0,0.0,-100.0,0.0,39.52387,-40.0,-39.52387,-60.0,158.5568,39.5239,-76.0,-119.03293000000001,32.0,23.80659,23.806600000000003,0.0,-15.871058999999999,24.0
1735,event_001735.csv,0.0,39.98524,-48.0,-39.98524,188.0,0.0,39.52387,-56.0,-39.52387,-52.0,118.8792,79.20150000000001,16.0,-79.35533,-4.0,23.80659,23.806600000000003,0.0,-15.871058999999999,20.0
1736,event_001736.csv,0.0,39.98524,-12.0,-39.98524,-56.0,0.0,39.52387,-88.0,-39.52387,36.0,118.8792,79.20150000000001,64.0,-39.67766999999999,-88.0,23.80659,23.806600000000003,0.0,-7.93553,-4.0
1737,event_001737.csv,0.0,39.98524,-80.0,0.0,-100.0,0.0,39.52387,-72.0,-39.52387,-92.0,118.8792,79.20150000000001,16.0,-39.67766999999999,-20.0,31.74213,15.871060000000003,0.0,-15.87107,-48.0
1738,event_001738.csv,0.0,39.98524,-52.0,0.0,-100.0,0.0,39.52387,-48.0,-39.52387,8.0,118.8792,79.20150000000001,56.0,-39.67766999999999,32.0,23.80659,23.806600000000003,0.0,-23.80659,4.0
1739,event_001739.csv,0.0,39.98524,-96.0,-39.98524,84.0,0.0,39.52387,-56.0,-39.52387,76.0,118.8792,39.67760000000001,-100.0,-39.67766999999999,-16.0,23.80659,23.806600000000003,0.0,-7.93553,-20.0
1740,event_001740.csv,0.0,39.98524,-100.0,0.0,-96.0,0.0,39.52387,-96.0,0.0,-100.0,118.8792,79.20150000000001,8.0,-39.67766999999999,-96.0,23.80659,23.806600000000003,0.0,-23.80659,20.0
1741,event_001741.csv,0.0,39.98524,-100.0,0.0,-96.0,0.0,39.52387,60.0,-39.52387,-84.0,118.8792,118.8792,-80.0,-118.8792,-96.0,23.80659,23.806600000000003,0.0,-23.80659,-68.0
1742,event_001742.csv,0.0,39.98524,-80.0,0.0,-100.0,0.0,39.52387,-56.0,-39.52387,124.0,118.8792,79.20150000000001,-64.0,-79.35533,120.0,23.80659,23.806600000000003,0.0,-15.871058999999999,20.0
1743,event_001743.csv,0.0,39.98524,-76.0,0.0,-100.0,0.0,39.52387,-76.0,-39.52387,40.0,158.5568,79.20159999999998,104.0,-79.35527,-72.0,23.80659,23.806600000000003,0.0,-15.871058999999999,-24.0
1744,event_001744.csv,0.0,39.98524,-72.0,-39.98524,-28.0,0.0,39.52387,-16.0,-39.52387,-100.0,158.5568,39.5239,-88.0,-79.35527,-60.0,23.80659,23.806600000000003,0.0,-15.871058999999999,-36.0
1745,event_001745.csv,0.0,39.98524,-72.0,-39.98524,-76.0,0.0,39.52387,-76.0,-39.52387,-84.0,118.8792,79.20150000000001,12.0,-39.67766999999999,-20.0,23.80659,23.806600000000003,0.0,-15.871058999999999,-40.0
1746,event_001746.csv,0.0,39.98524,-32.0,-39.98524,12.0,0.0,39.52387,-96.0,-39.52387,-28.0,118.8792,79.20150000000001,24.0,-79.35533,-8.0,23.80659,23.806600000000003,0.0,-15.871058999999999,20.0
1747,event_001747.csv,0.0,39.98524,-96.0,-39.98524,-68.0,0.0,39.52387,-64.0,-39.52387,-84.0,118.8792,39.67760000000001,-96.0,-39.67766999999999,-4.0,23.80659,23.806600000000003,0.0,-7.93553,-20.0
1748,event_001748.csv,0.0,39.98524,-96.0,-39.98524,92.0,0.0,39.52387,-100.0,-39.52387,-4.0,118.8792,79.20150000000001,-40.0,-39.67766999999999,-56.0,23.80659,23.806600000000003,0.0,-15.871058999999999,-40.0
1749,event_001749.csv,0.0,39.98524,-72.0,-39.98524,-20.0,0.0,39.52387,-8.0,-39.52387,-76.0,118.8792,39.67760000000001,-96.0,-39.67766999999999,-36.0,23.80659,23.806600000000003,0.0,-7.93553,52.0
1750,event_001750.csv,0.0,39.98524,-96.0,-39.98524,0.0,0.0,39.52387,-96.0,-39.52387,-52.0,118.8792,79.20150000000001,-40.0,-39.67766999999999,-12.0,23.80659,23.806600000000003,0.0,-15.871058999999999,-40.0
1751,event_001751.csv,0.0,39.98524,-80.0,-39.98524,12.0,0.0,39.52387,-56.0,-39.52387,100.0,118.8792,118.8792,160.0,-79.35533,76.0,23.80659,23.806600000000003,0.0,-7.93553,-92.0
1752,event_001752.csv,0.0,39.98524,-96.0,-39.98524,-52.0,0.0,39.52387,-40.0,-39.52387,20.0,118.8792,79.20150000000001,-28.0,-39.67766999999999,-12.0,23.80659,23.806600000000003,0.0,-15.871058999999999,-40.0
1753,event_001753.csv,0.0,39.98524,-44.0,0.0,-100.0,0.0,39.52387,-72.0,-39.52387,-68.0,118.8792,79.20150000000001,8.0,-79.35533,40.0,23.80659,23.806600000000003,0.0,-15.871058999999999,24.0
1754,event_001754.csv,0.0,39.98524,-88.0,0.0,-100.0,0.0,39.52387,-24.0,-39.52387,-20.0,158.5568,277.4361,12.0,-79.35527,124.0,23.80659,23.806600000000003,0.0,-15.871058999999999,-52.0
1755,event_001755.csv,0.0,39.98524,-44.0,0.0,-100.0,0.0,39.52387,-100.0,-39.52387,-56.0,118.8792,79.20150000000001,8.0,-39.67766999999999,-8.0,23.80659,23.806600000000003,0.0,-15.871058999999999,-48.0
1756,event_001756.csv,0.0,39.98524,-24.0,-39.98524,108.0,0.0,39.52387,-72.0,-39.52387,-28.0,118.8792,317.1137,0.0,-39.67766999999999,-100.0,31.74213,15.871060000000003,0.0,-15.87107,-36.0
1757,event_001757.csv,0.0,39.98524,-88.0,-39.98524,20.0,0.0,39.52387,-96.0,-39.52387,-20.0,158.5568,39.5239,-56.0,-79.35527,-4.0,23.80659,23.806600000000003,0.0,-15.871058999999999,-52.0
1758,event_001758.csv,0.0,39.98524,-76.0,-39.98524,-100.0,0.0,39.52387,-56.0,-39.52387,-68.0,118.8792,79.20150000000001,32.0,-39.67766999999999,-52.0,23.80659,23.806600000000003,0.0,-7.93553,-40.0
1759,event_001759.csv,0.0,39.98524,-96.0,-39.98524,-100.0,0.0,39.52387,-96.0,-39.52387,-100.0,118.8792,118.8792,8.0,-79.35533,-12.0,31.74213,23.806590000000003,44.0,-15.87107,-36.0
1760,event_001760.csv,0.0,39.98524,-68.0,-39.98524,-8.0,0.0,39.52387,-12.0,-39.52387,-96.0,118.8792,79.20150000000001,60.0,-39.67766999999999,-12.0,23.80659,23.806600000000003,0.0,-15.871058999999999,-40.0
1761,event_001761.csv,0.0,39.98524,-96.0,-39.98524,28.0,0.0,39.52387,-40.0,-39.52387,20.0,118.8792,79.20150000000001,-64.0,-39.67766999999999,-92.0,23.80659,23.806600000000003,0.0,-7.93553,-68.0
1762,event_001762.csv,0.0,39.98524,-100.0,-39.98524,40.0,0.0,118.8792,100.0,-39.52387,-48.0,118.8792,79.20150000000001,-28.0,-79.35533,120.0,15.87106,31.742130000000003,0.0,-15.87106,-36.0
1763,event_001763.csv,0.0,39.98524,-96.0,-39.98524,-20.0,0.0,39.52387,-72.0,-39.52387,-48.0,158.5568,39.5239,16.0,-79.35527,-92.0,23.80659,23.806600000000003,0.0,-7.93553,-64.0
1764,event_001764.csv,0.0,39.98524,-96.0,0.0,-100.0,0.0,39.52387,-64.0,-39.52387,20.0,118.8792,79.20150000000001,52.0,-39.67766999999999,-88.0,23.80659,23.806600000000003,0.0,-15.871058999999999,-40.0
1765,event_001765.csv,0.0,39.98524,-92.0,-39.98524,-44.0,0.0,39.52387,-88.0,-39.52387,84.0,158.5568,79.20159999999998,16.0,-39.67760000000001,-100.0,23.80659,23.806600000000003,0.0,-15.871058999999999,20.0
1766,event_001766.csv,0.0,39.98524,-52.0,-39.98524,-28.0,0.0,79.20153,96.0,-39.52387,-76.0,118.8792,79.20150000000001,-40.0,-39.67766999999999,-4.0,23.80659,23.806600000000003,0.0,-7.93553,-92.0
1767,event_001767.csv,0.0,39.98524,-96.0,0.0,-100.0,0.0,39.52387,-68.0,-39.52387,-88.0,118.8792,79.20150000000001,168.0,-39.67766999999999,-96.0,23.80659,23.806600000000003,0.0,-15.871058999999999,20.0
1768,event_001768.csv,0.0,39.98524,-76.0,0.0,-100.0,0.0,39.52387,-100.0,-39.52387,-72.0,118.8792,79.20150000000001,-28.0,-39.67766999999999,-88.0,23.80659,23.806600000000003,0.0,-15.871058999999999,-24.0
1769,event_001769.csv,0.0,39.98524,-36.0,-39.98524,-40.0,0.0,39.52387,52.0,-39.52387,-96.0,118.8792,118.8792,4.0,-79.35533,-12.0,23.80659,23.806600000000003,0.0,-23.80659,16.0
1770,event_001770.csv,0.0,39.98524,-72.0,0.0,-100.0,0.0,39.52387,-80.0,-39.52387,-20.0,118.8792,79.20150000000001,56.0,-39.67766999999999,-88.0,15.87106,31.742130000000003,0.0,-7.935529,-92.0
1771,event_001771.csv,0.0,39.98524,-100.0,0.0,-96.0,0.0,39.52387,-76.0,-39.52387,8.0,118.8792,79.20150000000001,-84.0,-39.67766999999999,-44.0,23.80659,23.806600000000003,0.0,-15.871058999999999,-40.0
1772,event_001772.csv,0.0,39.98524,-92.0,-39.98524,72.0,0.0,39.52387,-52.0,-39.52387,-32.0,118.8792,79.20150000000001,-76.0,-39.67766999999999,-8.0,23.80659,23.806600000000003,0.0,-15.871058999999999,-40.0
1773,event_001773.csv,0.0,39.98524,-84.0,-39.98524,-96.0,0.0,39.52387,-100.0,-39.52387,-80.0,158.5568,39.5239,20.0,-79.35527,-32.0,31.74213,15.871060000000003,0.0,-15.87107,-48.0
1774,event_001774.csv,0.0,39.98524,-84.0,-39.98524,12.0,0.0,39.52387,-40.0,-39.52387,12.0,158.5568,39.5239,64.0,-79.35527,32.0,23.80659,23.806600000000003,0.0,-7.93553,-84.0
1775,event_001775.csv,0.0,79.97047,36.0,0.0,-92.0,0.0,39.52387,-84.0,-39.52387,-16.0,158.5568,118.87919999999997,16.0,-158.5568,-8.0,23.80659,23.806600000000003,0.0,-23.80659,24.0
1776,event_001776.csv,0.0,39.98524,-100.0,-39.98524,80.0,0.0,39.52387,-44.0,-39.52387,-72.0,118.8792,79.20150000000001,12.0,-39.67766999999999,-4.0,23.80659,23.806600000000003,0.0,-15.871058999999999,-36.0
1777,event_001777.csv,0.0,39.98524,-96.0,-39.98524,12.0,0.0,39.52387,-100.0,-39.52387,-44.0,118.8792,79.20150000000001,20.0,-39.67766999999999,-96.0,31.74213,15.871060000000003,0.0,-23.806599,-48.0
1778,event_001778.csv,0.0,39.98524,-88.0,0.0,-100.0,0.0,79.20153,96.0,-39.52387,28.0,118.8792,79.20150000000001,8.0,-39.67766999999999,-76.0,23.80659,23.806600000000003,0.0,-15.871058999999999,20.0
1779,event_001779.csv,0.0,39.98524,-92.0,-39.98524,168.0,0.0,39.52387,-28.0,-39.52387,-80.0,118.8792,79.20150000000001,-84.0,-79.35533,-8.0,15.87106,31.742130000000003,0.0,-15.87106,-24.0
1780,event_001780.csv,0.0,39.98524,-40.0,0.0,-100.0,0.0,39.52387,-80.0,-39.52387,-84.0,118.8792,118.8792,64.0,-79.35533,40.0,23.80659,23.806600000000003,0.0,-15.871058999999999,24.0
1781,event_001781.csv,0.0,39.98524,-88.0,-39.98524,-52.0,0.0,39.52387,-88.0,-39.52387,84.0,158.5568,39.5239,-28.0,-79.35527,-12.0,23.80659,23.806600000000003,0.0,-15.871058999999999,-40.0
1782,event_001782.csv,0.0,39.98524,-72.0,-39.98524,-92.0,0.0,39.52387,-32.0,-39.52387,-20.0,118.8792,118.8792,8.0,-118.8792,36.0,23.80659,23.806600000000003,0.0,-15.871058999999999,16.0
1783,event_001783.csv,0.0,39.98524,-88.0,0.0,-100.0,0.0,39.52387,-56.0,-39.52387,-100.0,118.8792,118.8792,160.0,-39.67766999999999,44.0,23.80659,23.806600000000003,0.0,-15.871058999999999,28.0
1784,event_001784.csv,0.0,39.98524,-80.0,-39.98524,-24.0,0.0,39.52387,-44.0,-39.52387,-80.0,158.5568,39.5239,-28.0,-79.35527,-76.0,23.80659,23.806600000000003,0.0,-15.871058999999999,-40.0
1785,event_001785.csv,0.0,39.98524,-92.0,-39.98524,-60.0,0.0,39.52387,-96.0,-39.52387,-4.0,118.8792,118.8792,-40.0,-39.67766999999999,-20.0,31.74213,15.871060000000003,0.0,-15.87107,-40.0
1786,event_001786.csv,0.0,39.98524,-92.0,-39.98524,96.0,0.0,39.52387,-76.0,-39.52387,-8.0,158.5568,39.5239,-88.0,-79.35527,-76.0,23.80659,23.806600000000003,0.0,-15.871058999999999,-40.0
1787,event_001787.csv,0.0,39.98524,-80.0,0.0,-100.0,0.0,39.52387,-96.0,-39.52387,-100.0,118.8792,79.20150000000001,8.0,-39.67766999999999,-64.0,23.80659,23.806600000000003,0.0,-15.871058999999999,-76.0
1788,event_001788.csv,0.0,39.98524,-92.0,0.0,-100.0,0.0,79.20153,-48.0,-39.52387,-100.0,118.8792,79.20150000000001,-56.0,-79.35533,40.0,23.80659,23.806600000000003,0.0,-7.93553,-80.0
1789,event_001789.csv,0.0,39.98524,-96.0,-39.98524,-36.0,0.0,39.52387,-64.0,-39.52387,-60.0,118.8792,79.20150000000001,144.0,-79.35533,124.0,23.80659,23.806600000000003,0.0,-7.93553,-60.0
1790,event_001790.csv,0.0,39.98524,-64.0,0.0,-100.0,0.0,39.52387,-64.0,-39.52387,-76.0,118.8792,79.20150000000001,16.0,-79.35533,36.0,23.80659,23.806600000000003,0.0,-7.93553,-4.0
1791,event_001791.csv,0.0,39.98524,-48.0,-39.98524,-40.0,0.0,39.52387,-80.0,-39.52387,-92.0,158.5568,39.5239,-72.0,-79.35527,124.0,23.80659,23.806600000000003,0.0,-15.871058999999999,-40.0
1792,event_001792.csv,0.0,39.98524,-80.0,-39.98524,148.0,0.0,39.52387,-96.0,-39.52387,-84.0,118.8792,79.20150000000001,16.0,-79.35533,180.0,23.80659,23.806600000000003,0.0,-7.93553,16.0
1793,event_001793.csv,0.0,39.98524,-92.0,-39.98524,-16.0,0.0,39.52387,-100.0,-39.52387,-88.0,118.8792,79.20150000000001,144.0,-79.35533,124.0,23.80659,23.806600000000003,0.0,-15.871058999999999,-40.0
1794,event_001794.csv,0.0,39.98524,-32.0,-39.98524,180.0,0.0,39.52387,-56.0,-39.52387,0.0,118.8792,79.20150000000001,8.0,-79.35533,36.0,23.80659,23.806600000000003,0.0,-7.93553,16.0
1795,event_001795.csv,0.0,39.98524,-68.0,0.0,-100.0,0.0,39.52387,-32.0,-39.52387,-68.0,118.8792,79.20150000000001,76.0,-79.35533,100.0,23.80659,31.742130000000003,0.0,-15.871058999999999,-36.0
1796,event_001796.csv,0.0,39.98524,-88.0,0.0,-100.0,0.0,39.52387,-100.0,-39.52387,-96.0,118.8792,79.20150000000001,-72.0,-39.67766999999999,-68.0,23.80659,23.806600000000003,0.0,-15.871058999999999,-36.0
1797,event_001797.csv,0.0,39.98524,-96.0,-39.98524,156.0,0.0,39.52387,-96.0,-39.52387,-84.0,118.8792,79.20150000000001,8.0,-79.35533,-8.0,31.74213,15.871060000000003,0.0,-15.87107,-36.0
1798,event_001798.csv,0.0,39.98524,-92.0,0.0,-100.0,0.0,39.52387,-44.0,-39.52387,8.0,158.5568,79.20159999999998,-28.0,-79.35527,176.0,23.80659,23.806600000000003,0.0,-15.871058999999999,-36.0
1799,event_001799.csv,0.0,39.98524,-92.0,-39.98524,-52.0,0.0,39.52387,-88.0,-39.52387,-92.0,118.8792,79.20150000000001,16.0,-39.67766999999999,-20.0,23.80659,23.806600000000003,0.0,-23.80659,20.0
1800,event_001800.csv,0.0,39.98524,-72.0,-39.98524,32.0,0.0,39.52387,-52.0,-39.52387,-72.0,158.5568,79.20159999999998,60.0,-119.03293000000001,32.0,15.87106,31.742130000000003,0.0,-15.87106,-28.0
1801,event_001801.csv,0.0,39.98524,-88.0,-39.98524,100.0,0.0,39.52387,-96.0,-39.52387,-100.0,138.71800000000002,99.04039999999998,4.0,-138.71800000000002,36.0,23.80659,23.806600000000003,0.0,-15.871058999999999,-36.0
1802,event_001802.csv,0.0,2599.963,4.0,-39.98524,-40.0,0.0,39.52387,-84.0,-39.52387,-96.0,118.8792,4881.1208,-4.0,0.0,-100.0,-7.935531,214.351631,12.0,-47.613189000000006,-8.0
1803,event_001803.csv,0.0,39.98524,-100.0,0.0,-96.0,0.0,39.52387,-56.0,-39.52387,20.0,118.8792,118.8792,16.0,-79.35533,76.0,23.80659,23.806600000000003,0.0,-15.871058999999999,28.0
1804,event_001804.csv,0.0,39.98524,-76.0,0.0,-100.0,0.0,39.52387,-100.0,-39.52387,-48.0,118.8792,79.20150000000001,100.0,-79.35533,116.0,23.80659,23.806600000000003,0.0,-15.871058999999999,-40.0
1805,event_001805.csv,0.0,39.98524,-80.0,-39.98524,-44.0,0.0,39.52387,-96.0,-39.52387,36.0,118.8792,79.20150000000001,-100.0,-39.67766999999999,32.0,23.80659,23.806600000000003,0.0,-15.871058999999999,-48.0
1806,event_001806.csv,0.0,39.98524,-96.0,0.0,-100.0,0.0,39.52387,20.0,-39.52387,-40.0,118.8792,79.20150000000001,-72.0,-39.67766999999999,-56.0,23.80659,23.806600000000003,0.0,-15.871058999999999,-40.0
1807,event_001807.csv,0.0,39.98524,-92.0,-39.98524,-48.0,0.0,39.52387,-12.0,-39.52387,-48.0,158.5568,39.5239,136.0,-79.35527,-100.0,23.80659,23.806600000000003,0.0,-7.93553,-8.0
1808,event_001808.csv,0.0,39.98524,-100.0,-39.98524,-4.0,39.52387,0.0,-100.0,-79.04774,32.0,118.8792,79.20150000000001,52.0,-39.67766999999999,-12.0,23.80659,23.806600000000003,0.0,-15.871058999999999,-52.0
1809,event_001809.csv,0.0,39.98524,-96.0,-39.98524,-88.0,0.0,39.52387,-84.0,-39.52387,-100.0,118.8792,79.20150000000001,-36.0,-39.67766999999999,-12.0,23.80659,23.806600000000003,0.0,-15.871058999999999,-40.0
1810,event_001810.csv,0.0,39.98524,-100.0,-39.98524,-32.0,0.0,39.52387,-100.0,-39.52387,-40.0,118.8792,79.20150000000001,12.0,-79.35533,44.0,31.74213,15.871060000000003,0.0,-15.87107,16.0
1811,event_001811.csv,0.0,39.98524,-100.0,-39.98524,-72.0,0.0,39.52387,-100.0,-39.52387,8.0,118.8792,79.20150000000001,56.0,-39.67766999999999,-8.0,23.80659,23.806600000000003,0.0,-15.871058999999999,-52.0
1812,event_001812.csv,0.0,1719.98,8.0,0.0,-100.0,0.0,3133.458,8.0,-39.52387,-84.0,158.5568,4841.4432,0.0,-119.03293000000001,-20.0,7.935531,95.257169,12.0,-23.806591,-8.0
1813,event_001813.csv,0.0,39.98524,-100.0,-39.98524,124.0,0.0,39.52387,-96.0,-39.52387,-84.0,118.8792,79.20150000000001,12.0,-79.35533,40.0,23.80659,23.806600000000003,0.0,-15.871058999999999,28.0
1814,event_001814.csv,0.0,39.98524,-60.0,-39.98524,-64.0,0.0,39.52387,-100.0,-39.52387,128.0,158.5568,118.87919999999997,-84.0,-79.35527,-100.0,19.838825,27.774365000000003,0.0,-11.903293999999999,-52.0
1815,event_001815.csv,0.0,39.98524,-96.0,-39.98524,60.0,0.0,39.52387,-72.0,-39.52387,-20.0,118.8792,79.20150000000001,20.0,-79.35533,40.0,27.77436,19.83883,0.0,-11.903300000000002,-52.0
1816,event_001816.csv,0.0,39.98524,-100.0,0.0,-96.0,0.0,39.52387,-96.0,-39.52387,76.0,118.8792,79.20150000000001,40.0,-39.67766999999999,-76.0,23.80659,23.806600000000003,0.0,-15.871058999999999,-48.0
1817,event_001817.csv,0.0,39.98524,-56.0,0.0,-100.0,0.0,39.52387,-84.0,-39.52387,-92.0,118.8792,79.20150000000001,-40.0,-39.67766999999999,-12.0,15.87106,31.742130000000003,0.0,-7.935529,-52.0
1818,event_001818.csv,0.0,39.98524,-96.0,-39.98524,28.0,0.0,39.52387,-4.0,-39.52387,-60.0,118.8792,79.20150000000001,144.0,-39.67766999999999,-84.0,23.80659,23.806600000000003,0.0,-15.871058999999999,20.0
1819,event_001819.csv,0.0,39.98524,-92.0,-39.98524,48.0,0.0,39.52387,12.0,-39.52387,-40.0,158.5568,79.20159999999998,100.0,-119.03293000000001,80.0,23.80659,23.806600000000003,0.0,-15.871058999999999,16.0
1820,event_001820.csv,0.0,39.98524,-60.0,0.0,-100.0,0.0,39.52387,-100.0,-39.52387,-80.0,118.8792,79.20150000000001,-48.0,-79.35533,32.0,27.77436,19.83883,0.0,-11.903300000000002,-8.0
1821,event_001821.csv,0.0,39.98524,-44.0,-39.98524,-52.0,0.0,39.52387,56.0,-39.52387,-84.0,118.8792,79.20150000000001,16.0,-79.35533,172.0,23.80659,23.806600000000003,0.0,-15.871058999999999,20.0
1822,event_001822.csv,0.0,39.98524,-68.0,-39.98524,56.0,0.0,39.52387,-84.0,-39.52387,24.0,118.8792,118.8792,60.0,-39.67766999999999,84.0,23.80659,23.806600000000003,0.0,-15.871058999999999,16.0
1823,event_001823.csv,0.0,39.98524,-88.0,-39.98524,-16.0,0.0,39.52387,-100.0,-39.52387,-28.0,118.8792,118.8792,16.0,-79.35533,-4.0,31.74213,15.871060000000003,0.0,-31.74213,20.0
1824,event_001824.csv,0.0,39.98524,-96.0,-39.98524,-60.0,0.0,39.52387,-88.0,-39.52387,-28.0,118.8792,79.20150000000001,-16.0,-79.35533,124.0,23.80659,23.806600000000003,0.0,-23.80659,-36.0
1825,event_001825.csv,0.0,39.98524,-92.0,-39.98524,-88.0,0.0,39.52387,36.0,-39.52387,-80.0,118.8792,118.8792,12.0,-79.35533,-8.0,15.87106,31.742130000000003,0.0,-15.87106,-64.0
1826,event_001826.csv,0.0,39.98524,-96.0,-39.98524,52.0,0.0,39.52387,-88.0,-39.52387,-36.0,118.8792,79.20150000000001,8.0,-79.35533,-12.0,23.80659,23.806600000000003,0.0,-7.93553,-68.0
1827,event_001827.csv,0.0,39.98524,-100.0,-39.98524,84.0,0.0,39.52387,-96.0,-39.52387,108.0,118.8792,79.20150000000001,-40.0,-79.35533,-64.0,31.74213,15.871060000000003,0.0,-23.806599,-36.0
1828,event_001828.csv,0.0,39.98524,-84.0,0.0,-100.0,0.0,39.52387,-76.0,-39.52387,-56.0,118.8792,79.20150000000001,-40.0,-39.67766999999999,-4.0,23.80659,23.806600000000003,0.0,-15.871058999999999,-40.0
1829,event_001829.csv,0.0,39.98524,-68.0,-39.98524,-28.0,0.0,39.52387,-56.0,-39.52387,-72.0,118.8792,79.20150000000001,8.0,0.0,-92.0,23.80659,23.806600000000003,0.0,-7.93553,-36.0
1830,event_001830.csv,0.0,39.98524,-92.0,0.0,-100.0,0.0,39.52387,-80.0,-39.52387,-100.0,118.8792,79.20150000000001,-28.0,-39.67766999999999,-12.0,23.80659,23.806600000000003,0.0,-7.93553,-52.0
1831,event_001831.csv,0.0,39.98524,-84.0,-39.98524,-36.0,0.0,39.52387,-92.0,-39.52387,-48.0,158.5568,79.20159999999998,12.0,-79.35527,-96.0,23.80659,23.806600000000003,0.0,-7.93553,-52.0
1832,event_001832.csv,0.0,39.98524,-96.0,-39.98524,-60.0,0.0,39.52387,-80.0,-39.52387,-92.0,118.8792,79.20150000000001,-84.0,-79.35533,48.0,23.80659,31.742130000000003,12.0,-15.871058999999999,36.0
1833,event_001833.csv,0.0,39.98524,-12.0,-39.98524,-96.0,0.0,39.52387,-92.0,-39.52387,-40.0,158.5568,39.5239,-76.0,-79.35527,-8.0,23.80659,23.806600000000003,0.0,-15.871058999999999,20.0
1834,event_001834.csv,0.0,39.98524,-92.0,-39.98524,12.0,0.0,39.52387,-56.0,-39.52387,-100.0,118.8792,79.20150000000001,-76.0,-39.67766999999999,-52.0,23.80659,23.806600000000003,0.0,-7.93553,-16.0
1835,event_001835.csv,0.0,39.98524,-96.0,-39.98524,-28.0,0.0,79.20153,-32.0,-39.52387,-100.0,118.8792,79.20150000000001,-64.0,-39.67766999999999,-84.0,23.80659,23.806600000000003,0.0,-15.871058999999999,-60.0
1836,event_001836.csv,0.0,39.98524,-48.0,-39.98524,4.0,0.0,39.52387,-96.0,-39.52387,-80.0,118.8792,79.20150000000001,-92.0,-39.67766999999999,-68.0,31.74213,15.871060000000003,0.0,-15.87107,12.0
1837,event_001837.csv,0.0,39.98524,-100.0,0.0,-96.0,0.0,39.52387,-68.0,-39.52387,-24.0,118.8792,118.8792,156.0,-39.67766999999999,-56.0,23.80659,23.806600000000003,0.0,-15.871058999999999,-36.0
1838,event_001838.csv,0.0,39.98524,-96.0,0.0,-100.0,0.0,39.52387,48.0,-39.52387,-60.0,118.8792,79.20150000000001,4.0,-39.67766999999999,-44.0,23.80659,23.806600000000003,0.0,-7.93553,-100.0
1839,event_001839.csv,0.0,39.98524,-96.0,-39.98524,116.0,0.0,39.52387,-72.0,-39.52387,-20.0,118.8792,79.20150000000001,-88.0,-39.67766999999999,-100.0,23.80659,23.806600000000003,0.0,-15.871058999999999,-40.0
1840,event_001840.csv,0.0,39.98524,-68.0,-39.98524,128.0,0.0,39.52387,-76.0,-39.52387,-96.0,118.8792,79.20150000000001,8.0,-39.67766999999999,-92.0,31.74213,15.871060000000003,0.0,-15.87107,-64.0
1841,event_001841.csv,0.0,39.98524,-96.0,-39.98524,40.0,0.0,39.52387,-96.0,-39.52387,-92.0,118.8792,79.20150000000001,96.0,-39.67766999999999,-84.0,23.80659,23.806600000000003,0.0,-15.871058999999999,-92.0
1842,event_001842.csv,0.0,39.98524,-100.0,-39.98524,84.0,0.0,39.52387,-96.0,-39.52387,-100.0,118.8792,79.20150000000001,-40.0,-39.67766999999999,4.0,23.80659,23.806600000000003,0.0,-23.80659,20.0
1843,event_001843.csv,0.0,39.98524,-80.0,-39.98524,136.0,0.0,39.52387,-100.0,-39.52387,-40.0,118.8792,118.8792,60.0,-79.35533,36.0,23.80659,23.806600000000003,0.0,-15.871058999999999,24.0
1844,event_001844.csv,0.0,39.98524,-100.0,-39.98524,-72.0,0.0,39.52387,-84.0,-39.52387,-32.0,118.8792,79.20150000000001,140.0,-39.67766999999999,-56.0,31.74213,15.871060000000003,0.0,-23.806599,-40.0
1845,event_001845.csv,0.0,39.98524,-84.0,0.0,-100.0,0.0,39.52387,-88.0,-39.52387,-60.0,118.8792,79.20150000000001,100.0,-39.67766999999999,-84.0,23.80659,23.806600000000003,0.0,-15.871058999999999,-52.0
1846,event_001846.csv,0.0,39.98524,-96.0,-39.98524,132.0,0.0,39.52387,-56.0,-39.52387,-52.0,138.71800000000002,59.36269999999999,-28.0,-59.51647000000001,-4.0,23.80659,23.806600000000003,0.0,-15.871058999999999,-64.0
1847,event_001847.csv,0.0,39.98524,-92.0,-39.98524,-60.0,0.0,39.52387,-88.0,-39.52387,-92.0,118.8792,118.8792,56.0,-118.8792,80.0,23.80659,23.806600000000003,0.0,-15.871058999999999,-32.0
1848,event_001848.csv,0.0,39.98524,-92.0,-39.98524,60.0,0.0,39.52387,-72.0,-39.52387,-100.0,118.8792,79.20150000000001,-80.0,-79.35533,-96.0,23.80659,23.806600000000003,0.0,-7.93553,-68.0
1849,event_001849.csv,0.0,39.98524,-92.0,-39.98524,132.0,0.0,39.52387,-24.0,-39.52387,-36.0,118.8792,79.20150000000001,-40.0,-39.67766999999999,-64.0,23.80659,23.806600000000003,0.0,-15.871058999999999,-36.0
1850,event_001850.csv,0.0,39.98524,-92.0,0.0,-100.0,0.0,39.52387,-80.0,-39.52387,-92.0,118.8792,118.8792,-100.0,-39.67766999999999,-20.0,23.80659,23.806600000000003,0.0,-15.871058999999999,-36.0
1851,event_001851.csv,0.0,39.98524,-88.0,-39.98524,-52.0,0.0,39.52387,-96.0,-39.52387,60.0,138.71800000000002,59.36269999999999,56.0,-99.19413000000002,112.0,23.80659,23.806600000000003,0.0,-15.871058999999999,-28.0
1852,event_001852.csv,0.0,39.98524,-88.0,-39.98524,-44.0,0.0,39.52387,-72.0,-39.52387,-28.0,118.8792,79.20150000000001,-92.0,-39.67766999999999,-48.0,27.77436,19.83883,0.0,-19.838829,-28.0
1853,event_001853.csv,0.0,39.98524,-96.0,-39.98524,120.0,0.0,39.52387,-4.0,-39.52387,-48.0,118.8792,79.20150000000001,-28.0,-39.67766999999999,-12.0,23.80659,23.806600000000003,0.0,-7.93553,-64.0
1854,event_001854.csv,0.0,39.98524,-88.0,0.0,-100.0,0.0,39.52387,-72.0,-39.52387,-76.0,118.8792,79.20150000000001,-48.0,-39.67766999999999,-88.0,23.80659,23.806600000000003,0.0,-15.871058999999999,-48.0
1855,event_001855.csv,0.0,39.98524,-96.0,0.0,-100.0,0.0,39.52387,-88.0,-39.52387,-100.0,158.5568,79.20159999999998,112.0,-119.03293000000001,132.0,23.80659,23.806600000000003,0.0,-7.93553,-68.0
1856,event_001856.csv,0.0,39.98524,-84.0,-39.98524,72.0,0.0,39.52387,-92.0,-39.52387,-64.0,118.8792,79.20150000000001,-28.0,-79.35533,120.0,15.87106,31.742130000000003,0.0,-15.87106,-16.0
1857,event_001857.csv,0.0,39.98524,-96.0,-39.98524,12.0,0.0,39.52387,-80.0,-39.52387,-100.0,118.8792,79.20150000000001,24.0,-39.67766999999999,-76.0,23.80659,23.806600000000003,0.0,-23.80659,-36.0
1858,event_001858.csv,0.0,39.98524,-100.0,-39.98524,16.0,0.0,39.52387,-92.0,-39.52387,-56.0,158.5568,79.20159999999998,20.0,-79.35527,-100.0,23.80659,23.806600000000003,0.0,-15.871058999999999,-20.0
1859,event_001859.csv,0.0,39.98524,-92.0,-39.98524,48.0,0.0,39.52387,4.0,-39.52387,-80.0,118.8792,79.20150000000001,-28.0,-39.67766999999999,-16.0,23.80659,23.806600000000003,0.0,-7.93553,-88.0
1860,event_001860.csv,0.0,39.98524,-100.0,-39.98524,64.0,0.0,39.52387,-96.0,-39.52387,-36.0,158.5568,39.5239,-40.0,-79.35527,-76.0,31.74213,15.871060000000003,0.0,-15.87107,-36.0
1861,event_001861.csv,0.0,39.98524,-80.0,-39.98524,-60.0,0.0,39.52387,-56.0,-39.52387,-100.0,118.8792,118.8792,8.0,-79.35533,-12.0,23.80659,23.806600000000003,0.0,-23.80659,-28.0
1862,event_001862.csv,0.0,39.98524,-80.0,-39.98524,-36.0,0.0,39.52387,-32.0,-39.52387,-92.0,118.8792,79.20150000000001,20.0,-39.67766999999999,-88.0,23.80659,23.806600000000003,0.0,-7.93553,-60.0
1863,event_001863.csv,0.0,39.98524,-96.0,-39.98524,-40.0,0.0,39.52387,52.0,-39.52387,-100.0,118.8792,118.8792,16.0,-118.8792,40.0,23.80659,23.806600000000003,0.0,-23.80659,16.0
1864,event_001864.csv,0.0,39.98524,-52.0,-39.98524,-100.0,0.0,39.52387,-80.0,-39.52387,-44.0,158.5568,79.20159999999998,-76.0,-119.03293000000001,76.0,23.80659,23.806600000000003,0.0,-15.871058999999999,-28.0
1865,event_001865.csv,0.0,39.98524,-100.0,0.0,-96.0,0.0,79.20153,0.0,-39.52387,-100.0,118.8792,118.8792,152.0,-39.67766999999999,-92.0,23.80659,23.806600000000003,0.0,-15.871058999999999,20.0
1866,event_001866.csv,0.0,39.98524,-100.0,0.0,-92.0,0.0,39.52387,-100.0,-39.52387,-16.0,118.8792,79.20150000000001,8.0,-39.67766999999999,-76.0,23.80659,23.806600000000003,0.0,-7.93553,-40.0
1867,event_001867.csv,0.0,39.98524,-76.0,-39.98524,172.0,0.0,39.52387,-48.0,-39.52387,-96.0,118.8792,79.20150000000001,-92.0,-39.67766999999999,-12.0,31.74213,15.871060000000003,0.0,-7.93554,-92.0
1868,event_001868.csv,0.0,39.98524,-56.0,-39.98524,20.0,0.0,39.52387,-96.0,-39.52387,-36.0,118.8792,118.8792,152.0,-79.35533,124.0,23.80659,23.806600000000003,0.0,-15.871058999999999,-52.0
1869,event_001869.csv,0.0,39.98524,-68.0,0.0,-100.0,0.0,39.52387,-56.0,-39.52387,-96.0,118.8792,79.20150000000001,-68.0,-39.67766999999999,-56.0,23.80659,23.806600000000003,0.0,-15.871058999999999,8.0
1870,event_001870.csv,0.0,39.98524,-96.0,0.0,-100.0,0.0,39.52387,-80.0,-39.52387,-100.0,118.8792,79.20150000000001,-76.0,-79.35533,-92.0,23.80659,23.806600000000003,0.0,-7.93553,-20.0
1871,event_001871.csv,0.0,39.98524,-80.0,-39.98524,12.0,0.0,39.52387,48.0,-39.52387,-44.0,118.8792,79.20150000000001,16.0,-39.67766999999999,-60.0,7.935531,39.677659000000006,0.0,-15.871062,-40.0
1872,event_001872.csv,0.0,39.98524,-96.0,-39.98524,-20.0,0.0,39.52387,-48.0,-39.52387,-68.0,118.8792,79.20150000000001,-28.0,-79.35533,36.0,23.80659,23.806600000000003,0.0,-15.871058999999999,28.0
1873,event_001873.csv,0.0,39.98524,-100.0,-39.98524,-4.0,0.0,39.52387,-96.0,-39.52387,-12.0,158.5568,79.20159999999998,16.0,-119.03293000000001,36.0,31.74213,15.871060000000003,0.0,-15.87107,16.0
1874,event_001874.csv,0.0,39.98524,-92.0,0.0,-100.0,0.0,39.52387,28.0,-39.52387,-28.0,118.8792,79.20150000000001,-28.0,-39.67766999999999,-4.0,23.80659,23.806600000000003,0.0,-15.871058999999999,16.0
1875,event_001875.csv,0.0,39.98524,-96.0,-39.98524,156.0,0.0,39.52387,-88.0,-39.52387,-84.0,118.8792,79.20150000000001,8.0,-39.67766999999999,-8.0,23.80659,23.806600000000003,0.0,-15.871058999999999,-36.0
1876,event_001876.csv,0.0,39.98524,-92.0,-39.98524,-52.0,0.0,39.52387,-52.0,-39.52387,-48.0,138.71800000000002,59.36269999999999,12.0,-59.51647000000001,32.0,23.80659,23.806600000000003,0.0,-15.871058999999999,-48.0
1877,event_001877.csv,0.0,39.98524,-88.0,0.0,-100.0,0.0,79.20153,-16.0,-39.52387,-76.0,118.8792,79.20150000000001,144.0,-39.67766999999999,-12.0,23.80659,23.806600000000003,0.0,-15.871058999999999,-40.0
1878,event_001878.csv,0.0,39.98524,-84.0,0.0,-100.0,0.0,39.52387,-96.0,-39.52387,-84.0,158.5568,79.20159999999998,152.0,-79.35527,36.0,19.838825,27.774365000000003,0.0,-11.903293999999999,-52.0
1879,event_001879.csv,0.0,39.98524,-40.0,-39.98524,-12.0,0.0,39.52387,-80.0,-39.52387,-100.0,158.5568,39.5239,-88.0,-79.35527,-76.0,23.80659,23.806600000000003,0.0,-7.93553,-52.0
1880,event_001880.csv,0.0,39.98524,-88.0,-39.98524,92.0,0.0,39.52387,-72.0,-39.52387,-68.0,118.8792,79.20150000000001,-48.0,-39.67766999999999,-100.0,23.80659,23.806600000000003,0.0,-15.871058999999999,-36.0
1881,event_001881.csv,0.0,39.98524,-92.0,-39.98524,-52.0,0.0,39.52387,-96.0,-39.52387,-92.0,158.5568,39.5239,12.0,-119.03293000000001,36.0,23.80659,23.806600000000003,0.0,-15.871058999999999,28.0
1882,event_001882.csv,0.0,39.98524,-80.0,-39.98524,-60.0,0.0,39.52387,-80.0,-39.52387,-68.0,158.5568,39.5239,8.0,-158.5568,36.0,23.80659,23.806600000000003,0.0,-15.871058999999999,20.0
1883,event_001883.csv,0.0,39.98524,-92.0,-39.98524,16.0,0.0,39.52387,-52.0,-39.52387,-56.0,138.71800000000002,59.36269999999999,20.0,-59.51647000000001,-32.0,23.80659,23.806600000000003,0.0,-15.871058999999999,-36.0
1884,event_001884.csv,0.0,39.98524,-76.0,-39.98524,40.0,0.0,39.52387,-88.0,-39.52387,4.0,158.5568,118.87919999999997,16.0,-158.5568,-4.0,23.80659,23.806600000000003,0.0,-15.871058999999999,16.0
1885,event_001885.csv,0.0,39.98524,-100.0,0.0,-96.0,0.0,39.52387,-72.0,-39.52387,-44.0,118.8792,79.20150000000001,16.0,-39.67766999999999,-36.0,23.80659,23.806600000000003,0.0,-15.871058999999999,-40.0
1886,event_001886.csv,0.0,39.98524,-92.0,0.0,-100.0,0.0,39.52387,-56.0,-39.52387,-20.0,118.8792,118.8792,16.0,-39.67766999999999,-44.0,31.74213,15.871060000000003,0.0,-15.87107,-24.0
1887,event_001887.csv,0.0,39.98524,-92.0,-39.98524,-52.0,0.0,39.52387,-8.0,-39.52387,-60.0,118.8792,79.20150000000001,-40.0,-79.35533,116.0,23.80659,23.806600000000003,0.0,-15.871058999999999,-28.0
1888,event_001888.csv,0.0,39.98524,-76.0,0.0,-100.0,0.0,39.52387,-84.0,-39.52387,-8.0,118.8792,158.55679999999998,8.0,-39.67766999999999,-16.0,31.74213,15.871060000000003,0.0,-15.87107,-36.0
1889,event_001889.csv,0.0,39.98524,-96.0,-39.98524,-20.0,0.0,39.52387,-96.0,-39.52387,-60.0,158.5568,39.5239,-96.0,-79.35527,48.0,23.80659,23.806600000000003,0.0,-7.93553,-36.0
1890,event_001890.csv,0.0,39.98524,-84.0,-39.98524,108.0,0.0,39.52387,-48.0,-39.52387,-84.0,118.8792,79.20150000000001,-40.0,-39.67766999999999,-4.0,23.80659,23.806600000000003,0.0,-23.80659,-40.0
1891,event_001891.csv,0.0,39.98524,-96.0,0.0,-100.0,0.0,39.52387,-48.0,-39.52387,-100.0,118.8792,79.20150000000001,-40.0,-79.35533,172.0,23.80659,23.806600000000003,0.0,-15.871058999999999,-28.0
1892,event_001892.csv,0.0,39.98524,-56.0,-39.98524,60.0,0.0,39.52387,-88.0,-39.52387,12.0,118.8792,118.8792,16.0,-39.67766999999999,-24.0,23.80659,23.806600000000003,0.0,-15.871058999999999,20.0
1893,event_001893.csv,0.0,39.98524,-60.0,0.0,-100.0,0.0,39.52387,-72.0,-39.52387,20.0,118.8792,79.20150000000001,4.0,-39.67766999999999,-8.0,23.80659,23.806600000000003,0.0,-7.93553,-52.0
1894,event_001894.csv,0.0,39.98524,-56.0,0.0,-100.0,0.0,39.52387,-80.0,-39.52387,20.0,118.8792,118.8792,152.0,-39.67766999999999,-12.0,23.80659,23.806600000000003,0.0,-7.93553,-92.0
1895,event_001895.csv,0.0,39.98524,-64.0,0.0,-100.0,0.0,39.52387,-88.0,-39.52387,12.0,118.8792,79.20150000000001,-92.0,-39.67766999999999,-40.0,23.80659,23.806600000000003,0.0,-15.871058999999999,28.0
1896,event_001896.csv,0.0,39.98524,-92.0,-39.98524,172.0,0.0,39.52387,-32.0,-39.52387,-84.0,118.8792,79.20150000000001,8.0,-39.67766999999999,-72.0,23.80659,23.806600000000003,0.0,-7.93553,-52.0
1897,event_001897.csv,0.0,39.98524,-88.0,-39.98524,-100.0,0.0,39.52387,-72.0,-39.52387,84.0,158.5568,39.5239,-80.0,-79.35527,-12.0,23.80659,23.806600000000003,0.0,-15.871058999999999,-40.0
1898,event_001898.csv,0.0,39.98524,-80.0,0.0,-100.0,0.0,39.52387,-80.0,-39.52387,-100.0,118.8792,79.20150000000001,-48.0,-79.35533,-4.0,23.80659,23.806600000000003,0.0,-15.871058999999999,20.0
1899,event_001899.csv,0.0,39.98524,-72.0,-39.98524,112.0,0.0,39.52387,-100.0,-39.52387,8.0,118.8792,118.8792,20.0,-39.67766999999999,-68.0,15.87106,31.742130000000003,0.0,-7.935529,-40.0
1900,event_001900.csv,0.0,39.98524,-96.0,-39.98524,-84.0,0.0,39.52387,-64.0,-39.52387,-60.0,118.8792,79.20150000000001,-28.0,-39.67766999999999,-36.0,23.80659,23.806600000000003,0.0,-15.871058999999999,20.0
1901,event_001901.csv,0.0,39.98524,-100.0,-39.98524,-44.0,0.0,39.52387,-56.0,-39.52387,-92.0,118.8792,79.20150000000001,72.0,-39.67766999999999,32.0,23.80659,23.806600000000003,0.0,-7.93553,-36.0
1902,event_001902.csv,0.0,39.98524,-68.0,-39.98524,32.0,0.0,39.52387,-100.0,-39.52387,40.0,118.8792,118.8792,20.0,-79.35533,48.0,23.80659,23.806600000000003,0.0,-15.871058999999999,-40.0
1903,event_001903.csv,0.0,39.98524,-76.0,-39.98524,-64.0,0.0,39.52387,20.0,-39.52387,-96.0,118.8792,118.8792,8.0,-39.67766999999999,-12.0,23.80659,23.806600000000003,0.0,-7.93553,-40.0
1904,event_001904.csv,0.0,39.98524,-64.0,0.0,-100.0,0.0,39.52387,0.0,-39.52387,-100.0,118.8792,79.20150000000001,144.0,-39.67766999999999,-24.0,23.80659,23.806600000000003,0.0,-7.93553,-48.0
1905,event_001905.csv,0.0,39.98524,-88.0,0.0,-100.0,0.0,39.52387,-96.0,-39.52387,20.0,118.8792,118.8792,144.0,-39.67766999999999,-60.0,23.80659,23.806600000000003,0.0,-23.80659,-40.0
1906,event_001906.csv,0.0,39.98524,-56.0,-39.98524,-60.0,0.0,39.52387,-24.0,-39.52387,-36.0,118.8792,79.20150000000001,56.0,-39.67766999999999,-96.0,23.80659,23.806600000000003,0.0,-7.93553,-100.0
1907,event_001907.csv,0.0,39.98524,-80.0,-39.98524,-8.0,0.0,39.52387,36.0,-39.52387,-80.0,118.8792,79.20150000000001,-100.0,-79.35533,40.0,23.80659,23.806600000000003,0.0,-23.80659,20.0
1908,event_001908.csv,0.0,39.98524,-92.0,0.0,-100.0,0.0,79.20153,24.0,-39.52387,-92.0,118.8792,79.20150000000001,20.0,-39.67766999999999,-52.0,31.74213,15.871060000000003,0.0,-15.87107,-8.0
1909,event_001909.csv,0.0,39.98524,-100.0,-39.98524,12.0,0.0,39.52387,-72.0,-39.52387,-84.0,118.8792,118.8792,16.0,-79.35533,-4.0,23.80659,23.806600000000003,0.0,-15.871058999999999,20.0
1910,event_001910.csv,0.0,39.98524,-44.0,-39.98524,12.0,0.0,39.52387,-80.0,-39.52387,-76.0,138.71800000000002,59.36269999999999,-96.0,-99.19413000000002,-4.0,23.80659,23.806600000000003,0.0,-7.93553,-76.0
1911,event_001911.csv,0.0,39.98524,-100.0,0.0,-96.0,0.0,39.52387,-100.0,-39.52387,28.0,118.8792,79.20150000000001,12.0,-39.67766999999999,-88.0,27.77436,19.83883,0.0,-11.903300000000002,-40.0
1912,event_001912.csv,0.0,39.98524,-56.0,0.0,-100.0,0.0,39.52387,60.0,-39.52387,-88.0,158.5568,0.0,-100.0,-79.35527,-16.0,23.80659,23.806600000000003,0.0,-15.871058999999999,-28.0
1913,event_001913.csv,0.0,39.98524,-92.0,-39.98524,-40.0,0.0,39.52387,4.0,-39.52387,-64.0,118.8792,79.20150000000001,-40.0,-39.67766999999999,-60.0,23.80659,23.806600000000003,0.0,-7.93553,-64.0
1914,event_001914.csv,0.0,39.98524,-96.0,-39.98524,-24.0,0.0,39.52387,-68.0,-39.52387,-48.0,118.8792,79.20150000000001,-84.0,-39.67766999999999,-56.0,23.80659,23.806600000000003,0.0,-23.80659,-40.0
1915,event_001915.csv,0.0,39.98524,-76.0,0.0,-100.0,0.0,39.52387,-52.0,-39.52387,164.0,158.5568,39.5239,8.0,-79.35527,-4.0,23.80659,23.806600000000003,0.0,-7.93553,-100.0
1916,event_001916.csv,0.0,79.97047,56.0,-39.98524,-28.0,0.0,39.52387,-64.0,-39.52387,-72.0,118.8792,118.8792,148.0,-39.67766999999999,36.0,31.74213,23.806590000000003,0.0,-15.87107,-64.0
1917,event_001917.csv,0.0,39.98524,-96.0,0.0,-100.0,0.0,39.52387,-32.0,-39.52387,-4.0,118.8792,79.20150000000001,56.0,-79.35533,-12.0,23.80659,23.806600000000003,0.0,-15.871058999999999,-28.0
1918,event_001918.csv,0.0,39.98524,-84.0,0.0,-100.0,0.0,39.52387,-8.0,-39.52387,92.0,118.8792,118.8792,-68.0,-79.35533,-92.0,23.80659,23.806600000000003,0.0,-7.93553,-72.0
1919,event_001919.csv,0.0,39.98524,-40.0,-39.98524,-44.0,0.0,39.52387,-96.0,-39.52387,-36.0,118.8792,118.8792,12.0,-79.35533,0.0,23.80659,23.806600000000003,0.0,-15.871058999999999,20.0
1920,event_001920.csv,0.0,39.98524,-88.0,0.0,-100.0,0.0,39.52387,-32.0,-39.52387,-44.0,118.8792,118.8792,-16.0,-118.8792,-4.0,23.80659,23.806600000000003,0.0,-7.93553,-20.0
1921,event_001921.csv,0.0,39.98524,-92.0,-39.98524,112.0,0.0,39.52387,-92.0,-39.52387,-16.0,158.5568,79.20159999999998,148.0,-79.35527,-96.0,23.80659,23.806600000000003,0.0,-15.871058999999999,-36.0
1922,event_001922.csv,0.0,39.98524,-76.0,-39.98524,12.0,0.0,39.52387,-72.0,-39.52387,-92.0,158.5568,39.5239,4.0,-79.35527,-84.0,23.80659,23.806600000000003,0.0,-15.871058999999999,-52.0
1923,event_001923.csv,0.0,39.98524,-92.0,0.0,-100.0,0.0,39.52387,-52.0,-39.52387,8.0,138.71800000000002,59.36269999999999,-76.0,-59.51647000000001,-8.0,23.80659,23.806600000000003,0.0,-7.93553,-48.0
1924,event_001924.csv,0.0,39.98524,-88.0,-39.98524,-72.0,0.0,39.52387,16.0,-39.52387,-12.0,118.8792,79.20150000000001,-88.0,-79.35533,116.0,23.80659,23.806600000000003,0.0,-15.871058999999999,-28.0
1925,event_001925.csv,0.0,39.98524,-68.0,0.0,-100.0,0.0,39.52387,-96.0,-39.52387,-100.0,158.5568,39.5239,16.0,-119.03293000000001,172.0,23.80659,23.806600000000003,0.0,-7.93553,-52.0
1926,event_001926.csv,0.0,39.98524,-92.0,0.0,-100.0,0.0,39.52387,-52.0,-39.52387,-24.0,118.8792,118.8792,148.0,-39.67766999999999,-8.0,23.80659,23.806600000000003,0.0,-15.871058999999999,-48.0
1927,event_001927.csv,0.0,39.98524,-84.0,-39.98524,132.0,0.0,39.52387,-76.0,-39.52387,-100.0,158.5568,118.87919999999997,60.0,-119.03293000000001,36.0,23.80659,23.806600000000003,0.0,-15.871058999999999,24.0
1928,event_001928.csv,0.0,39.98524,-68.0,-39.98524,-28.0,0.0,39.52387,-96.0,-39.52387,44.0,118.8792,79.20150000000001,8.0,-39.67766999999999,-44.0,23.80659,23.806600000000003,0.0,-15.871058999999999,-28.0
1929,event_001929.csv,0.0,39.98524,-84.0,-39.98524,-16.0,0.0,39.52387,-84.0,-39.52387,-72.0,158.5568,39.5239,-28.0,-79.35527,-64.0,23.80659,23.806600000000003,0.0,-15.871058999999999,-52.0
1930,event_001930.csv,0.0,39.98524,-100.0,-39.98524,88.0,0.0,39.52387,-92.0,-39.52387,44.0,118.8792,118.8792,60.0,-79.35533,80.0,23.80659,23.806600000000003,0.0,-7.93553,-72.0
1931,event_001931.csv,0.0,39.98524,-96.0,-39.98524,4.0,0.0,39.52387,-96.0,-39.52387,-68.0,118.8792,79.20150000000001,-88.0,-39.67766999999999,-76.0,23.80659,23.806600000000003,0.0,-15.871058999999999,52.0
1932,event_001932.csv,0.0,39.98524,-48.0,-39.98524,-68.0,0.0,39.52387,-80.0,-39.52387,-12.0,158.5568,79.20159999999998,64.0,-79.35527,36.0,23.80659,23.806600000000003,0.0,-15.871058999999999,24.0
1933,event_001933.csv,0.0,39.98524,-88.0,-39.98524,-36.0,0.0,39.52387,-88.0,-39.52387,-44.0,118.8792,79.20150000000001,144.0,-39.67766999999999,-84.0,23.80659,23.806600000000003,0.0,-15.871058999999999,-36.0
1934,event_001934.csv,0.0,79.97047,-44.0,-39.98524,0.0,0.0,39.52387,-68.0,-39.52387,-88.0,118.8792,79.20150000000001,8.0,-79.35533,124.0,23.80659,23.806600000000003,0.0,-15.871058999999999,-40.0
1935,event_001935.csv,0.0,39.98524,-64.0,-39.98524,76.0,0.0,39.52387,-56.0,-39.52387,-100.0,118.8792,79.20150000000001,16.0,-39.67766999999999,-68.0,23.80659,23.806600000000003,0.0,-15.871058999999999,-28.0
1936,event_001936.csv,0.0,39.98524,-100.0,0.0,-96.0,0.0,79.20153,-60.0,-39.52387,-32.0,118.8792,79.20150000000001,-40.0,-39.67766999999999,-92.0,23.80659,23.806600000000003,0.0,-15.871058999999999,-64.0
1937,event_001937.csv,0.0,39.98524,-80.0,-39.98524,180.0,0.0,39.52387,-96.0,-39.52387,-52.0,118.8792,79.20150000000001,12.0,-118.8792,36.0,27.77436,19.83883,0.0,-11.903300000000002,20.0
1938,event_001938.csv,0.0,39.98524,-60.0,-39.98524,92.0,0.0,39.52387,-80.0,-39.52387,-96.0,118.8792,158.55679999999998,20.0,-79.35533,168.0,23.80659,23.806600000000003,0.0,-15.871058999999999,-40.0
1939,event_001939.csv,0.0,39.98524,-96.0,0.0,-100.0,0.0,79.20153,56.0,-39.52387,-48.0,118.8792,79.20150000000001,-32.0,-39.67766999999999,-8.0,23.80659,23.806600000000003,0.0,-15.871058999999999,-28.0
1940,event_001940.csv,0.0,39.98524,-84.0,-39.98524,-92.0,0.0,39.52387,-80.0,-39.52387,-68.0,158.5568,39.5239,-24.0,-79.35527,-12.0,23.80659,23.806600000000003,0.0,-15.871058999999999,-36.0
1941,event_001941.csv,0.0,39.98524,-96.0,-39.98524,60.0,0.0,39.52387,-56.0,-39.52387,-92.0,198.0807,0.0,-96.0,-118.87917,-8.0,23.80659,23.806600000000003,0.0,-15.871058999999999,-36.0
1942,event_001942.csv,0.0,39.98524,-76.0,-39.98524,48.0,0.0,39.52387,-76.0,-39.52387,-64.0,118.8792,79.20150000000001,-44.0,-79.35533,32.0,27.77436,19.83883,0.0,-11.903300000000002,-32.0
1943,event_001943.csv,0.0,39.98524,-80.0,-39.98524,12.0,0.0,39.52387,-72.0,-39.52387,12.0,118.8792,118.8792,64.0,-39.67766999999999,-40.0,23.80659,23.806600000000003,0.0,-15.871058999999999,20.0
1944,event_001944.csv,0.0,39.98524,-92.0,0.0,-100.0,0.0,39.52387,-8.0,-39.52387,-76.0,118.8792,118.8792,64.0,-79.35533,40.0,23.80659,23.806600000000003,0.0,-7.93553,-92.0
1945,event_001945.csv,0.0,39.98524,-76.0,-39.98524,28.0,0.0,39.52387,-64.0,-39.52387,-76.0,118.8792,79.20150000000001,-80.0,-39.67766999999999,-4.0,23.80659,23.806600000000003,0.0,-15.871058999999999,20.0
1946,event_001946.csv,0.0,39.98524,-72.0,-39.98524,-92.0,0.0,39.52387,-64.0,-39.52387,-92.0,118.8792,277.43600000000004,104.0,-39.67766999999999,-96.0,23.80659,23.806600000000003,0.0,-15.871058999999999,20.0
1947,event_001947.csv,0.0,39.98524,-92.0,-39.98524,-64.0,0.0,39.52387,-92.0,-39.52387,-96.0,158.5568,39.5239,-48.0,-79.35527,-8.0,23.80659,23.806600000000003,0.0,-15.871058999999999,-36.0
1948,event_001948.csv,0.0,39.98524,-84.0,-39.98524,-56.0,0.0,39.52387,-36.0,-39.52387,-96.0,118.8792,79.20150000000001,16.0,-79.35533,-12.0,23.80659,23.806600000000003,0.0,-15.871058999999999,152.0
1949,event_001949.csv,0.0,39.98524,-80.0,0.0,-100.0,0.0,39.52387,-80.0,-39.52387,-60.0,118.8792,79.20150000000001,-96.0,-39.67766999999999,-32.0,31.74213,15.871060000000003,0.0,-15.87107,-64.0
1950,event_001950.csv,0.0,39.98524,-100.0,-39.98524,-72.0,0.0,39.52387,-36.0,-39.52387,-48.0,158.5568,39.5239,12.0,-79.35527,-96.0,23.80659,23.806600000000003,0.0,-15.871058999999999,-40.0
1951,event_001951.csv,0.0,39.98524,-92.0,-39.98524,188.0,0.0,39.52387,-88.0,-39.52387,-60.0,158.5568,39.5239,4.0,-79.35527,-44.0,23.80659,23.806600000000003,0.0,-7.93553,-92.0
1952,event_001952.csv,0.0,39.98524,-72.0,-39.98524,-16.0,0.0,39.52387,-84.0,-39.52387,8.0,118.8792,79.20150000000001,20.0,-39.67766999999999,-100.0,23.80659,23.806600000000003,0.0,-15.871058999999999,-36.0
1953,event_001953.csv,0.0,39.98524,-88.0,-39.98524,4.0,0.0,39.52387,-80.0,-39.52387,-84.0,158.5568,79.20159999999998,8.0,-79.35527,-16.0,23.80659,23.806600000000003,0.0,-7.93553,-36.0
1954,event_001954.csv,0.0,39.98524,-92.0,0.0,-100.0,0.0,39.52387,-96.0,-39.52387,76.0,118.8792,118.8792,60.0,-79.35533,76.0,31.74213,15.871060000000003,0.0,-15.87107,-20.0
1955,event_001955.csv,0.0,39.98524,-48.0,-39.98524,-36.0,0.0,79.20153,48.0,-39.52387,-28.0,158.5568,39.5239,8.0,-119.03293000000001,40.0,23.80659,23.806600000000003,0.0,-15.871058999999999,-36.0
1956,event_001956.csv,0.0,39.98524,-92.0,-39.98524,-48.0,0.0,39.52387,-92.0,-39.52387,-36.0,118.8792,79.20150000000001,-28.0,-39.67766999999999,-100.0,23.80659,23.806600000000003,0.0,-7.93553,-20.0
1957,event_001957.csv,0.0,39.98524,-84.0,0.0,-100.0,0.0,39.52387,-96.0,-39.52387,-52.0,118.8792,79.20150000000001,-100.0,-39.67766999999999,-84.0,23.80659,23.806600000000003,0.0,-15.871058999999999,-40.0
1958,event_001958.csv,0.0,39.98524,-92.0,-39.98524,172.0,0.0,39.52387,-96.0,-39.52387,172.0,118.8792,79.20150000000001,-64.0,-39.67766999999999,-36.0,23.80659,23.806600000000003,0.0,-15.871058999999999,-52.0
1959,event_001959.csv,0.0,39.98524,-80.0,0.0,-100.0,0.0,39.52387,-100.0,-39.52387,-16.0,138.71800000000002,59.36269999999999,-96.0,-59.51647000000001,-72.0,23.80659,23.806600000000003,0.0,-15.871058999999999,-40.0
1960,event_001960.csv,0.0,39.98524,-64.0,-39.98524,-100.0,0.0,39.52387,-88.0,-39.52387,-60.0,118.8792,79.20150000000001,-28.0,-39.67766999999999,72.0,23.80659,23.806600000000003,0.0,-15.871058999999999,-40.0
1961,event_001961.csv,0.0,39.98524,-88.0,0.0,-100.0,0.0,39.52387,-96.0,-39.52387,-52.0,118.8792,118.8792,-52.0,-39.67766999999999,-80.0,23.80659,23.806600000000003,0.0,-7.93553,-52.0
1962,event_001962.csv,0.0,39.98524,-56.0,0.0,-100.0,0.0,39.52387,-56.0,-39.52387,-20.0,118.8792,79.20150000000001,-40.0,-39.67766999999999,-68.0,23.80659,23.806600000000003,0.0,-15.871058999999999,-40.0
1963,event_001963.csv,0.0,39.98524,-92.0,-39.98524,-16.0,0.0,39.52387,-76.0,-39.52387,-88.0,158.5568,79.20159999999998,12.0,-79.35527,-72.0,23.80659,23.806600000000003,0.0,-15.871058999999999,24.0
1964,event_001964.csv,0.0,39.98524,-100.0,-39.98524,28.0,0.0,39.52387,-96.0,-39.52387,-20.0,158.5568,39.5239,-96.0,-79.35527,-12.0,23.80659,23.806600000000003,0.0,-15.871058999999999,-40.0
1965,event_001965.csv,0.0,39.98524,-88.0,-39.98524,108.0,0.0,39.52387,8.0,-39.52387,-76.0,158.5568,79.20159999999998,8.0,-119.03293000000001,36.0,23.80659,23.806600000000003,0.0,-7.93553,8.0
1966,event_001966.csv,0.0,39.98524,-84.0,-39.98524,112.0,0.0,39.52387,-92.0,-39.52387,-96.0,118.8792,158.55679999999998,-96.0,-39.67766999999999,32.0,23.80659,23.806600000000003,0.0,-15.871058999999999,16.0
1967,event_001967.csv,0.0,39.98524,-92.0,-39.98524,-52.0,0.0,39.52387,-88.0,-39.52387,-92.0,158.5568,39.5239,-60.0,-79.35527,-88.0,23.80659,23.806600000000003,0.0,-15.871058999999999,-48.0
1968,event_001968.csv,0.0,39.98524,-96.0,-39.98524,156.0,0.0,79.20153,152.0,-39.52387,12.0,118.8792,118.8792,-28.0,-79.35533,-92.0,23.80659,31.742130000000003,0.0,-23.80659,-64.0
1969,event_001969.csv,0.0,39.98524,-92.0,0.0,-100.0,0.0,39.52387,-100.0,-39.52387,8.0,158.5568,79.20159999999998,60.0,-119.03293000000001,40.0,23.80659,23.806600000000003,0.0,-15.871058999999999,24.0
1970,event_001970.csv,0.0,39.98524,-96.0,-39.98524,76.0,0.0,39.52387,-80.0,-39.52387,-76.0,118.8792,79.20150000000001,80.0,-39.67766999999999,-100.0,27.77436,19.83883,0.0,-11.903300000000002,8.0
1971,event_001971.csv,0.0,39.98524,-80.0,-39.98524,-44.0,0.0,39.52387,-64.0,-39.52387,-100.0,138.71800000000002,59.36269999999999,-40.0,-59.51647000000001,-12.0,23.80659,23.806600000000003,0.0,-7.93553,-64.0
1972,event_001972.csv,0.0,39.98524,-56.0,-39.98524,20.0,0.0,39.52387,-80.0,-39.52387,-92.0,118.8792,118.8792,152.0,-39.67766999999999,-68.0,23.80659,23.806600000000003,0.0,-15.871058999999999,-40.0
1973,event_001973.csv,0.0,39.98524,-88.0,-39.98524,-64.0,0.0,39.52387,-92.0,-39.52387,40.0,118.8792,79.20150000000001,8.0,-39.67766999999999,-68.0,23.80659,23.806600000000003,0.0,-7.93553,16.0
1974,event_001974.csv,0.0,39.98524,-100.0,-39.98524,-24.0,0.0,39.52387,-76.0,-39.52387,-32.0,118.8792,79.20150000000001,12.0,-79.35533,124.0,23.80659,23.806600000000003,0.0,-15.871058999999999,-48.0
1975,event_001975.csv,0.0,39.98524,-100.0,-39.98524,-32.0,0.0,79.20153,116.0,-39.52387,-88.0,118.8792,79.20150000000001,20.0,-39.67766999999999,-96.0,23.80659,23.806600000000003,0.0,-7.93553,-52.0
1976,event_001976.csv,0.0,39.98524,-76.0,-39.98524,16.0,0.0,39.52387,-100.0,0.0,-96.0,118.8792,79.20150000000001,16.0,-39.67766999999999,-84.0,23.80659,23.806600000000003,0.0,-15.871058999999999,-40.0
1977,event_001977.csv,0.0,39.98524,-88.0,0.0,-100.0,0.0,39.52387,-48.0,-39.52387,-68.0,118.8792,79.20150000000001,152.0,-39.67766999999999,-80.0,23.80659,23.806600000000003,0.0,-15.871058999999999,-40.0
1978,event_001978.csv,0.0,39.98524,-88.0,-39.98524,188.0,0.0,39.52387,-88.0,-39.52387,-100.0,118.8792,79.20150000000001,-96.0,-39.67766999999999,-36.0,23.80659,23.806600000000003,0.0,-7.93553,-52.0
1979,event_001979.csv,0.0,39.98524,36.0,-39.98524,0.0,0.0,79.20153,52.0,-39.52387,-96.0,118.8792,79.20150000000001,-92.0,-39.67766999999999,-100.0,23.80659,23.806600000000003,0.0,-7.93553,-92.0
1980,event_001980.csv,0.0,39.98524,-68.0,-39.98524,-56.0,0.0,39.52387,-80.0,-39.52387,-92.0,118.8792,79.20150000000001,8.0,-39.67766999999999,-92.0,23.80659,23.806600000000003,0.0,-7.93553,-48.0
1981,event_001981.csv,0.0,39.98524,-100.0,-39.98524,-24.0,0.0,39.52387,44.0,-39.52387,-96.0,158.5568,4841.4432,0.0,-79.35527,-24.0,-7.935531,87.321601,8.0,-23.806599,-12.0
1982,event_001982.csv,0.0,39.98524,-88.0,-39.98524,-44.0,0.0,39.52387,-48.0,-39.52387,-60.0,118.8792,79.20150000000001,-84.0,-39.67766999999999,-12.0,31.74213,15.871060000000003,0.0,-15.87107,-28.0
1983,event_001983.csv,0.0,39.98524,-88.0,0.0,-100.0,0.0,39.52387,-96.0,-39.52387,-20.0,158.5568,79.20159999999998,4.0,-119.03293000000001,-16.0,23.80659,23.806600000000003,0.0,-15.871058999999999,-36.0
1984,event_001984.csv,0.0,39.98524,-84.0,-39.98524,-40.0,0.0,39.52387,-92.0,-39.52387,-88.0,118.8792,118.8792,24.0,-118.8792,0.0,23.80659,23.806600000000003,0.0,-7.93553,-56.0
1985,event_001985.csv,0.0,39.98524,-80.0,-39.98524,156.0,0.0,39.52387,-88.0,-39.52387,-12.0,158.5568,39.5239,8.0,-79.35527,-20.0,23.80659,23.806600000000003,0.0,-7.93553,-92.0
1986,event_001986.csv,0.0,39.98524,-24.0,-39.98524,-36.0,0.0,39.52387,-88.0,-39.52387,-60.0,118.8792,79.20150000000001,-96.0,-79.35533,156.0,31.74213,15.871060000000003,0.0,-15.87107,-36.0
1987,event_001987.csv,0.0,1799.951,8.0,-39.98524,-88.0,0.0,3093.781,12.0,0.0,-100.0,118.8792,4881.1208,0.0,-39.67766999999999,-40.0,7.935531,134.96556900000002,12.0,-23.806591,-8.0
1988,event_001988.csv,0.0,79.97047,200.0,0.0,-100.0,0.0,39.52387,-80.0,-39.52387,-36.0,118.8792,118.8792,104.0,-39.67766999999999,-44.0,23.80659,23.806600000000003,0.0,-15.871058999999999,-28.0
1989,event_001989.csv,0.0,39.98524,-88.0,0.0,-100.0,0.0,39.52387,-64.0,-39.52387,-92.0,118.8792,118.8792,16.0,0.0,-64.0,19.838825,27.774365000000003,0.0,-11.903293999999999,-28.0
1990,event_001990.csv,0.0,39.98524,-88.0,0.0,-100.0,0.0,39.52387,-56.0,-39.52387,-100.0,158.5568,39.5239,-24.0,-119.03293000000001,-96.0,31.74213,15.871060000000003,0.0,-15.87107,-60.0
1991,event_001991.csv,0.0,39.98524,-100.0,-39.98524,132.0,0.0,39.52387,-96.0,-39.52387,20.0,118.8792,79.20150000000001,-88.0,-39.67766999999999,-92.0,23.80659,23.806600000000003,0.0,-15.871058999999999,-36.0
1992,event_001992.csv,0.0,39.98524,-96.0,0.0,-100.0,0.0,39.52387,-24.0,-39.52387,-60.0,118.8792,118.8792,16.0,-79.35533,-8.0,23.80659,23.806600000000003,0.0,-15.871058999999999,24.0
1993,event_001993.csv,0.0,39.98524,-56.0,-39.98524,-52.0,0.0,39.52387,-44.0,-39.52387,-80.0,118.8792,79.20150000000001,-40.0,-39.67766999999999,-16.0,23.80659,23.806600000000003,0.0,-15.871058999999999,-40.0
1994,event_001994.csv,0.0,39.98524,-92.0,0.0,-100.0,0.0,39.52387,-96.0,-39.52387,-48.0,118.8792,79.20150000000001,160.0,-79.35533,84.0,23.80659,23.806600000000003,0.0,-15.871058999999999,-20.0
1995,event_001995.csv,0.0,39.98524,-80.0,-39.98524,44.0,0.0,79.20153,-8.0,-39.52387,-100.0,118.8792,118.8792,112.0,-79.35533,-88.0,23.80659,23.806600000000003,0.0,-15.871058999999999,-16.0
1996,event_001996.csv,0.0,39.98524,-96.0,-39.98524,140.0,0.0,39.52387,-48.0,-39.52387,-76.0,118.8792,79.20150000000001,-96.0,-39.67766999999999,-84.0,23.80659,23.806600000000003,0.0,-23.80659,-36.0
1997,event_001997.csv,0.0,39.98524,-92.0,-39.98524,172.0,0.0,39.52387,-64.0,-39.52387,-68.0,158.5568,39.5239,8.0,-79.35527,-24.0,23.80659,23.806600000000003,0.0,-7.93553,-92.0
1998,event_001998.csv,0.0,39.98524,-64.0,0.0,-100.0,0.0,39.52387,-92.0,-39.52387,-80.0,118.8792,79.20150000000001,-36.0,-79.35533,180.0,23.80659,23.806600000000003,0.0,-23.80659,-40.0
1999,event_001999.csv,0.0,39.98524,-96.0,-39.98524,-44.0,0.0,39.52387,-72.0,0.0,-100.0,118.8792,79.20150000000001,-24.0,-79.35533,0.0,31.74213,15.871060000000003,0.0,-15.87107,24.0
2000,event_002000.csv,0.0,39.98524,-88.0,0.0,-100.0,0.0,39.52387,-72.0,-39.52387,-68.0,118.8792,79.20150000000001,8.0,-39.67766999999999,128.0,23.80659,23.806600000000003,0.0,-23.80659,-36.0
2001,event_002001.csv,0.0,39.98524,-72.0,-39.98524,-12.0,0.0,39.52387,-96.0,-39.52387,-60.0,118.8792,79.20150000000001,-72.0,-39.67766999999999,-92.0,23.80659,23.806600000000003,0.0,-15.871058999999999,52.0
2002,event_002002.csv,0.0,39.98524,-52.0,-39.98524,40.0,0.0,39.52387,-44.0,-39.52387,-64.0,118.8792,79.20150000000001,44.0,-39.67766999999999,-92.0,23.80659,23.806600000000003,0.0,-7.93553,-20.0
2003,event_002003.csv,0.0,39.98524,-56.0,-39.98524,-44.0,0.0,39.52387,-40.0,-39.52387,-84.0,158.5568,39.5239,104.0,-119.03293000000001,-12.0,15.87106,31.742130000000003,0.0,-7.935529,-40.0
2004,event_002004.csv,0.0,39.98524,-64.0,-39.98524,-100.0,0.0,39.52387,-88.0,-39.52387,4.0,158.5568,39.5239,176.0,-79.35527,-84.0,23.80659,23.806600000000003,0.0,-7.93553,-28.0
2005,event_002005.csv,0.0,39.98524,-40.0,-39.98524,68.0,0.0,39.52387,-80.0,-39.52387,12.0,118.8792,79.20150000000001,-40.0,-39.67766999999999,-16.0,15.87106,31.742130000000003,0.0,-7.935529,-48.0
2006,event_002006.csv,0.0,39.98524,-100.0,-39.98524,20.0,0.0,39.52387,-80.0,-39.52387,-100.0,158.5568,39.5239,-100.0,-79.35527,32.0,31.74213,15.871060000000003,0.0,-15.87107,-20.0
2007,event_002007.csv,0.0,39.98524,-64.0,-39.98524,28.0,0.0,39.52387,-96.0,-39.52387,-68.0,118.8792,79.20150000000001,16.0,-79.35533,124.0,23.80659,23.806600000000003,0.0,-15.871058999999999,-40.0
2008,event_002008.csv,0.0,39.98524,-44.0,0.0,-100.0,0.0,39.52387,-68.0,-39.52387,-56.0,118.8792,79.20150000000001,24.0,-39.67766999999999,-48.0,31.74213,23.806590000000003,12.0,-15.87107,-16.0
2009,event_002009.csv,0.0,39.98524,-96.0,-39.98524,-80.0,0.0,39.52387,-92.0,-39.52387,-64.0,118.8792,79.20150000000001,8.0,-39.67766999999999,-12.0,27.77436,19.83883,0.0,-11.903300000000002,-40.0
2010,event_002010.csv,0.0,39.98524,-100.0,-39.98524,124.0,0.0,39.52387,0.0,-39.52387,-68.0,118.8792,79.20150000000001,16.0,-39.67766999999999,-60.0,27.77436,19.83883,0.0,-11.903300000000002,4.0
2011,event_002011.csv,0.0,79.97047,-32.0,-39.98524,-68.0,0.0,39.52387,-88.0,0.0,-100.0,118.8792,39.67760000000001,-100.0,-39.67766999999999,-76.0,23.80659,23.806600000000003,0.0,-7.93553,-48.0
2012,event_002012.csv,0.0,39.98524,-68.0,0.0,-100.0,0.0,39.52387,-52.0,-39.52387,-80.0,158.5568,39.5239,-40.0,-79.35527,-24.0,23.80659,23.806600000000003,0.0,-15.871058999999999,-40.0
2013,event_002013.csv,0.0,39.98524,-36.0,0.0,-100.0,0.0,39.52387,-36.0,-39.52387,80.0,158.5568,39.5239,-28.0,-79.35527,128.0,23.80659,23.806600000000003,0.0,-15.871058999999999,-40.0
2014,event_002014.csv,0.0,39.98524,-84.0,-39.98524,108.0,0.0,39.52387,-32.0,-39.52387,-52.0,158.5568,39.5239,8.0,-79.35527,-4.0,23.80659,23.806600000000003,0.0,-15.871058999999999,20.0
2015,event_002015.csv,0.0,39.98524,-60.0,-39.98524,-92.0,0.0,39.52387,-96.0,-39.52387,36.0,118.8792,118.8792,8.0,-39.67766999999999,-100.0,15.87106,31.742130000000003,0.0,-15.87106,16.0
2016,event_002016.csv,0.0,39.98524,-32.0,-39.98524,32.0,0.0,39.52387,-96.0,0.0,-100.0,118.8792,79.20150000000001,20.0,-39.67766999999999,-44.0,23.80659,23.806600000000003,0.0,-7.93553,20.0
2017,event_002017.csv,0.0,39.98524,-92.0,0.0,-100.0,0.0,39.52387,-88.0,-39.52387,-68.0,118.8792,79.20150000000001,-40.0,-39.67766999999999,-12.0,23.80659,23.806600000000003,0.0,-23.80659,-40.0
2018,event_002018.csv,0.0,39.98524,-64.0,-39.98524,-52.0,0.0,39.52387,32.0,-39.52387,4.0,118.8792,118.8792,-32.0,-79.35533,-8.0,23.80659,23.806600000000003,0.0,-15.871058999999999,-24.0
2019,event_002019.csv,0.0,39.98524,-100.0,-39.98524,-4.0,0.0,39.52387,24.0,-39.52387,-84.0,118.8792,79.20150000000001,20.0,-39.67766999999999,-88.0,23.80659,23.806600000000003,0.0,-15.871058999999999,-36.0
2020,event_002020.csv,0.0,39.98524,-80.0,-39.98524,-44.0,0.0,39.52387,-96.0,-39.52387,-52.0,158.5568,118.87919999999997,12.0,-79.35527,-64.0,15.87106,31.742130000000003,0.0,-23.806591,28.0
2021,event_002021.csv,0.0,39.98524,-96.0,-39.98524,188.0,0.0,39.52387,-56.0,-39.52387,-44.0,158.5568,39.5239,32.0,-79.35527,-8.0,23.80659,23.806600000000003,0.0,-23.80659,20.0
2022,event_002022.csv,0.0,39.98524,-92.0,-39.98524,52.0,0.0,39.52387,-72.0,-39.52387,4.0,158.5568,39.5239,56.0,-79.35527,-28.0,23.80659,23.806600000000003,0.0,-15.871058999999999,8.0
2023,event_002023.csv,0.0,39.98524,-96.0,-39.98524,-12.0,0.0,39.52387,-48.0,-39.52387,-60.0,138.71800000000002,59.36269999999999,-36.0,-99.19413000000002,-12.0,23.80659,23.806600000000003,0.0,-15.871058999999999,-20.0
2024,event_002024.csv,0.0,39.98524,-56.0,-39.98524,-52.0,0.0,39.52387,-56.0,-39.52387,-60.0,118.8792,118.8792,-48.0,-79.35533,-32.0,23.80659,23.806600000000003,0.0,-23.80659,-36.0
2025,event_002025.csv,0.0,39.98524,-96.0,-39.98524,60.0,0.0,79.20153,-72.0,-39.52387,-100.0,118.8792,79.20150000000001,16.0,-39.67766999999999,-100.0,15.87106,31.742130000000003,0.0,-15.87106,-36.0
2026,event_002026.csv,0.0,39.98524,-88.0,0.0,-100.0,0.0,39.52387,48.0,-39.52387,-76.0,118.8792,39.67760000000001,-96.0,-79.35533,120.0,23.80659,23.806600000000003,0.0,-15.871058999999999,20.0
2027,event_002027.csv,0.0,39.98524,-92.0,-39.98524,-36.0,0.0,79.20153,-96.0,-39.52387,-4.0,118.8792,118.8792,144.0,-39.67766999999999,-68.0,23.80659,23.806600000000003,0.0,-23.80659,-28.0
2028,event_002028.csv,0.0,39.98524,-52.0,-39.98524,-28.0,0.0,39.52387,-24.0,-39.52387,-68.0,118.8792,118.8792,-72.0,-79.35533,36.0,31.74213,15.871060000000003,0.0,-15.87107,24.0
2029,event_002029.csv,0.0,39.98524,-92.0,0.0,-100.0,0.0,39.52387,-36.0,-39.52387,72.0,118.8792,79.20150000000001,-60.0,-39.67766999999999,-8.0,23.80659,23.806600000000003,0.0,-15.871058999999999,-40.0
2030,event_002030.csv,0.0,39.98524,-60.0,-39.98524,-64.0,0.0,39.52387,-84.0,-39.52387,-16.0,118.8792,79.20150000000001,20.0,-39.67766999999999,0.0,31.74213,15.871060000000003,0.0,-15.87107,28.0
2031,event_002031.csv,0.0,39.98524,-16.0,-39.98524,-76.0,0.0,39.52387,-96.0,-39.52387,12.0,118.8792,118.8792,152.0,-39.67766999999999,-12.0,31.74213,23.806590000000003,0.0,-15.87107,-40.0
2032,event_002032.csv,0.0,39.98524,-100.0,-39.98524,16.0,0.0,39.52387,-52.0,-39.52387,-88.0,118.8792,118.8792,12.0,-118.8792,40.0,23.80659,23.806600000000003,0.0,-15.871058999999999,16.0
2033,event_002033.csv,0.0,39.98524,-88.0,-39.98524,-44.0,0.0,39.52387,-48.0,-39.52387,-12.0,158.5568,39.5239,-40.0,-79.35527,-12.0,23.80659,23.806600000000003,0.0,-7.93553,-92.0
2034,event_002034.csv,0.0,39.98524,-96.0,-39.98524,-52.0,0.0,39.52387,-24.0,-39.52387,-68.0,118.8792,79.20150000000001,196.0,-79.35533,-20.0,23.80659,23.806600000000003,0.0,-15.871058999999999,-36.0
2035,event_002035.csv,0.0,39.98524,-80.0,0.0,-100.0,0.0,39.52387,-88.0,-39.52387,-92.0,118.8792,118.8792,96.0,-79.35533,40.0,31.74213,15.871060000000003,0.0,-23.806599,28.0
2036,event_002036.csv,0.0,39.98524,-96.0,-39.98524,108.0,0.0,39.52387,16.0,-39.52387,-76.0,118.8792,79.20150000000001,-28.0,-39.67766999999999,-100.0,23.80659,23.806600000000003,0.0,-7.93553,-92.0
2037,event_002037.csv,0.0,39.98524,-56.0,-39.98524,124.0,0.0,39.52387,-96.0,-39.52387,12.0,118.8792,79.20150000000001,-28.0,-39.67766999999999,-12.0,23.80659,23.806600000000003,0.0,-7.93553,-52.0
2038,event_002038.csv,0.0,39.98524,-88.0,-39.98524,8.0,0.0,39.52387,-60.0,-39.52387,144.0,118.8792,79.20150000000001,20.0,-79.35533,0.0,23.80659,23.806600000000003,0.0,-15.871058999999999,24.0
2039,event_002039.csv,0.0,39.98524,-100.0,-39.98524,140.0,0.0,39.52387,-100.0,-39.52387,-56.0,138.71800000000002,59.36269999999999,-28.0,-59.51647000000001,-12.0,23.80659,23.806600000000003,0.0,-15.871058999999999,-16.0
2040,event_002040.csv,0.0,79.97047,72.0,-39.98524,-52.0,0.0,39.52387,-64.0,-79.20153,-76.0,118.8792,118.8792,16.0,-118.8792,28.0,31.74213,15.871060000000003,0.0,-15.87107,20.0
2041,event_002041.csv,0.0,39.98524,-16.0,-39.98524,-20.0,0.0,39.52387,-56.0,-39.52387,52.0,118.8792,79.20150000000001,20.0,-39.67766999999999,-92.0,23.80659,23.806600000000003,0.0,-15.871058999999999,20.0
2042,event_002042.csv,0.0,39.98524,-96.0,-39.98524,84.0,0.0,39.52387,-80.0,-39.52387,-84.0,118.8792,79.20150000000001,-24.0,-39.67766999999999,-44.0,23.80659,23.806600000000003,0.0,-7.93553,-80.0
2043,event_002043.csv,0.0,39.98524,52.0,-39.98524,16.0,0.0,39.52387,-68.0,-39.52387,-48.0,118.8792,79.20150000000001,20.0,-79.35533,-68.0,23.80659,23.806600000000003,0.0,-7.93553,-48.0
2044,event_002044.csv,0.0,39.98524,-84.0,0.0,-100.0,0.0,39.52387,-76.0,-39.52387,-72.0,118.8792,79.20150000000001,96.0,-39.67766999999999,-72.0,31.74213,15.871060000000003,0.0,-15.87107,-48.0
2045,event_002045.csv,0.0,39.98524,-76.0,-39.98524,68.0,0.0,39.52387,-96.0,-39.52387,-100.0,118.8792,79.20150000000001,8.0,-39.67766999999999,-76.0,23.80659,23.806600000000003,0.0,-7.93553,-80.0
2046,event_002046.csv,0.0,39.98524,-72.0,-39.98524,-16.0,0.0,39.52387,48.0,-39.52387,-84.0,118.8792,118.8792,-32.0,-79.35533,-60.0,23.80659,23.806600000000003,0.0,-15.871058999999999,-40.0
2047,event_002047.csv,0.0,39.98524,-96.0,0.0,-100.0,0.0,39.52387,8.0,-39.52387,-100.0,118.8792,79.20150000000001,-44.0,-39.67766999999999,-4.0,27.77436,19.83883,0.0,-11.903300000000002,-20.0
2048,event_002048.csv,0.0,39.98524,-100.0,-39.98524,-24.0,0.0,39.52387,-60.0,-39.52387,-48.0,158.5568,39.5239,-28.0,-79.35527,-12.0,23.80659,23.806600000000003,0.0,-15.871058999999999,-40.0
2049,event_002049.csv,0.0,39.98524,-56.0,0.0,-100.0,0.0,39.52387,-72.0,-39.52387,36.0,158.5568,39.5239,-72.0,-79.35527,4.0,23.80659,23.806600000000003,0.0,-15.871058999999999,-36.0
2050,event_002050.csv,0.0,39.98524,-80.0,-39.98524,-100.0,0.0,39.52387,72.0,-39.52387,-92.0,118.8792,79.20150000000001,16.0,-39.67766999999999,-100.0,23.80659,23.806600000000003,0.0,-15.871058999999999,-48.0
2051,event_002051.csv,0.0,39.98524,-68.0,-39.98524,8.0,0.0,39.52387,-100.0,-39.52387,16.0,158.5568,39.5239,12.0,-79.35527,-8.0,15.87106,31.742130000000003,0.0,-7.935529,-36.0
2052,event_002052.csv,0.0,39.98524,-96.0,-39.98524,116.0,0.0,39.52387,-80.0,-39.52387,-36.0,118.8792,79.20150000000001,64.0,-39.67766999999999,-56.0,23.80659,23.806600000000003,0.0,-7.93553,-64.0
2053,event_002053.csv,0.0,39.98524,-44.0,-39.98524,32.0,0.0,39.52387,-100.0,-39.52387,-96.0,118.8792,79.20150000000001,-40.0,-39.67766999999999,-64.0,23.80659,31.742130000000003,0.0,-15.871058999999999,-36.0
2054,event_002054.csv,0.0,39.98524,-100.0,-39.98524,-28.0,0.0,39.52387,-100.0,-39.52387,-52.0,118.8792,79.20150000000001,20.0,-39.67766999999999,-96.0,23.80659,23.806600000000003,0.0,-15.871058999999999,-36.0
2055,event_002055.csv,0.0,39.98524,-92.0,-39.98524,-100.0,0.0,39.52387,-88.0,-39.52387,-84.0,118.8792,79.20150000000001,144.0,-39.67766999999999,-100.0,23.80659,23.806600000000003,0.0,-7.93553,-52.0
2056,event_002056.csv,0.0,39.98524,-100.0,-39.98524,108.0,0.0,39.52387,-32.0,-39.52387,-60.0,158.5568,39.5239,152.0,-119.03293000000001,180.0,23.80659,23.806600000000003,0.0,-15.871058999999999,-36.0
2057,event_002057.csv,0.0,39.98524,-100.0,0.0,-96.0,0.0,39.52387,-4.0,-39.52387,-80.0,118.8792,79.20150000000001,-40.0,-39.67766999999999,32.0,31.74213,15.871060000000003,0.0,-15.87107,-40.0
2058,event_002058.csv,0.0,39.98524,-52.0,-39.98524,-88.0,0.0,39.52387,-76.0,-39.52387,-96.0,118.8792,118.8792,12.0,-39.67766999999999,-76.0,23.80659,23.806600000000003,0.0,-23.80659,-40.0
2059,event_002059.csv,0.0,39.98524,-96.0,-39.98524,28.0,0.0,39.52387,-88.0,-39.52387,-76.0,118.8792,79.20150000000001,64.0,-39.67766999999999,-20.0,23.80659,23.806600000000003,0.0,-7.93553,-36.0
2060,event_002060.csv,0.0,39.98524,-40.0,-39.98524,28.0,0.0,39.52387,-96.0,-39.52387,-44.0,118.8792,356.7913,12.0,-39.67766999999999,-40.0,23.80659,23.806600000000003,0.0,-15.871058999999999,28.0
2061,event_002061.csv,0.0,39.98524,-88.0,-39.98524,16.0,0.0,39.52387,-36.0,-39.52387,-24.0,118.8792,79.20150000000001,-28.0,-39.67766999999999,-68.0,23.80659,23.806600000000003,0.0,-15.871058999999999,-48.0
2062,event_002062.csv,0.0,39.98524,-84.0,-39.98524,104.0,0.0,79.20153,-8.0,-39.52387,-84.0,118.8792,79.20150000000001,8.0,-39.67766999999999,-12.0,23.80659,23.806600000000003,0.0,-15.871058999999999,-52.0
2063,event_002063.csv,0.0,39.98524,-100.0,0.0,-96.0,0.0,39.52387,-96.0,-39.52387,-52.0,118.8792,79.20150000000001,-80.0,-39.67766999999999,-48.0,23.80659,23.806600000000003,0.0,-23.80659,-52.0
2064,event_002064.csv,0.0,79.97047,148.0,0.0,-100.0,0.0,39.52387,-52.0,-39.52387,-80.0,118.8792,79.20150000000001,100.0,-39.67766999999999,-48.0,31.74213,15.871060000000003,0.0,-23.806599,8.0
2065,event_002065.csv,0.0,39.98524,-40.0,-39.98524,-60.0,0.0,39.52387,-40.0,-39.52387,-84.0,118.8792,79.20150000000001,56.0,-79.35533,176.0,23.80659,23.806600000000003,0.0,-15.871058999999999,-36.0
2066,event_002066.csv,0.0,39.98524,-80.0,0.0,-100.0,0.0,39.52387,-100.0,-39.52387,48.0,118.8792,79.20150000000001,-36.0,-39.67766999999999,-72.0,23.80659,23.806600000000003,0.0,-15.871058999999999,-48.0
2067,event_002067.csv,0.0,39.98524,-72.0,-39.98524,-60.0,0.0,39.52387,-80.0,-39.52387,-28.0,158.5568,39.5239,8.0,-119.03293000000001,36.0,23.80659,23.806600000000003,0.0,-15.871058999999999,28.0
2068,event_002068.csv,0.0,39.98524,-84.0,-39.98524,84.0,0.0,39.52387,-96.0,-39.52387,-84.0,158.5568,39.5239,-40.0,-79.35527,-64.0,23.80659,23.806600000000003,0.0,-15.871058999999999,-28.0
2069,event_002069.csv,0.0,39.98524,-80.0,-39.98524,116.0,0.0,39.52387,-80.0,-39.52387,-44.0,158.5568,39.5239,-40.0,-79.35527,108.0,23.80659,23.806600000000003,0.0,-15.871058999999999,20.0
2070,event_002070.csv,0.0,39.98524,-48.0,0.0,-100.0,0.0,39.52387,-24.0,-39.52387,92.0,118.8792,118.8792,64.0,-79.35533,172.0,23.80659,23.806600000000003,0.0,-15.871058999999999,20.0
2071,event_002071.csv,0.0,39.98524,-80.0,0.0,-100.0,0.0,39.52387,-80.0,-39.52387,-100.0,118.8792,396.46900000000005,200.0,-39.67766999999999,-60.0,23.80659,23.806600000000003,0.0,-15.871058999999999,-52.0
2072,event_002072.csv,0.0,39.98524,-76.0,-39.98524,-100.0,0.0,39.52387,-16.0,-39.52387,-100.0,118.8792,79.20150000000001,-80.0,-39.67766999999999,-4.0,15.87106,31.742130000000003,0.0,-15.87106,20.0
2073,event_002073.csv,0.0,39.98524,-76.0,-39.98524,32.0,0.0,39.52387,-4.0,-39.52387,-40.0,118.8792,118.8792,-76.0,-79.35533,-56.0,23.80659,23.806600000000003,0.0,-15.871058999999999,8.0
2074,event_002074.csv,0.0,39.98524,-88.0,-39.98524,156.0,0.0,39.52387,-88.0,-39.52387,-84.0,158.5568,39.5239,4.0,-119.03293000000001,44.0,23.80659,23.806600000000003,0.0,-15.871058999999999,28.0
2075,event_002075.csv,0.0,39.98524,-44.0,0.0,-100.0,0.0,39.52387,-96.0,0.0,-100.0,158.5568,39.5239,-64.0,-79.35527,36.0,23.80659,23.806600000000003,0.0,-23.80659,-40.0
2076,event_002076.csv,0.0,39.98524,-96.0,-39.98524,-12.0,0.0,39.52387,-24.0,-39.52387,-12.0,158.5568,79.20159999999998,104.0,-119.03293000000001,24.0,23.80659,23.806600000000003,0.0,-7.93553,-92.0
2077,event_002077.csv,0.0,39.98524,-64.0,-39.98524,28.0,0.0,39.52387,-64.0,-39.52387,-92.0,118.8792,118.8792,16.0,-79.35533,120.0,23.80659,23.806600000000003,0.0,-15.871058999999999,-40.0
2078,event_002078.csv,0.0,39.98524,-72.0,0.0,-100.0,0.0,39.52387,-88.0,-39.52387,132.0,158.5568,39.5239,-40.0,-79.35527,-44.0,15.87106,31.742130000000003,0.0,-15.87106,-36.0
2079,event_002079.csv,0.0,39.98524,-80.0,0.0,-100.0,0.0,39.52387,-72.0,-39.52387,-92.0,158.5568,79.20159999999998,144.0,-79.35527,-84.0,23.80659,23.806600000000003,0.0,-15.871058999999999,-52.0
2080,event_002080.csv,0.0,39.98524,-92.0,-39.98524,-60.0,0.0,39.52387,104.0,-39.52387,-68.0,118.8792,118.8792,100.0,-118.8792,124.0,23.80659,23.806600000000003,0.0,-15.871058999999999,-40.0
2081,event_002081.csv,0.0,39.98524,-80.0,-39.98524,-20.0,0.0,39.52387,-24.0,-39.52387,-52.0,118.8792,79.20150000000001,96.0,-39.67766999999999,44.0,23.80659,23.806600000000003,0.0,-7.93553,-48.0
2082,event_002082.csv,0.0,39.98524,-96.0,-39.98524,-60.0,0.0,79.20153,8.0,-39.52387,-100.0,118.8792,118.8792,104.0,-79.35533,28.0,15.87106,31.742130000000003,0.0,-15.87106,-40.0
2083,event_002083.csv,0.0,39.98524,-68.0,-39.98524,-76.0,0.0,39.52387,-80.0,-39.52387,-100.0,158.5568,39.5239,104.0,-79.35527,-60.0,23.80659,23.806600000000003,0.0,-7.93553,-92.0
2084,event_002084.csv,0.0,39.98524,-96.0,-39.98524,-100.0,0.0,39.52387,-96.0,-39.52387,-80.0,158.5568,39.5239,-32.0,-79.35527,-8.0,23.80659,23.806600000000003,0.0,-15.871058999999999,-40.0
2085,event_002085.csv,0.0,39.98524,-92.0,0.0,-100.0,0.0,39.52387,-60.0,-39.52387,104.0,158.5568,79.20159999999998,-28.0,-79.35527,-84.0,31.74213,15.871060000000003,0.0,-23.806599,-40.0
2086,event_002086.csv,0.0,39.98524,-80.0,-39.98524,-68.0,0.0,79.20153,-100.0,-39.52387,116.0,118.8792,79.20150000000001,4.0,-39.67766999999999,-12.0,23.80659,23.806600000000003,0.0,-15.871058999999999,-20.0
2087,event_002087.csv,0.0,39.98524,-96.0,-39.98524,64.0,0.0,39.52387,-8.0,-39.52387,-28.0,118.8792,118.8792,8.0,-79.35533,-92.0,23.80659,31.742130000000003,0.0,-23.80659,20.0
2088,event_002088.csv,0.0,39.98524,-72.0,0.0,-100.0,0.0,39.52387,-96.0,-39.52387,-20.0,118.8792,118.8792,8.0,-39.67766999999999,-100.0,23.80659,23.806600000000003,0.0,-15.871058999999999,-76.0
2089,event_002089.csv,0.0,39.98524,-28.0,-39.98524,32.0,0.0,39.52387,-100.0,-39.52387,-88.0,118.8792,79.20150000000001,-40.0,-39.67766999999999,-48.0,23.80659,23.806600000000003,0.0,-15.871058999999999,-40.0
2090,event_002090.csv,0.0,39.98524,-80.0,-39.98524,20.0,0.0,39.52387,-72.0,-39.52387,-60.0,158.5568,39.5239,24.0,-79.35527,-12.0,23.80659,23.806600000000003,0.0,-15.871058999999999,-40.0
2091,event_002091.csv,0.0,39.98524,-100.0,-39.98524,-32.0,0.0,79.20153,60.0,-39.52387,-72.0,118.8792,118.8792,148.0,-39.67766999999999,-56.0,23.80659,23.806600000000003,0.0,-15.871058999999999,-40.0
2092,event_002092.csv,0.0,39.98524,-40.0,-39.98524,-28.0,0.0,39.52387,-64.0,-39.52387,-20.0,118.8792,118.8792,8.0,-39.67766999999999,-92.0,23.80659,23.806600000000003,0.0,-7.93553,-100.0
2093,event_002093.csv,0.0,39.98524,-92.0,-39.98524,-68.0,0.0,39.52387,-100.0,-39.52387,-64.0,118.8792,118.8792,116.0,-79.35533,32.0,23.80659,23.806600000000003,0.0,-15.871058999999999,28.0
2094,event_002094.csv,0.0,39.98524,-92.0,-39.98524,108.0,0.0,39.52387,-64.0,-39.52387,-60.0,118.8792,118.8792,148.0,-79.35533,124.0,23.80659,23.806600000000003,0.0,-23.80659,-40.0
2095,event_002095.csv,0.0,39.98524,-76.0,-39.98524,-84.0,0.0,39.52387,-88.0,-39.52387,-36.0,158.5568,39.5239,140.0,-79.35527,28.0,23.80659,23.806600000000003,0.0,-15.871058999999999,-40.0
2096,event_002096.csv,0.0,39.98524,-56.0,-39.98524,-84.0,0.0,39.52387,-72.0,-39.52387,20.0,118.8792,79.20150000000001,16.0,-79.35533,164.0,23.80659,23.806600000000003,0.0,-15.871058999999999,52.0
2097,event_002097.csv,0.0,39.98524,-64.0,0.0,-100.0,0.0,39.52387,-88.0,-39.52387,124.0,138.71800000000002,59.36269999999999,16.0,-59.51647000000001,-44.0,31.74213,15.871060000000003,0.0,-23.806599,-36.0
2098,event_002098.csv,0.0,39.98524,-36.0,-39.98524,-44.0,0.0,39.52387,-48.0,-39.52387,-28.0,118.8792,79.20150000000001,-32.0,-39.67766999999999,-68.0,31.74213,15.871060000000003,0.0,-15.87107,-52.0
2099,event_002099.csv,0.0,39.98524,-84.0,-39.98524,-12.0,0.0,39.52387,144.0,-39.52387,-28.0,118.8792,118.8792,20.0,-39.67766999999999,-64.0,23.80659,23.806600000000003,0.0,-15.871058999999999,-52.0
2100,event_002100.csv,0.0,39.98524,-80.0,-39.98524,80.0,0.0,39.52387,-84.0,-39.52387,-24.0,118.8792,79.20150000000001,8.0,-79.35533,32.0,31.74213,15.871060000000003,0.0,-23.806599,24.0
2101,event_002101.csv,0.0,39.98524,-72.0,-39.98524,48.0,0.0,39.52387,-64.0,-39.52387,-60.0,118.8792,79.20150000000001,-60.0,-39.67766999999999,28.0,23.80659,23.806600000000003,0.0,-15.871058999999999,-40.0
2102,event_002102.csv,0.0,39.98524,-92.0,0.0,-100.0,0.0,39.52387,-72.0,-39.52387,-68.0,118.8792,79.20150000000001,16.0,-79.35533,40.0,23.80659,23.806600000000003,0.0,-7.93553,-64.0
2103,event_002103.csv,0.0,39.98524,-92.0,0.0,-100.0,0.0,39.52387,-84.0,-39.52387,0.0,158.5568,79.20159999999998,140.0,-79.35527,-96.0,23.80659,23.806600000000003,0.0,-15.871058999999999,-64.0
2104,event_002104.csv,0.0,39.98524,-100.0,-39.98524,28.0,0.0,39.52387,-56.0,-39.52387,-68.0,158.5568,39.5239,-40.0,-119.03293000000001,36.0,23.80659,23.806600000000003,0.0,-23.80659,-36.0
2105,event_002105.csv,0.0,39.98524,-72.0,0.0,-100.0,0.0,39.52387,16.0,-39.52387,-24.0,118.8792,79.20150000000001,8.0,-118.8792,84.0,23.80659,23.806600000000003,0.0,-7.93553,-36.0
2106,event_002106.csv,0.0,39.98524,-88.0,0.0,-100.0,0.0,39.52387,-64.0,-39.52387,4.0,118.8792,79.20150000000001,-72.0,-39.67766999999999,-100.0,23.80659,23.806600000000003,0.0,-15.871058999999999,116.0
2107,event_002107.csv,0.0,39.98524,-40.0,0.0,-100.0,0.0,39.52387,72.0,-39.52387,-20.0,118.8792,79.20150000000001,-28.0,-79.35533,76.0,15.87106,31.742130000000003,0.0,-15.87106,8.0
2108,event_002108.csv,0.0,39.98524,-72.0,0.0,-100.0,0.0,39.52387,-96.0,-39.52387,-12.0,158.5568,39.5239,12.0,-119.03293000000001,4.0,23.80659,23.806600000000003,0.0,-15.871058999999999,28.0
2109,event_002109.csv,0.0,39.98524,-100.0,-39.98524,68.0,0.0,39.52387,-56.0,-39.52387,-100.0,138.71800000000002,99.04039999999998,8.0,-59.51647000000001,-92.0,23.80659,23.806600000000003,0.0,-15.871058999999999,-28.0
2110,event_002110.csv,0.0,39.98524,-24.0,-39.98524,-72.0,0.0,39.52387,-72.0,-39.52387,-76.0,118.8792,118.8792,8.0,-79.35533,-8.0,23.80659,23.806600000000003,0.0,-15.871058999999999,16.0
2111,event_002111.csv,0.0,39.98524,-84.0,-39.98524,180.0,0.0,39.52387,-88.0,-39.52387,-68.0,118.8792,79.20150000000001,8.0,-39.67766999999999,-68.0,15.87106,31.742130000000003,0.0,-15.87106,20.0
2112,event_002112.csv,0.0,39.98524,-12.0,-39.98524,-20.0,0.0,39.52387,-96.0,-39.52387,76.0,118.8792,79.20150000000001,4.0,-79.35533,172.0,23.80659,23.806600000000003,0.0,-7.93553,-52.0
2113,event_002113.csv,0.0,39.98524,-52.0,-39.98524,-72.0,0.0,39.52387,20.0,-39.52387,16.0,118.8792,79.20150000000001,8.0,-39.67766999999999,-56.0,23.80659,23.806600000000003,0.0,-15.871058999999999,-40.0
2114,event_002114.csv,0.0,39.98524,-88.0,-39.98524,-60.0,0.0,39.52387,-80.0,-39.52387,-92.0,118.8792,79.20150000000001,-28.0,-39.67766999999999,-44.0,23.80659,23.806600000000003,0.0,-15.871058999999999,-28.0
2115,event_002115.csv,0.0,39.98524,-88.0,-39.98524,40.0,0.0,39.52387,-32.0,-39.52387,-44.0,158.5568,39.5239,-24.0,-79.35527,-76.0,31.74213,15.871060000000003,0.0,-15.87107,-48.0
2116,event_002116.csv,0.0,39.98524,-88.0,-39.98524,12.0,0.0,39.52387,-96.0,-39.52387,-84.0,118.8792,79.20150000000001,8.0,-39.67766999999999,-12.0,23.80659,23.806600000000003,0.0,-15.871058999999999,-40.0
2117,event_002117.csv,0.0,39.98524,-92.0,0.0,-100.0,0.0,39.52387,-92.0,-39.52387,-60.0,118.8792,79.20150000000001,12.0,-79.35533,36.0,23.80659,23.806600000000003,0.0,-15.871058999999999,20.0
2118,event_002118.csv,0.0,39.98524,-96.0,-39.98524,-44.0,0.0,39.52387,-64.0,-39.52387,-76.0,118.8792,118.8792,144.0,-39.67766999999999,36.0,31.74213,23.806590000000003,0.0,-15.87107,-60.0
2119,event_002119.csv,0.0,39.98524,-92.0,0.0,-100.0,0.0,39.52387,-100.0,-39.52387,-80.0,118.8792,79.20150000000001,20.0,-39.67766999999999,-68.0,23.80659,23.806600000000003,0.0,-7.93553,-52.0
2120,event_002120.csv,0.0,39.98524,4.0,-39.98524,92.0,0.0,39.52387,44.0,-39.52387,-88.0,118.8792,79.20150000000001,-40.0,-39.67766999999999,-56.0,23.80659,23.806600000000003,0.0,-15.871058999999999,16.0
2121,event_002121.csv,0.0,39.98524,-96.0,-39.98524,-40.0,0.0,39.52387,4.0,-39.52387,-64.0,138.71800000000002,99.04039999999998,12.0,-59.51647000000001,32.0,23.80659,23.806600000000003,0.0,-15.871058999999999,-36.0
2122,event_002122.csv,0.0,39.98524,-80.0,-39.98524,-92.0,0.0,39.52387,-96.0,-39.52387,-44.0,118.8792,79.20150000000001,88.0,-39.67766999999999,-92.0,31.74213,15.871060000000003,0.0,-15.87107,-52.0
2123,event_002123.csv,0.0,39.98524,-84.0,-39.98524,136.0,0.0,39.52387,100.0,-39.52387,-56.0,118.8792,79.20150000000001,12.0,-79.35533,-12.0,23.80659,23.806600000000003,0.0,-15.871058999999999,-40.0
2124,event_002124.csv,0.0,39.98524,-84.0,-39.98524,24.0,0.0,39.52387,-60.0,-39.52387,-48.0,158.5568,39.5239,-84.0,-79.35527,-8.0,31.74213,15.871060000000003,0.0,-23.806599,16.0
2125,event_002125.csv,0.0,39.98524,-92.0,-39.98524,-48.0,0.0,39.52387,-92.0,-39.52387,-24.0,118.8792,118.8792,20.0,-79.35533,124.0,31.74213,15.871060000000003,0.0,-23.806599,-36.0
2126,event_002126.csv,0.0,39.98524,-88.0,-39.98524,-52.0,0.0,39.52387,-72.0,-39.52387,20.0,118.8792,79.20150000000001,-92.0,-39.67766999999999,-68.0,23.80659,23.806600000000003,0.0,-15.871058999999999,-40.0
2127,event_002127.csv,0.0,39.98524,-92.0,-39.98524,-100.0,0.0,39.52387,-88.0,-39.52387,52.0,118.8792,118.8792,56.0,-79.35533,-52.0,23.80659,23.806600000000003,0.0,-15.871058999999999,-68.0
2128,event_002128.csv,0.0,39.98524,-92.0,0.0,-100.0,0.0,39.52387,-44.0,-39.52387,192.0,118.8792,118.8792,20.0,-39.67766999999999,-100.0,23.80659,23.806600000000003,0.0,-15.871058999999999,-40.0
2129,event_002129.csv,0.0,39.98524,-100.0,-39.98524,76.0,0.0,39.52387,-88.0,-39.52387,20.0,138.71800000000002,99.04039999999998,64.0,-99.19413000000002,40.0,23.80659,23.806600000000003,0.0,-15.871058999999999,20.0
2130,event_002130.csv,0.0,39.98524,-72.0,0.0,-100.0,0.0,39.52387,-48.0,-39.52387,-92.0,158.5568,79.20159999999998,156.0,-119.03293000000001,-12.0,15.87106,31.742130000000003,0.0,-7.935529,-40.0
2131,event_002131.csv,0.0,39.98524,-72.0,0.0,-100.0,0.0,39.52387,-96.0,-39.52387,-84.0,158.5568,39.5239,-76.0,-79.35527,-100.0,23.80659,23.806600000000003,0.0,-7.93553,-76.0
2132,event_002132.csv,0.0,39.98524,-100.0,-39.98524,-60.0,0.0,39.52387,-96.0,-39.52387,-92.0,118.8792,79.20150000000001,-72.0,-79.35533,-48.0,31.74213,15.871060000000003,0.0,-15.87107,-24.0
2133,event_002133.csv,0.0,39.98524,-96.0,0.0,-100.0,0.0,39.52387,-28.0,-39.52387,-88.0,158.5568,79.20159999999998,52.0,-119.03293000000001,36.0,23.80659,23.806600000000003,0.0,-15.871058999999999,20.0
2134,event_002134.csv,0.0,39.98524,-100.0,-39.98524,200.0,0.0,39.52387,-76.0,-39.52387,-48.0,118.8792,118.8792,12.0,-39.67766999999999,-72.0,31.74213,15.871060000000003,0.0,-15.87107,-64.0
2135,event_002135.csv,0.0,39.98524,-84.0,-39.98524,-48.0,0.0,39.52387,-84.0,-39.52387,-72.0,118.8792,79.20150000000001,16.0,-39.67766999999999,-88.0,23.80659,23.806600000000003,0.0,-15.871058999999999,-40.0
2136,event_002136.csv,0.0,39.98524,-72.0,-39.98524,-60.0,0.0,39.52387,-72.0,-39.52387,-36.0,158.5568,39.5239,140.0,-79.35527,-60.0,27.77436,19.83883,0.0,-11.903300000000002,-64.0
2137,event_002137.csv,0.0,39.98524,-96.0,0.0,-100.0,0.0,39.52387,-8.0,-39.52387,-68.0,118.8792,118.8792,8.0,-79.35533,-20.0,31.74213,15.871060000000003,0.0,-15.87107,-20.0
2138,event_002138.csv,0.0,39.98524,-88.0,-39.98524,20.0,0.0,39.52387,-80.0,-39.52387,-68.0,118.8792,79.20150000000001,-36.0,-79.35533,-12.0,23.80659,23.806600000000003,0.0,-15.871058999999999,-92.0
2139,event_002139.csv,0.0,39.98524,-96.0,-39.98524,-56.0,0.0,39.52387,-88.0,-39.52387,-44.0,118.8792,118.8792,64.0,-79.35533,40.0,23.80659,23.806600000000003,0.0,-15.871058999999999,24.0
2140,event_002140.csv,0.0,39.98524,-92.0,-39.98524,-68.0,0.0,39.52387,-64.0,-39.52387,-60.0,118.8792,79.20150000000001,-40.0,-39.67766999999999,-100.0,23.80659,23.806600000000003,0.0,-15.871058999999999,-40.0
2141,event_002141.csv,0.0,39.98524,-92.0,-39.98524,-36.0,0.0,39.52387,-88.0,-39.52387,-44.0,118.8792,79.20150000000001,128.0,-39.67766999999999,-84.0,31.74213,15.871060000000003,0.0,-15.87107,20.0
2142,event_002142.csv,0.0,39.98524,-100.0,-39.98524,168.0,0.0,39.52387,20.0,-39.52387,-96.0,118.8792,79.20150000000001,20.0,-79.35533,184.0,23.80659,23.806600000000003,0.0,-23.80659,20.0
2143,event_002143.csv,0.0,39.98524,-100.0,0.0,-96.0,0.0,39.52387,-96.0,-39.52387,-76.0,138.71800000000002,59.36269999999999,20.0,-59.51647000000001,4.0,23.80659,23.806600000000003,0.0,-7.93553,-28.0
2144,event_002144.csv,0.0,39.98524,-100.0,-39.98524,20.0,0.0,39.52387,-76.0,-39.52387,-36.0,118.8792,118.8792,60.0,-39.67766999999999,-76.0,23.80659,23.806600000000003,0.0,-7.93553,-52.0
2145,event_002145.csv,0.0,39.98524,-92.0,-39.98524,64.0,0.0,39.52387,-36.0,-39.52387,-88.0,158.5568,39.5239,-28.0,-79.35527,-8.0,23.80659,23.806600000000003,0.0,-15.871058999999999,20.0
2146,event_002146.csv,0.0,39.98524,-88.0,-39.98524,-28.0,0.0,39.52387,-96.0,-39.52387,-100.0,118.8792,79.20150000000001,8.0,-79.35533,36.0,31.74213,15.871060000000003,0.0,-15.87107,20.0
2147,event_002147.csv,0.0,39.98524,-76.0,-39.98524,-96.0,0.0,39.52387,-68.0,-39.52387,36.0,118.8792,158.55679999999998,-44.0,-79.35533,-68.0,23.80659,23.806600000000003,0.0,-15.871058999999999,-40.0
2148,event_002148.csv,0.0,39.98524,-100.0,0.0,-92.0,0.0,39.52387,-48.0,-39.52387,-76.0,138.71800000000002,59.36269999999999,-80.0,-99.19413000000002,36.0,23.80659,23.806600000000003,0.0,-7.93553,-76.0
2149,event_002149.csv,0.0,39.98524,-100.0,-39.98524,-88.0,0.0,39.52387,-76.0,-39.52387,-40.0,158.5568,39.5239,8.0,-79.35527,-8.0,23.80659,23.806600000000003,0.0,-15.871058999999999,144.0
2150,event_002150.csv,0.0,39.98524,-100.0,-39.98524,-60.0,0.0,39.52387,-56.0,-39.52387,28.0,118.8792,79.20150000000001,-80.0,-39.67766999999999,-100.0,23.80659,31.742130000000003,0.0,-15.871058999999999,-36.0
2151,event_002151.csv,0.0,39.98524,-56.0,-39.98524,12.0,0.0,39.52387,-96.0,-39.52387,-4.0,118.8792,79.20150000000001,152.0,-79.35533,-12.0,23.80659,23.806600000000003,0.0,-15.871058999999999,20.0
2152,event_002152.csv,0.0,79.97047,-8.0,-39.98524,0.0,0.0,79.20153,152.0,-39.52387,-20.0,118.8792,79.20150000000001,-48.0,-39.67766999999999,-64.0,23.80659,23.806600000000003,0.0,-15.871058999999999,-36.0
2153,event_002153.csv,0.0,39.98524,-96.0,-39.98524,172.0,0.0,39.52387,-24.0,-39.52387,-60.0,138.71800000000002,59.36269999999999,-76.0,-59.51647000000001,-92.0,23.80659,23.806600000000003,0.0,-15.871058999999999,-20.0
2154,event_002154.csv,0.0,39.98524,-96.0,-39.98524,-20.0,0.0,39.52387,-32.0,-39.52387,-52.0,118.8792,79.20150000000001,24.0,-118.8792,124.0,23.80659,23.806600000000003,0.0,-15.871058999999999,-36.0
2155,event_002155.csv,0.0,39.98524,-92.0,-39.98524,24.0,0.0,39.52387,-36.0,-39.52387,-32.0,158.5568,39.5239,12.0,-79.35527,-100.0,23.80659,23.806600000000003,0.0,-15.871058999999999,-40.0
2156,event_002156.csv,0.0,39.98524,-96.0,-39.98524,-76.0,0.0,39.52387,-56.0,-39.52387,20.0,118.8792,79.20150000000001,84.0,-39.67766999999999,-64.0,23.80659,23.806600000000003,0.0,-15.871058999999999,-52.0
2157,event_002157.csv,0.0,39.98524,-96.0,-39.98524,148.0,0.0,39.52387,-88.0,-39.52387,44.0,118.8792,118.8792,52.0,-39.67766999999999,-84.0,23.80659,31.742130000000003,44.0,-15.871058999999999,4.0
2158,event_002158.csv,0.0,39.98524,-64.0,0.0,-100.0,0.0,79.20153,196.0,-39.52387,64.0,118.8792,79.20150000000001,64.0,-39.67766999999999,-100.0,27.77436,19.83883,0.0,-11.903300000000002,-64.0
2159,event_002159.csv,0.0,39.98524,-92.0,0.0,-100.0,0.0,39.52387,-88.0,-39.52387,-60.0,118.8792,79.20150000000001,-48.0,-79.35533,-8.0,15.87106,31.742130000000003,0.0,-23.806591,-36.0
2160,event_002160.csv,0.0,39.98524,-100.0,0.0,-96.0,0.0,39.52387,-12.0,-39.52387,-100.0,118.8792,118.8792,8.0,-39.67766999999999,-92.0,23.80659,23.806600000000003,0.0,-23.80659,20.0
2161,event_002161.csv,0.0,39.98524,-100.0,-39.98524,164.0,0.0,39.52387,-56.0,-39.52387,-84.0,118.8792,79.20150000000001,8.0,-39.67766999999999,-12.0,23.80659,31.742130000000003,0.0,-15.871058999999999,-48.0
2162,event_002162.csv,0.0,39.98524,-88.0,-39.98524,-36.0,0.0,39.52387,-72.0,-39.52387,-76.0,158.5568,39.5239,24.0,-119.03293000000001,172.0,23.80659,23.806600000000003,0.0,-15.871058999999999,-36.0
2163,event_002163.csv,0.0,39.98524,-76.0,-39.98524,196.0,0.0,39.52387,-96.0,-39.52387,-92.0,158.5568,39.5239,-92.0,-79.35527,-76.0,23.80659,23.806600000000003,0.0,-15.871058999999999,76.0
2164,event_002164.csv,0.0,39.98524,-100.0,0.0,-92.0,0.0,39.52387,-80.0,-39.52387,-100.0,158.5568,79.20159999999998,24.0,-119.03293000000001,48.0,23.80659,23.806600000000003,0.0,-15.871058999999999,-52.0
2165,event_002165.csv,0.0,39.98524,-88.0,0.0,-100.0,0.0,39.52387,-56.0,-39.52387,-12.0,158.5568,39.5239,-28.0,-79.35527,-52.0,23.80659,23.806600000000003,0.0,-7.93553,-64.0
2166,event_002166.csv,0.0,39.98524,-100.0,-39.98524,92.0,0.0,39.52387,-72.0,-39.52387,-76.0,118.8792,79.20150000000001,12.0,-79.35533,-20.0,23.80659,23.806600000000003,0.0,-15.871058999999999,-28.0
2167,event_002167.csv,0.0,39.98524,-92.0,0.0,-100.0,0.0,39.52387,-100.0,-39.52387,-16.0,118.8792,277.43600000000004,-76.0,-39.67766999999999,176.0,23.80659,23.806600000000003,0.0,-15.871058999999999,-36.0
2168,event_002168.csv,0.0,39.98524,-96.0,-39.98524,88.0,0.0,39.52387,-28.0,-39.52387,-32.0,118.8792,79.20150000000001,60.0,-39.67766999999999,-12.0,23.80659,23.806600000000003,0.0,-15.871058999999999,-48.0
2169,event_002169.csv,0.0,39.98524,-100.0,0.0,-96.0,0.0,39.52387,-96.0,-39.52387,4.0,158.5568,79.20159999999998,52.0,-119.03293000000001,-52.0,23.80659,23.806600000000003,0.0,-15.871058999999999,20.0
2170,event_002170.csv,0.0,39.98524,-72.0,-39.98524,-20.0,0.0,39.52387,-96.0,-39.52387,-100.0,158.5568,39.5239,-76.0,-79.35527,-100.0,31.74213,15.871060000000003,0.0,-23.806599,68.0
2171,event_002171.csv,0.0,39.98524,-72.0,0.0,-100.0,0.0,39.52387,-40.0,-39.52387,-12.0,118.8792,118.8792,16.0,-118.8792,32.0,23.80659,23.806600000000003,0.0,-23.80659,8.0
2172,event_002172.csv,0.0,39.98524,-100.0,-39.98524,120.0,0.0,39.52387,-100.0,-39.52387,32.0,158.5568,39.5239,-28.0,-79.35527,-88.0,23.80659,23.806600000000003,0.0,-15.871058999999999,-28.0
2173,event_002173.csv,0.0,39.98524,-68.0,-39.98524,36.0,0.0,79.20153,48.0,-39.52387,-100.0,158.5568,39.5239,56.0,-119.03293000000001,36.0,23.80659,23.806600000000003,0.0,-15.871058999999999,28.0
2174,event_002174.csv,0.0,39.98524,-100.0,0.0,-92.0,0.0,39.52387,-44.0,-39.52387,56.0,118.8792,79.20150000000001,140.0,-39.67766999999999,-92.0,23.80659,23.806600000000003,0.0,-15.871058999999999,-40.0
2175,event_002175.csv,0.0,39.98524,-100.0,0.0,-96.0,0.0,39.52387,-76.0,-39.52387,-96.0,118.8792,79.20150000000001,-84.0,-39.67766999999999,120.0,23.80659,23.806600000000003,0.0,-7.93553,-64.0
2176,event_002176.csv,0.0,39.98524,-100.0,-39.98524,-60.0,0.0,39.52387,-96.0,-39.52387,20.0,158.5568,39.5239,72.0,-79.35527,-64.0,15.87106,31.742130000000003,0.0,-15.87106,-36.0
2177,event_002177.csv,0.0,1879.921,4.0,0.0,-100.0,0.0,2974.902,4.0,-39.52387,-36.0,118.8792,4881.1208,0.0,0.0,-100.0,-7.935531,95.257131,8.0,-31.742129000000002,-12.0
2178,event_002178.csv,0.0,39.98524,-96.0,0.0,-100.0,0.0,39.52387,-32.0,-39.52387,-84.0,118.8792,79.20150000000001,8.0,-39.67766999999999,-100.0,23.80659,23.806600000000003,0.0,-7.93553,-52.0
2179,event_002179.csv,0.0,39.98524,-68.0,-39.98524,-8.0,0.0,39.52387,-100.0,-39.52387,16.0,118.8792,79.20150000000001,8.0,-39.67766999999999,-12.0,23.80659,23.806600000000003,0.0,-15.871058999999999,-40.0
2180,event_002180.csv,0.0,39.98524,-100.0,-39.98524,-12.0,0.0,39.52387,4.0,-39.52387,-96.0,118.8792,4881.1208,0.0,0.0,-100.0,0.0,63.51501,4.0,-15.87106,-16.0
2181,event_002181.csv,0.0,39.98524,-92.0,0.0,-100.0,0.0,39.52387,-100.0,-39.52387,4.0,118.8792,79.20150000000001,48.0,-39.67766999999999,-88.0,31.74213,15.871060000000003,0.0,-7.93554,-68.0
2182,event_002182.csv,0.0,39.98524,-64.0,0.0,-100.0,0.0,39.52387,-64.0,-39.52387,-52.0,118.8792,118.8792,-24.0,-79.35533,-32.0,23.80659,23.806600000000003,0.0,-23.80659,-20.0
2183,event_002183.csv,0.0,39.98524,4.0,0.0,-100.0,0.0,39.52387,-88.0,-39.52387,-44.0,118.8792,79.20150000000001,-92.0,-79.35533,-8.0,23.80659,23.806600000000003,0.0,-15.871058999999999,-28.0
2184,event_002184.csv,0.0,39.98524,-100.0,-39.98524,68.0,0.0,39.52387,-48.0,-39.52387,-92.0,118.8792,118.8792,-20.0,-79.35533,0.0,23.80659,23.806600000000003,0.0,-15.871058999999999,-20.0
2185,event_002185.csv,0.0,39.98524,-100.0,-39.98524,52.0,0.0,39.52387,-80.0,-39.52387,-100.0,118.8792,79.20150000000001,-40.0,-39.67766999999999,-96.0,23.80659,31.742130000000003,0.0,-15.871058999999999,-40.0
2186,event_002186.csv,0.0,39.98524,-92.0,-39.98524,-36.0,0.0,39.52387,-80.0,-39.52387,-44.0,158.5568,39.5239,100.0,-79.35527,-72.0,31.74213,15.871060000000003,0.0,-15.87107,-36.0
2187,event_002187.csv,0.0,39.98524,-88.0,-39.98524,180.0,0.0,39.52387,-88.0,-39.52387,-84.0,118.8792,118.8792,40.0,-39.67766999999999,148.0,23.80659,23.806600000000003,0.0,-15.871058999999999,52.0
2188,event_002188.csv,0.0,39.98524,-92.0,0.0,-100.0,0.0,39.52387,-48.0,-39.52387,-76.0,118.8792,79.20150000000001,-96.0,-39.67766999999999,-52.0,31.74213,15.871060000000003,0.0,-23.806599,4.0
2189,event_002189.csv,0.0,39.98524,-96.0,0.0,-100.0,0.0,39.52387,-88.0,-39.52387,84.0,118.8792,79.20150000000001,12.0,-39.67766999999999,36.0,23.80659,23.806600000000003,0.0,-7.93553,-8.0
2190,event_002190.csv,0.0,39.98524,-92.0,0.0,-100.0,0.0,39.52387,24.0,-39.52387,100.0,118.8792,79.20150000000001,12.0,-39.67766999999999,-12.0,23.80659,23.806600000000003,0.0,-23.80659,-36.0
2191,event_002191.csv,0.0,39.98524,-96.0,-39.98524,-56.0,0.0,39.52387,-56.0,-39.52387,84.0,118.8792,39.67760000000001,-80.0,-39.67766999999999,-68.0,23.80659,23.806600000000003,0.0,-15.871058999999999,-8.0
2192,event_002192.csv,0.0,39.98524,-96.0,-39.98524,-100.0,0.0,39.52387,-64.0,-39.52387,-96.0,118.8792,118.8792,100.0,-79.35533,172.0,15.87106,31.742130000000003,0.0,-7.935529,-52.0
2193,event_002193.csv,0.0,39.98524,-92.0,0.0,-100.0,0.0,39.52387,-80.0,-39.52387,-28.0,118.8792,118.8792,16.0,-79.35533,36.0,23.80659,23.806600000000003,0.0,-15.871058999999999,20.0
2194,event_002194.csv,0.0,39.98524,-88.0,0.0,-100.0,0.0,39.52387,-96.0,-39.52387,36.0,138.71800000000002,99.04039999999998,16.0,-99.19413000000002,44.0,23.80659,23.806600000000003,0.0,-15.871058999999999,20.0
2195,event_002195.csv,0.0,39.98524,-96.0,-39.98524,8.0,0.0,39.52387,-44.0,-39.52387,-88.0,118.8792,79.20150000000001,92.0,-39.67766999999999,-56.0,15.87106,31.742130000000003,0.0,-15.87106,72.0
2196,event_002196.csv,0.0,39.98524,-64.0,0.0,-100.0,0.0,39.52387,-80.0,-39.52387,-68.0,118.8792,118.8792,16.0,-39.67766999999999,-96.0,23.80659,23.806600000000003,0.0,-15.871058999999999,28.0
2197,event_002197.csv,0.0,39.98524,-24.0,-39.98524,28.0,0.0,39.52387,-56.0,-39.52387,-60.0,118.8792,79.20150000000001,-80.0,-39.67766999999999,-24.0,23.80659,23.806600000000003,0.0,-15.871058999999999,-40.0
2198,event_002198.csv,0.0,39.98524,-64.0,-39.98524,-48.0,0.0,39.52387,-84.0,-39.52387,-16.0,118.8792,79.20150000000001,12.0,-39.67766999999999,-56.0,23.80659,23.806600000000003,0.0,-15.871058999999999,-36.0
2199,event_002199.csv,0.0,39.98524,-48.0,0.0,-100.0,0.0,39.52387,-64.0,-39.52387,-76.0,118.8792,118.8792,104.0,-79.35533,28.0,23.80659,23.806600000000003,0.0,-15.871058999999999,-24.0
2200,event_002200.csv,0.0,39.98524,-72.0,-39.98524,-44.0,0.0,39.52387,-48.0,-39.52387,-68.0,118.8792,79.20150000000001,-96.0,-79.35533,36.0,23.80659,23.806600000000003,0.0,-15.871058999999999,20.0
2201,event_002201.csv,0.0,39.98524,-84.0,-39.98524,0.0,0.0,39.52387,-76.0,-39.52387,-88.0,118.8792,79.20150000000001,4.0,-39.67766999999999,-52.0,23.80659,23.806600000000003,0.0,-15.871058999999999,20.0
2202,event_002202.csv,0.0,39.98524,-36.0,-39.98524,136.0,0.0,39.52387,-100.0,-39.52387,-16.0,118.8792,79.20150000000001,16.0,-39.67766999999999,-88.0,23.80659,23.806600000000003,0.0,-15.871058999999999,-40.0
2203,event_002203.csv,0.0,39.98524,-100.0,0.0,-92.0,0.0,39.52387,-100.0,-39.52387,-64.0,118.8792,158.55679999999998,144.0,-118.8792,120.0,23.80659,23.806600000000003,0.0,-23.80659,116.0
2204,event_002204.csv,0.0,39.98524,-84.0,0.0,-100.0,0.0,39.52387,-100.0,-39.52387,16.0,118.8792,79.20150000000001,140.0,-39.67766999999999,-56.0,23.80659,23.806600000000003,0.0,-15.871058999999999,20.0
2205,event_002205.csv,0.0,39.98524,-96.0,-39.98524,124.0,0.0,39.52387,-80.0,-39.52387,52.0,118.8792,79.20150000000001,-28.0,-79.35533,-8.0,23.80659,23.806600000000003,0.0,-15.871058999999999,-24.0
2206,event_002206.csv,0.0,39.98524,-76.0,-39.98524,-68.0,0.0,39.52387,-88.0,-39.52387,-76.0,118.8792,79.20150000000001,16.0,-39.67766999999999,164.0,27.77436,19.83883,0.0,-11.903300000000002,-60.0
2207,event_002207.csv,0.0,39.98524,-96.0,-39.98524,-60.0,0.0,79.20153,104.0,-39.52387,-12.0,118.8792,118.8792,4.0,-39.67766999999999,-52.0,23.80659,23.806600000000003,0.0,-7.93553,-92.0
2208,event_002208.csv,0.0,39.98524,-100.0,0.0,-96.0,0.0,39.52387,-24.0,-39.52387,-44.0,118.8792,79.20150000000001,140.0,-79.35533,-4.0,19.838825,27.774365000000003,0.0,-11.903293999999999,28.0
2209,event_002209.csv,0.0,39.98524,-64.0,-39.98524,40.0,0.0,39.52387,4.0,-39.52387,96.0,118.8792,118.8792,144.0,-39.67766999999999,-76.0,23.80659,23.806600000000003,0.0,-15.871058999999999,-36.0
2210,event_002210.csv,0.0,39.98524,-84.0,-39.98524,24.0,0.0,39.52387,-100.0,-39.52387,-64.0,118.8792,118.8792,56.0,-79.35533,-88.0,23.80659,23.806600000000003,0.0,-15.871058999999999,-28.0
2211,event_002211.csv,0.0,39.98524,-88.0,0.0,-100.0,0.0,39.52387,-56.0,-39.52387,12.0,118.8792,79.20150000000001,-32.0,-79.35533,132.0,23.80659,23.806600000000003,0.0,-7.93553,-96.0
2212,event_002212.csv,0.0,39.98524,-92.0,0.0,-100.0,0.0,39.52387,-76.0,-39.52387,-64.0,118.8792,79.20150000000001,-28.0,-39.67766999999999,-12.0,23.80659,23.806600000000003,0.0,-23.80659,-40.0
2213,event_002213.csv,0.0,39.98524,-68.0,-39.98524,-88.0,0.0,39.52387,-84.0,-39.52387,-24.0,118.8792,79.20150000000001,-36.0,-39.67766999999999,40.0,23.80659,23.806600000000003,0.0,-23.80659,8.0
2214,event_002214.csv,0.0,39.98524,-56.0,0.0,-100.0,0.0,39.52387,56.0,-39.52387,-100.0,158.5568,118.87919999999997,156.0,-158.5568,132.0,23.80659,23.806600000000003,0.0,-23.80659,24.0
2215,event_002215.csv,0.0,39.98524,-64.0,0.0,-100.0,0.0,39.52387,-72.0,-39.52387,-76.0,118.8792,79.20150000000001,20.0,-39.67766999999999,28.0,23.80659,23.806600000000003,0.0,-15.871058999999999,-36.0
2216,event_002216.csv,0.0,39.98524,-84.0,0.0,-100.0,0.0,39.52387,20.0,-39.52387,-48.0,158.5568,79.20159999999998,-28.0,-79.35527,-60.0,23.80659,23.806600000000003,0.0,-23.80659,-24.0
2217,event_002217.csv,0.0,39.98524,-68.0,0.0,-100.0,0.0,39.52387,-100.0,-39.52387,-80.0,138.71800000000002,59.36269999999999,-96.0,-59.51647000000001,-76.0,23.80659,23.806600000000003,0.0,-23.80659,-40.0
2218,event_002218.csv,0.0,39.98524,-76.0,-39.98524,-84.0,0.0,39.52387,-88.0,-39.52387,-28.0,118.8792,118.8792,8.0,-118.8792,-20.0,23.80659,23.806600000000003,0.0,-15.871058999999999,-28.0
2219,event_002219.csv,0.0,39.98524,-84.0,-39.98524,24.0,0.0,39.52387,-92.0,-39.52387,-80.0,118.8792,79.20150000000001,8.0,-39.67766999999999,-88.0,15.87106,31.742130000000003,0.0,-15.87106,-40.0
2220,event_002220.csv,0.0,39.98524,-60.0,-39.98524,-48.0,0.0,39.52387,-44.0,-39.52387,-88.0,118.8792,79.20150000000001,4.0,-39.67766999999999,-76.0,23.80659,23.806600000000003,0.0,-7.93553,-64.0
2221,event_002221.csv,0.0,39.98524,-96.0,-39.98524,-84.0,0.0,39.52387,-100.0,-39.52387,-52.0,118.8792,79.20150000000001,20.0,-39.67766999999999,-88.0,19.838825,27.774365000000003,0.0,-11.903293999999999,-92.0
2222,event_002222.csv,0.0,39.98524,-68.0,0.0,-100.0,0.0,39.52387,-72.0,-39.52387,-100.0,118.8792,79.20150000000001,-72.0,-39.67766999999999,-92.0,23.80659,23.806600000000003,0.0,-7.93553,-48.0
2223,event_002223.csv,0.0,39.98524,-88.0,-39.98524,-84.0,0.0,39.52387,-84.0,-39.52387,-48.0,118.8792,79.20150000000001,16.0,-79.35533,40.0,31.74213,15.871060000000003,0.0,-23.806599,28.0
2224,event_002224.csv,0.0,39.98524,-76.0,0.0,-100.0,0.0,39.52387,44.0,-39.52387,-96.0,118.8792,118.8792,20.0,-79.35533,-8.0,15.87106,31.742130000000003,0.0,-23.806591,20.0
2225,event_002225.csv,0.0,39.98524,-84.0,-39.98524,-36.0,0.0,39.52387,-48.0,-39.52387,-68.0,118.8792,79.20150000000001,4.0,-39.67766999999999,-100.0,23.80659,23.806600000000003,0.0,-15.871058999999999,-64.0
2226,event_002226.csv,0.0,39.98524,-96.0,-39.98524,152.0,0.0,39.52387,-84.0,-39.52387,-80.0,118.8792,118.8792,12.0,-79.35533,40.0,23.80659,23.806600000000003,0.0,-7.93553,-52.0
2227,event_002227.csv,0.0,119.9557,8.0,-39.98524,-12.0,0.0,39.52387,0.0,-39.52387,-52.0,118.8792,4881.1208,0.0,-39.67766999999999,-20.0,-7.935531,111.128231,12.0,-23.806599,-8.0
2228,event_002228.csv,0.0,39.98524,-92.0,-39.98524,68.0,0.0,39.52387,-64.0,-39.52387,-44.0,118.8792,118.8792,20.0,-39.67766999999999,-8.0,23.80659,23.806600000000003,0.0,-15.871058999999999,-24.0
2229,event_002229.csv,0.0,39.98524,-84.0,-39.98524,132.0,0.0,39.52387,-48.0,-39.52387,-52.0,118.8792,158.55679999999998,-20.0,-79.35533,-36.0,23.80659,23.806600000000003,0.0,-15.871058999999999,-20.0
2230,event_002230.csv,0.0,39.98524,-92.0,-39.98524,80.0,0.0,39.52387,-44.0,-39.52387,40.0,118.8792,79.20150000000001,-40.0,-79.35533,-64.0,23.80659,23.806600000000003,0.0,-23.80659,-24.0
2231,event_002231.csv,0.0,39.98524,-96.0,0.0,-100.0,0.0,39.52387,-64.0,-39.52387,-28.0,118.8792,39.67760000000001,-76.0,-39.67766999999999,-100.0,23.80659,23.806600000000003,0.0,-7.93553,-84.0
2232,event_002232.csv,0.0,39.98524,-84.0,0.0,-100.0,0.0,39.52387,-96.0,-39.52387,40.0,158.5568,39.5239,-88.0,-79.35527,-100.0,23.80659,23.806600000000003,0.0,-15.871058999999999,-92.0
2233,event_002233.csv,0.0,39.98524,-96.0,-39.98524,-20.0,0.0,39.52387,-48.0,-39.52387,-12.0,118.8792,79.20150000000001,-80.0,-79.35533,-4.0,23.80659,23.806600000000003,0.0,-15.871058999999999,20.0
2234,event_002234.csv,0.0,39.98524,-60.0,-39.98524,-8.0,0.0,39.52387,-100.0,-39.52387,-64.0,118.8792,79.20150000000001,-28.0,-39.67766999999999,-56.0,23.80659,23.806600000000003,0.0,-15.871058999999999,20.0
2235,event_002235.csv,0.0,39.98524,-96.0,0.0,-100.0,0.0,39.52387,-96.0,-39.52387,-60.0,158.5568,39.5239,8.0,-119.03293000000001,28.0,23.80659,23.806600000000003,0.0,-7.93553,8.0
2236,event_002236.csv,0.0,39.98524,-64.0,-39.98524,-72.0,0.0,39.52387,36.0,-39.52387,-48.0,118.8792,79.20150000000001,92.0,-39.67766999999999,-16.0,23.80659,23.806600000000003,0.0,-15.871058999999999,8.0
2237,event_002237.csv,0.0,39.98524,-72.0,-39.98524,-84.0,0.0,39.52387,-72.0,0.0,-100.0,158.5568,39.5239,144.0,-79.35527,-20.0,23.80659,23.806600000000003,0.0,-23.80659,-36.0
2238,event_002238.csv,0.0,39.98524,-88.0,-39.98524,-68.0,0.0,39.52387,-88.0,-39.52387,-92.0,118.8792,79.20150000000001,-96.0,-39.67766999999999,-52.0,23.80659,23.806600000000003,0.0,-7.93553,-92.0
2239,event_002239.csv,0.0,39.98524,-100.0,-39.98524,48.0,0.0,39.52387,-100.0,-39.52387,-56.0,118.8792,79.20150000000001,-84.0,-39.67766999999999,-56.0,31.74213,15.871060000000003,0.0,-23.806599,-8.0
2240,event_002240.csv,0.0,39.98524,-100.0,0.0,-96.0,0.0,39.52387,-32.0,-39.52387,-92.0,118.8792,79.20150000000001,8.0,-39.67766999999999,-12.0,23.80659,23.806600000000003,0.0,-15.871058999999999,-52.0
2241,event_002241.csv,0.0,39.98524,-100.0,-39.98524,-80.0,0.0,39.52387,-12.0,-39.52387,0.0,118.8792,79.20150000000001,-60.0,-39.67766999999999,0.0,31.74213,23.806590000000003,0.0,-15.87107,-48.0
2242,event_002242.csv,0.0,39.98524,-92.0,-39.98524,-52.0,0.0,39.52387,-56.0,-39.52387,-60.0,138.71800000000002,99.04039999999998,108.0,-99.19413000000002,36.0,15.87106,31.742130000000003,0.0,-7.935529,-28.0
2243,event_002243.csv,0.0,39.98524,-84.0,-39.98524,4.0,0.0,39.52387,96.0,-39.52387,-84.0,138.71800000000002,59.36269999999999,8.0,-59.51647000000001,-92.0,23.80659,23.806600000000003,0.0,-15.871058999999999,-40.0
2244,event_002244.csv,0.0,39.98524,-92.0,0.0,-100.0,0.0,39.52387,-100.0,-39.52387,-16.0,118.8792,118.8792,152.0,-79.35533,128.0,23.80659,23.806600000000003,0.0,-15.871058999999999,-40.0
2245,event_002245.csv,0.0,39.98524,-56.0,-39.98524,-28.0,0.0,39.52387,32.0,-39.52387,-100.0,118.8792,79.20150000000001,144.0,-39.67766999999999,-60.0,23.80659,23.806600000000003,0.0,-15.871058999999999,-36.0
2246,event_002246.csv,0.0,39.98524,-92.0,0.0,-100.0,0.0,39.52387,0.0,-39.52387,-20.0,118.8792,39.67760000000001,-96.0,-39.67766999999999,-72.0,31.74213,23.806590000000003,56.0,-15.87107,20.0
2247,event_002247.csv,0.0,39.98524,-100.0,0.0,-96.0,0.0,39.52387,-92.0,-39.52387,-64.0,118.8792,79.20150000000001,-40.0,-39.67766999999999,-32.0,23.80659,23.806600000000003,0.0,-15.871058999999999,-60.0
2248,event_002248.csv,0.0,39.98524,-80.0,-39.98524,108.0,0.0,79.20153,-16.0,-39.52387,92.0,118.8792,79.20150000000001,16.0,-39.67766999999999,36.0,23.80659,23.806600000000003,0.0,-7.93553,-52.0
2249,event_002249.csv,0.0,39.98524,-76.0,0.0,-100.0,0.0,39.52387,-56.0,-39.52387,-100.0,118.8792,79.20150000000001,176.0,-39.67766999999999,-88.0,23.80659,23.806600000000003,0.0,-7.93553,-92.0
2250,event_002250.csv,0.0,39.98524,-76.0,-39.98524,136.0,0.0,39.52387,-84.0,-39.52387,-96.0,118.8792,118.8792,64.0,-118.8792,40.0,23.80659,23.806600000000003,0.0,-23.80659,24.0
2251,event_002251.csv,0.0,39.98524,-80.0,0.0,-100.0,0.0,39.52387,144.0,-39.52387,-92.0,118.8792,79.20150000000001,-40.0,-79.35533,116.0,23.80659,31.742130000000003,0.0,-23.80659,-40.0
2252,event_002252.csv,0.0,39.98524,-96.0,0.0,-100.0,0.0,39.52387,48.0,-39.52387,64.0,118.8792,79.20150000000001,44.0,-39.67766999999999,-36.0,23.80659,23.806600000000003,0.0,-15.871058999999999,-40.0
2253,event_002253.csv,0.0,39.98524,-100.0,0.0,-92.0,0.0,39.52387,-40.0,-39.52387,-100.0,118.8792,158.55679999999998,144.0,-118.8792,164.0,23.80659,23.806600000000003,0.0,-23.80659,148.0
2254,event_002254.csv,0.0,39.98524,-84.0,0.0,-100.0,0.0,39.52387,-72.0,-39.52387,-60.0,118.8792,79.20150000000001,-80.0,-39.67766999999999,164.0,23.80659,23.806600000000003,0.0,-23.80659,-40.0
2255,event_002255.csv,0.0,39.98524,-72.0,0.0,-100.0,0.0,39.52387,-96.0,-39.52387,-36.0,118.8792,79.20150000000001,8.0,-79.35533,-60.0,23.80659,23.806600000000003,0.0,-7.93553,-100.0
2256,event_002256.csv,0.0,39.98524,-68.0,-39.98524,-40.0,0.0,39.52387,-92.0,-39.52387,-72.0,118.8792,79.20150000000001,-60.0,-39.67766999999999,-8.0,23.80659,23.806600000000003,0.0,-15.871058999999999,-48.0
2257,event_002257.csv,0.0,39.98524,-100.0,-39.98524,-64.0,0.0,39.52387,-84.0,-39.52387,-48.0,118.8792,79.20150000000001,-28.0,-39.67766999999999,-84.0,23.80659,23.806600000000003,0.0,-7.93553,-64.0
2258,event_002258.csv,0.0,39.98524,-84.0,-39.98524,8.0,0.0,39.52387,-100.0,-39.52387,192.0,118.8792,158.55679999999998,164.0,-79.35533,80.0,23.80659,23.806600000000003,0.0,-7.93553,-8.0
2259,event_002259.csv,0.0,39.98524,-68.0,0.0,-100.0,0.0,39.52387,-56.0,-39.52387,-12.0,118.8792,317.1137,8.0,0.0,-100.0,23.80659,23.806600000000003,0.0,-15.871058999999999,-36.0
2260,event_002260.csv,0.0,39.98524,-100.0,0.0,-96.0,0.0,39.52387,-44.0,-39.52387,-88.0,158.5568,39.5239,-72.0,-79.35527,36.0,23.80659,23.806600000000003,0.0,-7.93553,-92.0
2261,event_002261.csv,0.0,39.98524,-88.0,0.0,-100.0,0.0,39.52387,-88.0,-39.52387,-100.0,118.8792,79.20150000000001,-40.0,-79.35533,176.0,23.80659,23.806600000000003,0.0,-15.871058999999999,-36.0
2262,event_002262.csv,0.0,39.98524,-88.0,-39.98524,-20.0,0.0,39.52387,-80.0,-39.52387,36.0,118.8792,79.20150000000001,12.0,-79.35533,40.0,23.80659,23.806600000000003,0.0,-15.871058999999999,28.0
2263,event_002263.csv,0.0,39.98524,-64.0,-39.98524,84.0,0.0,39.52387,-16.0,-39.52387,-68.0,118.8792,79.20150000000001,92.0,-39.67766999999999,-12.0,23.80659,23.806600000000003,0.0,-15.871058999999999,-28.0
2264,event_002264.csv,0.0,39.98524,-56.0,-39.98524,-68.0,0.0,39.52387,-8.0,-39.52387,-100.0,118.8792,79.20150000000001,8.0,-39.67766999999999,-20.0,23.80659,23.806600000000003,0.0,-23.80659,20.0
2265,event_002265.csv,0.0,39.98524,-88.0,-39.98524,-68.0,0.0,39.52387,40.0,-39.52387,-52.0,118.8792,118.8792,56.0,-118.8792,20.0,23.80659,23.806600000000003,0.0,-15.871058999999999,-28.0
2266,event_002266.csv,0.0,39.98524,-92.0,-39.98524,88.0,0.0,39.52387,36.0,-39.52387,24.0,118.8792,79.20150000000001,-36.0,-39.67766999999999,-56.0,15.87106,31.742130000000003,0.0,-15.87106,-40.0
2267,event_002267.csv,0.0,39.98524,-72.0,0.0,-100.0,0.0,39.52387,-96.0,-39.52387,-68.0,118.8792,118.8792,112.0,-79.35533,28.0,23.80659,23.806600000000003,0.0,-7.93553,-76.0
2268,event_002268.csv,0.0,39.98524,-60.0,-39.98524,-80.0,0.0,39.52387,-76.0,-39.52387,-24.0,118.8792,118.8792,16.0,-39.67766999999999,0.0,23.80659,23.806600000000003,0.0,-15.871058999999999,-40.0
2269,event_002269.csv,0.0,39.98524,-92.0,-39.98524,-52.0,0.0,39.52387,-96.0,-39.52387,60.0,158.5568,39.5239,16.0,-79.35527,-12.0,23.80659,23.806600000000003,0.0,-15.871058999999999,-52.0
2270,event_002270.csv,0.0,39.98524,-84.0,-39.98524,88.0,0.0,39.52387,-100.0,-39.52387,-44.0,118.8792,79.20150000000001,140.0,-39.67766999999999,-16.0,15.87106,31.742130000000003,0.0,-7.935529,-40.0
2271,event_002271.csv,0.0,39.98524,-84.0,-39.98524,8.0,0.0,39.52387,-100.0,-39.52387,0.0,118.8792,118.8792,12.0,-79.35533,-96.0,23.80659,23.806600000000003,0.0,-15.871058999999999,20.0
2272,event_002272.csv,0.0,39.98524,-100.0,-39.98524,-60.0,0.0,39.52387,-100.0,-39.52387,-32.0,118.8792,118.8792,112.0,-79.35533,132.0,31.74213,15.871060000000003,0.0,-15.87107,-80.0
2273,event_002273.csv,0.0,39.98524,-100.0,-39.98524,-84.0,0.0,39.52387,-32.0,-39.52387,-100.0,118.8792,79.20150000000001,-44.0,-39.67766999999999,-100.0,23.80659,23.806600000000003,0.0,-15.871058999999999,-76.0
2274,event_002274.csv,0.0,39.98524,-100.0,0.0,-96.0,0.0,39.52387,-72.0,-39.52387,-36.0,158.5568,39.5239,-84.0,-119.03293000000001,68.0,23.80659,23.806600000000003,0.0,-15.871058999999999,112.0
2275,event_002275.csv,0.0,39.98524,-36.0,-39.98524,-100.0,0.0,39.52387,-64.0,-39.52387,-68.0,118.8792,79.20150000000001,-96.0,-39.67766999999999,-68.0,23.80659,23.806600000000003,0.0,-15.871058999999999,-40.0
2276,event_002276.csv,0.0,39.98524,-96.0,-39.98524,-52.0,0.0,39.52387,88.0,-39.52387,-76.0,118.8792,79.20150000000001,-48.0,-39.67766999999999,-68.0,23.80659,23.806600000000003,0.0,-15.871058999999999,-28.0
2277,event_002277.csv,0.0,39.98524,-76.0,-39.98524,188.0,0.0,39.52387,-96.0,-39.52387,-60.0,118.8792,79.20150000000001,-72.0,-39.67766999999999,36.0,23.80659,23.806600000000003,0.0,-15.871058999999999,16.0
2278,event_002278.csv,0.0,39.98524,-80.0,-39.98524,60.0,0.0,39.52387,-72.0,-39.52387,-92.0,118.8792,79.20150000000001,8.0,-39.67766999999999,-20.0,23.80659,23.806600000000003,0.0,-15.871058999999999,-40.0
2279,event_002279.csv,0.0,39.98524,-88.0,-39.98524,-64.0,0.0,39.52387,-96.0,-39.52387,-84.0,118.8792,79.20150000000001,64.0,-39.67766999999999,-12.0,23.80659,23.806600000000003,0.0,-7.93553,-96.0
2280,event_002280.csv,0.0,39.98524,-96.0,-39.98524,92.0,0.0,79.20153,-4.0,-39.52387,-36.0,118.8792,4881.1208,0.0,0.0,-92.0,0.0,103.1927,8.0,-15.87106,-12.0
2281,event_002281.csv,0.0,39.98524,-80.0,-39.98524,92.0,0.0,39.52387,-32.0,-39.52387,36.0,118.8792,79.20150000000001,16.0,-39.67766999999999,-100.0,23.80659,23.806600000000003,0.0,-23.80659,-52.0
2282,event_002282.csv,0.0,39.98524,-84.0,0.0,-100.0,0.0,39.52387,-64.0,-39.52387,-36.0,118.8792,79.20150000000001,-72.0,-79.35533,36.0,23.80659,23.806600000000003,0.0,-15.871058999999999,20.0
2283,event_002283.csv,0.0,39.98524,-100.0,-39.98524,68.0,0.0,39.52387,-72.0,-39.52387,-28.0,118.8792,79.20150000000001,12.0,-39.67766999999999,-84.0,23.80659,23.806600000000003,0.0,-15.871058999999999,12.0
2284,event_002284.csv,0.0,39.98524,-52.0,0.0,-100.0,0.0,39.52387,-80.0,-39.52387,-92.0,118.8792,118.8792,56.0,-79.35533,-4.0,23.80659,23.806600000000003,0.0,-23.80659,24.0
2285,event_002285.csv,0.0,39.98524,-72.0,-39.98524,-84.0,0.0,39.52387,-88.0,-39.52387,-84.0,118.8792,79.20150000000001,8.0,-39.67766999999999,-84.0,19.838825,27.774365000000003,0.0,-3.967765,-64.0
2286,event_002286.csv,0.0,39.98524,-8.0,-39.98524,-28.0,0.0,39.52387,-96.0,-39.52387,-28.0,118.8792,79.20150000000001,8.0,-39.67766999999999,-80.0,23.80659,23.806600000000003,0.0,-15.871058999999999,-28.0
2287,event_002287.csv,0.0,39.98524,-96.0,-39.98524,172.0,0.0,39.52387,-64.0,-39.52387,-88.0,118.8792,79.20150000000001,-16.0,-39.67766999999999,-88.0,23.80659,23.806600000000003,0.0,-7.93553,-76.0
2288,event_002288.csv,0.0,39.98524,-72.0,-39.98524,4.0,0.0,39.52387,-96.0,-39.52387,-20.0,118.8792,79.20150000000001,24.0,-39.67766999999999,0.0,23.80659,23.806600000000003,0.0,-15.871058999999999,-28.0
2289,event_002289.csv,0.0,39.98524,-56.0,-39.98524,20.0,0.0,39.52387,32.0,-39.52387,-100.0,118.8792,79.20150000000001,-84.0,-79.35533,-52.0,23.80659,23.806600000000003,0.0,-15.871058999999999,-68.0
2290,event_002290.csv,0.0,39.98524,-96.0,-39.98524,188.0,0.0,39.52387,-88.0,-39.52387,-92.0,118.8792,118.8792,144.0,-39.67766999999999,-56.0,31.74213,15.871060000000003,0.0,-15.87107,-36.0
2291,event_002291.csv,0.0,39.98524,-76.0,-39.98524,12.0,0.0,39.52387,-72.0,-39.52387,-84.0,118.8792,79.20150000000001,16.0,-39.67766999999999,-12.0,31.74213,15.871060000000003,0.0,-15.87107,-20.0
2292,event_002292.csv,0.0,39.98524,-100.0,0.0,-96.0,0.0,79.20153,48.0,-39.52387,-52.0,138.71800000000002,59.36269999999999,-56.0,-99.19413000000002,-80.0,23.80659,23.806600000000003,0.0,-15.871058999999999,-20.0
2293,event_002293.csv,0.0,39.98524,-88.0,-39.98524,4.0,0.0,39.52387,-96.0,-39.52387,68.0,158.5568,39.5239,92.0,-79.35527,-12.0,19.838825,27.774365000000003,0.0,-11.903293999999999,-36.0
2294,event_002294.csv,0.0,39.98524,-76.0,-39.98524,60.0,0.0,39.52387,-100.0,-39.52387,-48.0,118.8792,118.8792,144.0,-39.67766999999999,-88.0,23.80659,23.806600000000003,0.0,-7.93553,-40.0
2295,event_002295.csv,0.0,39.98524,-96.0,-39.98524,76.0,0.0,39.52387,-88.0,-39.52387,-36.0,118.8792,79.20150000000001,8.0,-39.67766999999999,-20.0,31.74213,15.871060000000003,0.0,-15.87107,-48.0
2296,event_002296.csv,0.0,39.98524,-100.0,0.0,-92.0,0.0,39.52387,-72.0,-39.52387,-68.0,158.5568,39.5239,68.0,-79.35527,0.0,31.74213,15.871060000000003,0.0,-15.87107,-76.0
2297,event_002297.csv,0.0,39.98524,24.0,-39.98524,4.0,0.0,39.52387,-96.0,-39.52387,36.0,118.8792,79.20150000000001,140.0,-39.67766999999999,-92.0,23.80659,23.806600000000003,0.0,-15.871058999999999,-40.0
2298,event_002298.csv,0.0,39.98524,-72.0,-39.98524,-48.0,0.0,79.20153,84.0,-39.52387,-32.0,158.5568,79.20159999999998,8.0,-79.35527,-96.0,23.80659,23.806600000000003,0.0,-15.871058999999999,-40.0
2299,event_002299.csv,0.0,39.98524,-100.0,-39.98524,24.0,0.0,39.52387,4.0,-39.52387,-48.0,118.8792,79.20150000000001,108.0,-39.67766999999999,-44.0,23.80659,23.806600000000003,0.0,-7.93553,-64.0
2300,event_002300.csv,0.0,39.98524,-96.0,-39.98524,88.0,0.0,39.52387,-76.0,-39.52387,16.0,118.8792,118.8792,56.0,-118.8792,36.0,23.80659,23.806600000000003,0.0,-15.871058999999999,64.0
2301,event_002301.csv,0.0,39.98524,-96.0,0.0,-100.0,0.0,39.52387,-56.0,-39.52387,-44.0,118.8792,79.20150000000001,8.0,-39.67766999999999,-20.0,23.80659,23.806600000000003,0.0,-7.93553,-52.0
2302,event_002302.csv,0.0,39.98524,-100.0,-39.98524,-16.0,0.0,39.52387,-84.0,-39.52387,16.0,118.8792,79.20150000000001,-28.0,-39.67766999999999,-96.0,23.80659,23.806600000000003,0.0,-7.93553,-80.0
2303,event_002303.csv,0.0,39.98524,-28.0,-39.98524,-64.0,0.0,39.52387,-44.0,-39.52387,-80.0,118.8792,79.20150000000001,8.0,-39.67766999999999,-8.0,15.87106,31.742130000000003,0.0,-7.935529,-40.0
2304,event_002304.csv,0.0,39.98524,-84.0,0.0,-100.0,0.0,39.52387,12.0,-39.52387,-32.0,118.8792,79.20150000000001,8.0,-39.67766999999999,-8.0,23.80659,23.806600000000003,0.0,-7.93553,-64.0
2305,event_002305.csv,0.0,39.98524,-80.0,-39.98524,-12.0,0.0,39.52387,-64.0,-39.52387,-100.0,118.8792,79.20150000000001,-88.0,-39.67766999999999,-76.0,23.80659,23.806600000000003,0.0,-15.871058999999999,-52.0
2306,event_002306.csv,0.0,39.98524,-96.0,-39.98524,-92.0,0.0,39.52387,-72.0,-39.52387,-92.0,118.8792,118.8792,92.0,-39.67766999999999,-4.0,23.80659,23.806600000000003,0.0,-7.93553,-92.0
2307,event_002307.csv,0.0,39.98524,-92.0,0.0,-100.0,0.0,39.52387,-64.0,-39.52387,-60.0,118.8792,79.20150000000001,16.0,-39.67766999999999,-84.0,23.80659,23.806600000000003,0.0,-15.871058999999999,-40.0
2308,event_002308.csv,0.0,39.98524,-96.0,-39.98524,116.0,0.0,39.52387,-96.0,-39.52387,44.0,118.8792,79.20150000000001,-76.0,-79.35533,112.0,23.80659,23.806600000000003,0.0,-15.871058999999999,-20.0
2309,event_002309.csv,0.0,39.98524,-80.0,-39.98524,140.0,0.0,39.52387,-88.0,-39.52387,-76.0,118.8792,79.20150000000001,12.0,-39.67766999999999,-20.0,23.80659,23.806600000000003,0.0,-7.93553,-48.0
2310,event_002310.csv,0.0,39.98524,-100.0,-39.98524,160.0,0.0,39.52387,-16.0,-39.52387,-100.0,118.8792,79.20150000000001,24.0,-79.35533,108.0,23.80659,23.806600000000003,0.0,-15.871058999999999,-40.0
2311,event_002311.csv,0.0,39.98524,-76.0,0.0,-100.0,0.0,39.52387,-100.0,-39.52387,-40.0,118.8792,79.20150000000001,84.0,-39.67766999999999,-80.0,23.80659,23.806600000000003,0.0,-15.871058999999999,-52.0
2312,event_002312.csv,0.0,39.98524,-68.0,0.0,-100.0,0.0,39.52387,-64.0,-39.52387,-68.0,158.5568,39.5239,-40.0,-79.35527,-92.0,23.80659,23.806600000000003,0.0,-15.871058999999999,-28.0
2313,event_002313.csv,0.0,39.98524,-96.0,-39.98524,28.0,0.0,39.52387,-72.0,-39.52387,-84.0,118.8792,118.8792,-32.0,-79.35533,-100.0,23.80659,23.806600000000003,0.0,-15.871058999999999,-72.0
2314,event_002314.csv,0.0,39.98524,-88.0,0.0,-100.0,0.0,39.52387,-88.0,-39.52387,-100.0,118.8792,79.20150000000001,-88.0,-79.35533,124.0,23.80659,23.806600000000003,0.0,-7.93553,-100.0
2315,event_002315.csv,0.0,39.98524,-36.0,-39.98524,24.0,0.0,39.52387,-60.0,-39.52387,-96.0,118.8792,79.20150000000001,16.0,-39.67766999999999,-96.0,23.80659,23.806600000000003,0.0,-15.871058999999999,-40.0
2316,event_002316.csv,0.0,39.98524,-92.0,-39.98524,104.0,0.0,79.20153,-68.0,-39.52387,-96.0,118.8792,79.20150000000001,144.0,-79.35533,168.0,23.80659,23.806600000000003,0.0,-15.871058999999999,-36.0
2317,event_002317.csv,0.0,39.98524,-20.0,-39.98524,48.0,0.0,39.52387,-100.0,-39.52387,48.0,118.8792,79.20150000000001,8.0,-39.67766999999999,-8.0,23.80659,23.806600000000003,0.0,-15.871058999999999,-36.0
2318,event_002318.csv,0.0,39.98524,-88.0,-39.98524,-92.0,0.0,39.52387,-80.0,-39.52387,-100.0,118.8792,39.67760000000001,-84.0,-79.35533,-92.0,23.80659,23.806600000000003,0.0,-15.871058999999999,-60.0
2319,event_002319.csv,0.0,39.98524,-80.0,-39.98524,44.0,0.0,39.52387,-32.0,-39.52387,12.0,118.8792,79.20150000000001,12.0,-39.67766999999999,-80.0,23.80659,31.742130000000003,0.0,-7.93553,-52.0
2320,event_002320.csv,0.0,39.98524,-16.0,-39.98524,40.0,0.0,39.52387,-52.0,-39.52387,-88.0,118.8792,118.8792,60.0,-79.35533,88.0,23.80659,23.806600000000003,0.0,-15.871058999999999,16.0
2321,event_002321.csv,0.0,39.98524,-76.0,-39.98524,-52.0,0.0,39.52387,-80.0,-39.52387,-12.0,118.8792,118.8792,-76.0,-79.35533,-64.0,23.80659,23.806600000000003,0.0,-15.871058999999999,-72.0
2322,event_002322.csv,0.0,39.98524,-88.0,-39.98524,108.0,0.0,39.52387,-48.0,-39.52387,-44.0,118.8792,79.20150000000001,-40.0,-39.67766999999999,-56.0,23.80659,23.806600000000003,0.0,-15.871058999999999,-40.0
2323,event_002323.csv,0.0,39.98524,-64.0,0.0,-100.0,0.0,39.52387,-40.0,-39.52387,-52.0,118.8792,79.20150000000001,-68.0,-39.67766999999999,-84.0,23.80659,23.806600000000003,0.0,-15.871058999999999,-40.0
2324,event_002324.csv,0.0,39.98524,-40.0,-39.98524,-68.0,0.0,39.52387,-96.0,-39.52387,-60.0,118.8792,79.20150000000001,192.0,-39.67766999999999,-88.0,23.80659,23.806600000000003,0.0,-7.93553,-36.0
2325,event_002325.csv,0.0,39.98524,-100.0,-39.98524,64.0,0.0,39.52387,72.0,-39.52387,-100.0,118.8792,79.20150000000001,-40.0,-79.35533,36.0,23.80659,23.806600000000003,0.0,-7.93553,-100.0
2326,event_002326.csv,0.0,39.98524,-96.0,-39.98524,148.0,0.0,39.52387,-100.0,-39.52387,16.0,118.8792,39.67760000000001,-100.0,-39.67766999999999,-12.0,23.80659,23.806600000000003,0.0,-15.871058999999999,-64.0
2327,event_002327.csv,0.0,39.98524,-88.0,-39.98524,-32.0,0.0,39.52387,-96.0,-39.52387,24.0,118.8792,118.8792,20.0,-79.35533,44.0,23.80659,23.806600000000003,0.0,-23.80659,32.0
2328,event_002328.csv,0.0,39.98524,-96.0,-39.98524,-28.0,0.0,39.52387,-88.0,-39.52387,-36.0,118.8792,79.20150000000001,60.0,-39.67766999999999,-60.0,23.80659,23.806600000000003,0.0,-7.93553,-36.0
2329,event_002329.csv,0.0,39.98524,-96.0,-39.98524,12.0,0.0,39.52387,-64.0,-39.52387,-76.0,118.8792,79.20150000000001,8.0,-39.67766999999999,-72.0,23.80659,23.806600000000003,0.0,-15.871058999999999,-48.0
2330,event_002330.csv,0.0,39.98524,-92.0,0.0,-100.0,0.0,39.52387,-72.0,-39.52387,-52.0,158.5568,79.20159999999998,152.0,-119.03293000000001,-12.0,23.80659,23.806600000000003,0.0,-7.93553,-52.0
2331,event_002331.csv,0.0,39.98524,-72.0,-39.98524,132.0,0.0,39.52387,-64.0,-39.52387,-100.0,118.8792,79.20150000000001,-64.0,-39.67766999999999,-92.0,23.80659,23.806600000000003,0.0,-15.871058999999999,76.0
2332,event_002332.csv,0.0,39.98524,-64.0,0.0,-100.0,0.0,39.52387,-60.0,-39.52387,-32.0,118.8792,356.7913,196.0,-39.67766999999999,-72.0,23.80659,23.806600000000003,0.0,-15.871058999999999,-40.0
2333,event_002333.csv,0.0,39.98524,-60.0,-39.98524,-20.0,0.0,39.52387,-96.0,-39.52387,92.0,118.8792,277.43600000000004,192.0,-79.35533,28.0,31.74213,15.871060000000003,0.0,-15.87107,76.0
2334,event_002334.csv,0.0,39.98524,-100.0,-39.98524,112.0,0.0,39.52387,-84.0,-39.52387,88.0,118.8792,79.20150000000001,-28.0,-79.35533,176.0,23.80659,23.806600000000003,0.0,-15.871058999999999,-40.0
2335,event_002335.csv,0.0,39.98524,-96.0,0.0,-100.0,0.0,39.52387,-72.0,-39.52387,-100.0,118.8792,79.20150000000001,-16.0,-39.67766999999999,-92.0,23.80659,23.806600000000003,0.0,-7.93553,-20.0
2336,event_002336.csv,0.0,39.98524,-84.0,-39.98524,-16.0,0.0,39.52387,-100.0,-39.52387,-32.0,118.8792,79.20150000000001,-88.0,-79.35533,44.0,23.80659,23.806600000000003,0.0,-7.93553,-48.0
2337,event_002337.csv,0.0,39.98524,-80.0,-39.98524,4.0,0.0,39.52387,-80.0,-39.52387,4.0,118.8792,79.20150000000001,20.0,-39.67766999999999,-96.0,23.80659,23.806600000000003,0.0,-23.80659,-36.0
2338,event_002338.csv,0.0,79.97047,192.0,0.0,-100.0,0.0,39.52387,-72.0,-39.52387,-76.0,158.5568,39.5239,144.0,-79.35527,-72.0,23.80659,23.806600000000003,0.0,-15.871058999999999,-52.0
2339,event_002339.csv,0.0,39.98524,-20.0,0.0,-100.0,0.0,39.52387,-52.0,-39.52387,-64.0,118.8792,118.8792,200.0,-39.67766999999999,-32.0,23.80659,23.806600000000003,0.0,-15.871058999999999,-36.0
2340,event_002340.csv,0.0,39.98524,-40.0,0.0,-100.0,0.0,39.52387,-24.0,-39.52387,-44.0,158.5568,39.5239,-52.0,-79.35527,-20.0,23.80659,23.806600000000003,0.0,-15.871058999999999,-36.0
2341,event_002341.csv,0.0,39.98524,-96.0,-39.98524,132.0,0.0,39.52387,-24.0,-39.52387,-100.0,118.8792,79.20150000000001,20.0,-39.67766999999999,-44.0,23.80659,23.806600000000003,0.0,-15.871058999999999,20.0
2342,event_002342.csv,0.0,39.98524,-68.0,0.0,-100.0,0.0,39.52387,-92.0,-39.52387,-72.0,118.8792,79.20150000000001,-68.0,-39.67766999999999,-56.0,23.80659,23.806600000000003,0.0,-7.93553,-40.0
2343,event_002343.csv,0.0,39.98524,-80.0,-39.98524,-4.0,0.0,39.52387,-56.0,-39.52387,-28.0,118.8792,79.20150000000001,12.0,-39.67766999999999,-68.0,23.80659,23.806600000000003,0.0,-15.871058999999999,-40.0
2344,event_002344.csv,0.0,39.98524,-76.0,0.0,-100.0,0.0,39.52387,4.0,-39.52387,24.0,118.8792,79.20150000000001,104.0,-39.67766999999999,-100.0,23.80659,23.806600000000003,0.0,-23.80659,-40.0
2345,event_002345.csv,0.0,39.98524,-88.0,-39.98524,84.0,0.0,39.52387,-56.0,-39.52387,-68.0,118.8792,79.20150000000001,196.0,-39.67766999999999,-80.0,23.80659,23.806600000000003,0.0,-7.93553,-52.0
2346,event_002346.csv,0.0,39.98524,-84.0,-39.98524,-68.0,0.0,39.52387,-100.0,-39.52387,-16.0,118.8792,118.8792,192.0,-79.35533,172.0,23.80659,31.742130000000003,0.0,-7.93553,-4.0
2347,event_002347.csv,0.0,39.98524,-100.0,-39.98524,40.0,0.0,39.52387,-48.0,-39.52387,72.0,118.8792,118.8792,140.0,-79.35533,168.0,23.80659,23.806600000000003,0.0,-7.93553,-52.0
2348,event_002348.csv,0.0,39.98524,-60.0,-39.98524,-20.0,0.0,39.52387,-40.0,-39.52387,-44.0,118.8792,79.20150000000001,148.0,-79.35533,36.0,23.80659,23.806600000000003,0.0,-7.93553,-40.0
2349,event_002349.csv,0.0,39.98524,-100.0,-39.98524,192.0,0.0,39.52387,4.0,-39.52387,-56.0,118.8792,79.20150000000001,-40.0,-79.35533,124.0,23.80659,23.806600000000003,0.0,-15.871058999999999,-40.0
2350,event_002350.csv,0.0,39.98524,-80.0,-39.98524,-76.0,0.0,39.52387,-56.0,0.0,-100.0,118.8792,118.8792,140.0,-79.35533,-12.0,23.80659,23.806600000000003,0.0,-15.871058999999999,20.0
2351,event_002351.csv,0.0,39.98524,-100.0,0.0,-96.0,0.0,39.52387,-36.0,-39.52387,-24.0,158.5568,39.5239,140.0,-79.35527,-20.0,23.80659,23.806600000000003,0.0,-7.93553,-40.0
2352,event_002352.csv,0.0,79.97047,184.0,0.0,-100.0,0.0,79.20153,-100.0,-39.52387,40.0,118.8792,79.20150000000001,4.0,-39.67766999999999,-88.0,23.80659,23.806600000000003,0.0,-15.871058999999999,16.0
2353,event_002353.csv,0.0,39.98524,-76.0,0.0,-100.0,0.0,39.52387,-92.0,-39.52387,-88.0,118.8792,79.20150000000001,-40.0,-39.67766999999999,-36.0,23.80659,23.806600000000003,0.0,-15.871058999999999,-40.0
2354,event_002354.csv,0.0,39.98524,-64.0,-39.98524,88.0,0.0,39.52387,-56.0,-39.52387,-84.0,118.8792,79.20150000000001,-36.0,-39.67766999999999,-44.0,23.80659,23.806600000000003,0.0,-15.871058999999999,20.0
2355,event_002355.csv,0.0,39.98524,-40.0,-39.98524,124.0,0.0,39.52387,-48.0,-39.52387,-64.0,118.8792,79.20150000000001,8.0,-79.35533,36.0,23.80659,23.806600000000003,0.0,-15.871058999999999,28.0
2356,event_002356.csv,0.0,39.98524,-44.0,0.0,-100.0,0.0,39.52387,-92.0,-39.52387,-40.0,118.8792,79.20150000000001,-68.0,-39.67766999999999,-80.0,23.80659,23.806600000000003,0.0,-15.871058999999999,-40.0
2357,event_002357.csv,0.0,39.98524,-80.0,-39.98524,108.0,0.0,39.52387,-80.0,-39.52387,-100.0,118.8792,396.46900000000005,184.0,-79.35533,0.0,23.80659,23.806600000000003,0.0,-15.871058999999999,20.0
2358,event_002358.csv,0.0,39.98524,-68.0,0.0,-100.0,0.0,39.52387,-92.0,-39.52387,-100.0,118.8792,79.20150000000001,-48.0,-39.67766999999999,-8.0,23.80659,23.806600000000003,0.0,-7.93553,-40.0
2359,event_002359.csv,0.0,39.98524,-96.0,-39.98524,56.0,0.0,39.52387,-40.0,-39.52387,-100.0,118.8792,79.20150000000001,20.0,-79.35533,-4.0,23.80659,23.806600000000003,0.0,-7.93553,-48.0
2360,event_002360.csv,0.0,39.98524,-96.0,-39.98524,40.0,0.0,39.52387,-100.0,-39.52387,-96.0,118.8792,118.8792,60.0,-79.35533,32.0,23.80659,23.806600000000003,0.0,-15.871058999999999,-8.0
2361,event_002361.csv,0.0,39.98524,-72.0,0.0,-100.0,0.0,39.52387,-48.0,-39.52387,-100.0,118.8792,79.20150000000001,-76.0,-79.35533,172.0,23.80659,23.806600000000003,0.0,-15.871058999999999,-64.0
2362,event_002362.csv,0.0,39.98524,-76.0,-39.98524,-28.0,0.0,39.52387,-80.0,-39.52387,-60.0,118.8792,79.20150000000001,-56.0,-39.67766999999999,-76.0,31.74213,15.871060000000003,0.0,-15.87107,8.0
2363,event_002363.csv,0.0,39.98524,-80.0,-39.98524,140.0,0.0,79.20153,84.0,-39.52387,28.0,118.8792,79.20150000000001,-28.0,-39.67766999999999,-8.0,23.80659,31.742130000000003,0.0,-7.93553,-52.0
2364,event_002364.csv,0.0,39.98524,-76.0,-39.98524,68.0,0.0,39.52387,96.0,-39.52387,-92.0,118.8792,79.20150000000001,-40.0,-79.35533,36.0,27.77436,19.83883,0.0,-11.903300000000002,16.0
2365,event_002365.csv,0.0,39.98524,-84.0,-39.98524,84.0,0.0,39.52387,-76.0,-39.52387,-96.0,118.8792,79.20150000000001,64.0,-39.67766999999999,-88.0,23.80659,23.806600000000003,0.0,-15.871058999999999,-28.0
2366,event_002366.csv,0.0,39.98524,-96.0,-39.98524,4.0,0.0,39.52387,-72.0,-39.52387,-84.0,118.8792,118.8792,-100.0,-39.67766999999999,0.0,23.80659,23.806600000000003,0.0,-15.871058999999999,20.0
2367,event_002367.csv,0.0,39.98524,-40.0,0.0,-100.0,0.0,39.52387,-48.0,-39.52387,12.0,118.8792,79.20150000000001,-88.0,-79.35533,36.0,23.80659,23.806600000000003,0.0,-15.871058999999999,20.0
2368,event_002368.csv,0.0,39.98524,-92.0,-39.98524,0.0,0.0,39.52387,-36.0,-39.52387,-40.0,118.8792,79.20150000000001,20.0,-39.67766999999999,-100.0,23.80659,23.806600000000003,0.0,-15.871058999999999,-40.0
2369,event_002369.csv,0.0,39.98524,-64.0,-39.98524,-20.0,0.0,39.52387,16.0,-39.52387,-76.0,118.8792,79.20150000000001,-72.0,-39.67766999999999,-100.0,23.80659,23.806600000000003,0.0,-15.871058999999999,-20.0
2370,event_002370.csv,0.0,39.98524,-80.0,-39.98524,-72.0,0.0,39.52387,-100.0,-39.52387,-84.0,118.8792,79.20150000000001,20.0,-39.67766999999999,-76.0,23.80659,23.806600000000003,0.0,-15.871058999999999,-40.0
2371,event_002371.csv,0.0,39.98524,-56.0,-39.98524,-52.0,0.0,39.52387,136.0,-39.52387,-52.0,118.8792,79.20150000000001,8.0,-39.67766999999999,-100.0,23.80659,23.806600000000003,0.0,-7.93553,-52.0
2372,event_002372.csv,0.0,39.98524,-92.0,-39.98524,-84.0,0.0,39.52387,-64.0,-39.52387,-92.0,118.8792,79.20150000000001,136.0,-39.67766999999999,-100.0,23.80659,23.806600000000003,0.0,-15.871058999999999,-40.0
2373,event_002373.csv,0.0,39.98524,-84.0,0.0,-100.0,0.0,39.52387,-20.0,-39.52387,-72.0,118.8792,79.20150000000001,152.0,-79.35533,120.0,23.80659,23.806600000000003,0.0,-15.871058999999999,-36.0
2374,event_002374.csv,0.0,39.98524,-72.0,-39.98524,-44.0,0.0,39.52387,-16.0,-39.52387,-100.0,158.5568,39.5239,140.0,-79.35527,-28.0,23.80659,23.806600000000003,0.0,-7.93553,-48.0
2375,event_002375.csv,0.0,39.98524,-88.0,0.0,-100.0,0.0,79.20153,-92.0,0.0,-56.0,158.5568,79.20159999999998,196.0,-79.35527,32.0,23.80659,23.806600000000003,0.0,-15.871058999999999,-40.0
2376,event_002376.csv,0.0,39.98524,-88.0,-39.98524,-60.0,0.0,39.52387,-72.0,-39.52387,-36.0,138.71800000000002,59.36269999999999,8.0,-59.51647000000001,-60.0,23.80659,23.806600000000003,0.0,-7.93553,-20.0
2377,event_002377.csv,0.0,39.98524,-88.0,0.0,-100.0,0.0,39.52387,-64.0,-39.52387,-84.0,118.8792,79.20150000000001,-40.0,-39.67766999999999,-20.0,23.80659,23.806600000000003,0.0,-15.871058999999999,-40.0
2378,event_002378.csv,0.0,39.98524,-64.0,-39.98524,-76.0,0.0,39.52387,-72.0,-39.52387,-36.0,118.8792,79.20150000000001,140.0,-39.67766999999999,-32.0,23.80659,23.806600000000003,0.0,-15.871058999999999,-36.0
2379,event_002379.csv,0.0,39.98524,-76.0,0.0,-100.0,0.0,39.52387,-56.0,-39.52387,-44.0,118.8792,79.20150000000001,-96.0,-39.67766999999999,-56.0,31.74213,15.871060000000003,0.0,-23.806599,20.0
2380,event_002380.csv,0.0,39.98524,-72.0,-39.98524,-88.0,0.0,39.52387,-68.0,-39.52387,8.0,118.8792,118.8792,100.0,-39.67766999999999,32.0,23.80659,23.806600000000003,0.0,-15.871058999999999,-36.0
2381,event_002381.csv,0.0,39.98524,-88.0,-39.98524,-44.0,0.0,39.52387,-40.0,-39.52387,-100.0,118.8792,118.8792,-16.0,-79.35533,-32.0,31.74213,15.871060000000003,0.0,-15.87107,-16.0
2382,event_002382.csv,0.0,39.98524,-88.0,-39.98524,108.0,0.0,39.52387,-96.0,-39.52387,-84.0,118.8792,79.20150000000001,-40.0,-39.67766999999999,-76.0,23.80659,23.806600000000003,0.0,-15.871058999999999,-40.0
2383,event_002383.csv,0.0,39.98524,-88.0,-39.98524,84.0,0.0,39.52387,-96.0,-39.52387,-100.0,118.8792,118.8792,8.0,-79.35533,32.0,23.80659,23.806600000000003,0.0,-15.871058999999999,20.0
2384,event_002384.csv,0.0,39.98524,-80.0,0.0,-100.0,0.0,39.52387,-40.0,-39.52387,-12.0,158.5568,39.5239,-80.0,-119.03293000000001,36.0,23.80659,23.806600000000003,0.0,-7.93553,-76.0
2385,event_002385.csv,0.0,39.98524,-72.0,-39.98524,-20.0,0.0,39.52387,-60.0,-39.52387,-100.0,118.8792,277.43600000000004,-100.0,-39.67766999999999,4.0,23.80659,31.742130000000003,0.0,-15.871058999999999,-40.0
2386,event_002386.csv,0.0,39.98524,-48.0,-39.98524,-60.0,0.0,39.52387,-88.0,-39.52387,-64.0,118.8792,79.20150000000001,-80.0,-39.67766999999999,120.0,23.80659,23.806600000000003,0.0,-15.871058999999999,-64.0
2387,event_002387.csv,0.0,39.98524,-96.0,-39.98524,12.0,0.0,39.52387,-40.0,-39.52387,100.0,118.8792,79.20150000000001,16.0,-39.67766999999999,-96.0,23.80659,23.806600000000003,0.0,-15.871058999999999,-28.0
2388,event_002388.csv,0.0,39.98524,-84.0,0.0,-100.0,0.0,39.52387,-56.0,-39.52387,-48.0,118.8792,79.20150000000001,16.0,-39.67766999999999,-12.0,23.80659,23.806600000000003,0.0,-7.93553,-52.0
2389,event_002389.csv,0.0,39.98524,-88.0,-39.98524,-80.0,0.0,39.52387,-24.0,-39.52387,-92.0,118.8792,79.20150000000001,20.0,-39.67766999999999,-88.0,23.80659,23.806600000000003,0.0,-15.871058999999999,-36.0
2390,event_002390.csv,0.0,39.98524,-76.0,-39.98524,-32.0,0.0,39.52387,52.0,-39.52387,-88.0,118.8792,118.8792,12.0,-79.35533,40.0,31.74213,15.871060000000003,0.0,-15.87107,24.0
2391,event_002391.csv,0.0,39.98524,-72.0,-39.98524,-52.0,0.0,39.52387,-96.0,-39.52387,108.0,158.5568,39.5239,-40.0,-79.35527,-68.0,23.80659,23.806600000000003,0.0,-15.871058999999999,-36.0
2392,event_002392.csv,0.0,39.98524,-92.0,0.0,-100.0,0.0,79.20153,-92.0,-39.52387,40.0,118.8792,79.20150000000001,-88.0,-39.67766999999999,-32.0,15.87106,31.742130000000003,0.0,-15.87106,20.0
2393,event_002393.csv,0.0,39.98524,-92.0,0.0,-100.0,0.0,39.52387,-80.0,-39.52387,-20.0,118.8792,79.20150000000001,-72.0,-79.35533,-92.0,23.80659,23.806600000000003,0.0,-15.871058999999999,20.0
2394,event_002394.csv,0.0,39.98524,-96.0,-39.98524,12.0,0.0,39.52387,-64.0,-39.52387,-76.0,118.8792,79.20150000000001,128.0,-39.67766999999999,-100.0,23.80659,23.806600000000003,0.0,-7.93553,-16.0
2395,event_002395.csv,0.0,39.98524,-20.0,0.0,-100.0,0.0,39.52387,-92.0,-39.52387,112.0,118.8792,79.20150000000001,12.0,-39.67766999999999,-12.0,23.80659,23.806600000000003,0.0,-7.93553,-28.0
2396,event_002396.csv,0.0,39.98524,-88.0,-39.98524,-68.0,0.0,39.52387,-76.0,-39.52387,-24.0,118.8792,79.20150000000001,-40.0,-39.67766999999999,-24.0,23.80659,23.806600000000003,0.0,-15.871058999999999,-40.0
2397,event_002397.csv,0.0,39.98524,-100.0,-39.98524,-40.0,0.0,39.52387,4.0,-39.52387,8.0,118.8792,79.20150000000001,16.0,-39.67766999999999,-16.0,23.80659,23.806600000000003,0.0,-15.871058999999999,-40.0
2398,event_002398.csv,0.0,39.98524,-40.0,-39.98524,-68.0,0.0,39.52387,-96.0,-39.52387,-36.0,118.8792,79.20150000000001,16.0,-39.67766999999999,-56.0,31.74213,23.806590000000003,0.0,-23.806599,20.0
2399,event_002399.csv,0.0,39.98524,-72.0,0.0,-100.0,0.0,39.52387,-64.0,-39.52387,-20.0,118.8792,79.20150000000001,-40.0,-39.67766999999999,-56.0,23.80659,23.806600000000003,0.0,-15.871058999999999,-40.0
2400,event_002400.csv,0.0,39.98524,-96.0,-39.98524,140.0,0.0,39.52387,-96.0,-39.52387,-60.0,118.8792,79.20150000000001,16.0,-39.67766999999999,-72.0,27.77436,19.83883,0.0,-19.838829,20.0
2401,event_002401.csv,0.0,39.98524,-96.0,0.0,-100.0,0.0,39.52387,-96.0,-39.52387,-52.0,118.8792,79.20150000000001,152.0,-39.67766999999999,-92.0,23.80659,23.806600000000003,0.0,-7.93553,-40.0
2402,event_002402.csv,0.0,39.98524,-96.0,0.0,-100.0,0.0,39.52387,-100.0,-39.52387,-16.0,118.8792,79.20150000000001,-52.0,-39.67766999999999,-72.0,23.80659,23.806600000000003,0.0,-15.871058999999999,-36.0
2403,event_002403.csv,0.0,79.97047,112.0,-39.98524,148.0,0.0,39.52387,-72.0,-39.52387,12.0,118.8792,79.20150000000001,-32.0,-79.35533,-8.0,23.80659,23.806600000000003,0.0,-7.93553,-28.0
2404,event_002404.csv,0.0,39.98524,-72.0,0.0,-100.0,0.0,39.52387,-96.0,-39.52387,-68.0,118.8792,118.8792,8.0,-79.35533,-92.0,23.80659,23.806600000000003,0.0,-23.80659,-40.0
2405,event_002405.csv,0.0,39.98524,-72.0,-39.98524,108.0,0.0,39.52387,-80.0,-39.52387,-28.0,158.5568,79.20159999999998,0.0,-119.03293000000001,188.0,23.80659,23.806600000000003,0.0,-15.871058999999999,20.0
2406,event_002406.csv,0.0,39.98524,-72.0,0.0,-100.0,0.0,39.52387,-88.0,-39.52387,-60.0,118.8792,79.20150000000001,96.0,-39.67766999999999,-12.0,23.80659,23.806600000000003,0.0,-15.871058999999999,-52.0
2407,event_002407.csv,0.0,39.98524,-92.0,-39.98524,156.0,0.0,39.52387,-64.0,-39.52387,-84.0,118.8792,79.20150000000001,8.0,-39.67766999999999,-72.0,23.80659,23.806600000000003,0.0,-7.93553,-52.0
2408,event_002408.csv,0.0,39.98524,-28.0,-39.98524,-44.0,0.0,39.52387,-100.0,-39.52387,-56.0,118.8792,79.20150000000001,-84.0,-79.35533,120.0,27.77436,19.83883,0.0,-19.838829,-40.0
2409,event_002409.csv,0.0,39.98524,-92.0,-39.98524,24.0,0.0,79.20153,-92.0,0.0,-88.0,118.8792,79.20150000000001,-100.0,-39.67766999999999,-16.0,23.80659,23.806600000000003,0.0,-15.871058999999999,-40.0
2410,event_002410.csv,0.0,39.98524,-100.0,-39.98524,112.0,0.0,39.52387,-60.0,-39.52387,192.0,118.8792,118.8792,-76.0,-118.8792,-16.0,23.80659,23.806600000000003,0.0,-15.871058999999999,-72.0
2411,event_002411.csv,0.0,39.98524,-88.0,-39.98524,196.0,0.0,39.52387,-48.0,-39.52387,4.0,118.8792,79.20150000000001,24.0,-39.67766999999999,-32.0,23.80659,23.806600000000003,0.0,-23.80659,-36.0
2412,event_002412.csv,0.0,39.98524,-60.0,-39.98524,96.0,0.0,39.52387,-52.0,-39.52387,-80.0,118.8792,79.20150000000001,20.0,-39.67766999999999,-96.0,23.80659,23.806600000000003,0.0,-23.80659,16.0
2413,event_002413.csv,0.0,39.98524,-72.0,0.0,-100.0,0.0,79.20153,184.0,-39.52387,-68.0,118.8792,118.8792,72.0,-79.35533,52.0,23.80659,23.806600000000003,0.0,-15.871058999999999,-28.0
2414,event_002414.csv,0.0,39.98524,-60.0,-39.98524,-16.0,0.0,39.52387,-52.0,-39.52387,16.0,158.5568,39.5239,20.0,-79.35527,-16.0,31.74213,15.871060000000003,0.0,-15.87107,-40.0
2415,event_002415.csv,0.0,79.97047,104.0,-39.98524,-68.0,0.0,39.52387,-88.0,-39.52387,-60.0,118.8792,118.8792,-72.0,-79.35533,-84.0,23.80659,23.806600000000003,0.0,-23.80659,-68.0
2416,event_002416.csv,0.0,79.97047,-16.0,0.0,-100.0,0.0,39.52387,-24.0,-39.52387,-44.0,118.8792,79.20150000000001,96.0,-79.35533,116.0,23.80659,23.806600000000003,0.0,-15.871058999999999,-40.0
2417,event_002417.csv,0.0,39.98524,-80.0,-39.98524,-92.0,0.0,39.52387,-96.0,-39.52387,-52.0,158.5568,39.5239,12.0,-79.35527,-44.0,23.80659,31.742130000000003,0.0,-15.871058999999999,20.0
2418,event_002418.csv,0.0,39.98524,-96.0,0.0,-100.0,0.0,39.52387,12.0,-39.52387,-96.0,118.8792,79.20150000000001,-40.0,-39.67766999999999,-24.0,23.80659,23.806600000000003,0.0,-15.871058999999999,20.0
2419,event_002419.csv,0.0,39.98524,-84.0,0.0,-100.0,0.0,39.52387,-100.0,-39.52387,8.0,118.8792,118.8792,196.0,-39.67766999999999,-64.0,31.74213,15.871060000000003,0.0,-15.87107,-72.0
2420,event_002420.csv,0.0,39.98524,-64.0,-39.98524,56.0,0.0,39.52387,68.0,-39.52387,-16.0,118.8792,79.20150000000001,-84.0,-79.35533,-8.0,31.74213,15.871060000000003,0.0,-15.87107,-52.0
2421,event_002421.csv,0.0,39.98524,-96.0,-39.98524,36.0,0.0,39.52387,-80.0,-39.52387,-76.0,118.8792,79.20150000000001,8.0,-79.35533,36.0,23.80659,23.806600000000003,0.0,-15.871058999999999,28.0
2422,event_002422.csv,0.0,39.98524,-96.0,-39.98524,40.0,0.0,39.52387,-100.0,-39.52387,-96.0,118.8792,79.20150000000001,16.0,-39.67766999999999,-44.0,23.80659,23.806600000000003,0.0,-7.93553,-64.0
2423,event_002423.csv,0.0,39.98524,-96.0,-39.98524,124.0,0.0,39.52387,-96.0,-39.52387,20.0,118.8792,79.20150000000001,-8.0,-79.35533,128.0,23.80659,23.806600000000003,0.0,-7.93553,-76.0
2424,event_002424.csv,0.0,39.98524,-40.0,0.0,-100.0,0.0,39.52387,136.0,-39.52387,-84.0,158.5568,39.5239,-40.0,-79.35527,-12.0,23.80659,23.806600000000003,0.0,-7.93553,-64.0
2425,event_002425.csv,0.0,39.98524,-56.0,-39.98524,-48.0,0.0,39.52387,-36.0,-39.52387,-8.0,158.5568,39.5239,-84.0,-79.35527,-48.0,15.87106,31.742130000000003,0.0,-7.935529,-28.0
2426,event_002426.csv,0.0,39.98524,-60.0,-39.98524,-52.0,0.0,39.52387,-36.0,-39.52387,-56.0,158.5568,39.5239,-28.0,-119.03293000000001,176.0,23.80659,23.806600000000003,0.0,-15.871058999999999,-60.0
2427,event_002427.csv,0.0,39.98524,-88.0,-39.98524,76.0,0.0,39.52387,-64.0,-39.52387,-92.0,118.8792,118.8792,16.0,-118.8792,36.0,23.80659,23.806600000000003,0.0,-15.871058999999999,28.0
2428,event_002428.csv,0.0,39.98524,-88.0,0.0,-100.0,0.0,79.20153,168.0,-39.52387,-4.0,158.5568,79.20159999999998,148.0,-79.35527,-44.0,23.80659,23.806600000000003,0.0,-23.80659,-36.0
2429,event_002429.csv,0.0,39.98524,-96.0,-39.98524,-28.0,0.0,39.52387,-48.0,-39.52387,-100.0,118.8792,79.20150000000001,8.0,-39.67766999999999,-76.0,23.80659,23.806600000000003,0.0,-15.871058999999999,20.0
2430,event_002430.csv,0.0,39.98524,-92.0,-39.98524,172.0,0.0,39.52387,40.0,-39.52387,-100.0,118.8792,118.8792,24.0,-79.35533,-8.0,23.80659,23.806600000000003,0.0,-7.93553,-24.0
2431,event_002431.csv,0.0,39.98524,-100.0,-39.98524,-72.0,0.0,39.52387,-76.0,-39.52387,96.0,118.8792,79.20150000000001,-100.0,-39.67766999999999,-8.0,23.80659,23.806600000000003,0.0,-7.93553,-96.0
2432,event_002432.csv,0.0,39.98524,-64.0,-39.98524,-72.0,0.0,39.52387,-76.0,-39.52387,40.0,118.8792,118.8792,20.0,-39.67766999999999,-88.0,23.80659,23.806600000000003,0.0,-15.871058999999999,20.0
2433,event_002433.csv,0.0,39.98524,-96.0,0.0,-100.0,0.0,39.52387,-88.0,-39.52387,-4.0,118.8792,118.8792,16.0,-79.35533,-4.0,23.80659,23.806600000000003,0.0,-15.871058999999999,28.0
2434,event_002434.csv,0.0,39.98524,-100.0,0.0,-96.0,0.0,39.52387,-60.0,-39.52387,-64.0,158.5568,79.20159999999998,-20.0,-119.03293000000001,-68.0,23.80659,23.806600000000003,0.0,-7.93553,-48.0
2435,event_002435.csv,0.0,39.98524,-72.0,0.0,-100.0,0.0,39.52387,-16.0,-39.52387,-44.0,118.8792,79.20150000000001,156.0,-39.67766999999999,-96.0,15.87106,31.742130000000003,0.0,-7.935529,-36.0
2436,event_002436.csv,0.0,39.98524,-92.0,-39.98524,-80.0,0.0,39.52387,-4.0,-39.52387,-64.0,118.8792,79.20150000000001,200.0,-39.67766999999999,-20.0,23.80659,23.806600000000003,0.0,-7.93553,-64.0
2437,event_002437.csv,0.0,39.98524,-88.0,-39.98524,100.0,0.0,39.52387,-80.0,-39.52387,-84.0,158.5568,79.20159999999998,140.0,-119.03293000000001,164.0,23.80659,23.806600000000003,0.0,-23.80659,20.0
2438,event_002438.csv,0.0,39.98524,-84.0,0.0,-100.0,0.0,39.52387,-44.0,-39.52387,-72.0,118.8792,79.20150000000001,-100.0,-79.35533,36.0,23.80659,23.806600000000003,0.0,-15.871058999999999,20.0
2439,event_002439.csv,0.0,39.98524,-72.0,-39.98524,192.0,0.0,39.52387,-88.0,-39.52387,-92.0,118.8792,79.20150000000001,8.0,-39.67766999999999,-44.0,23.80659,23.806600000000003,0.0,-7.93553,-76.0
2440,event_002440.csv,0.0,39.98524,-72.0,-39.98524,120.0,0.0,39.52387,-92.0,-39.52387,-88.0,118.8792,277.43600000000004,-52.0,-79.35533,32.0,23.80659,23.806600000000003,0.0,-15.871058999999999,16.0
2441,event_002441.csv,0.0,39.98524,-80.0,-39.98524,108.0,0.0,39.52387,-100.0,-39.52387,-36.0,118.8792,79.20150000000001,-32.0,-39.67766999999999,-100.0,23.80659,23.806600000000003,0.0,-7.93553,-20.0
2442,event_002442.csv,0.0,39.98524,-76.0,-39.98524,-92.0,0.0,39.52387,-64.0,-39.52387,-60.0,158.5568,39.5239,-100.0,-79.35527,-76.0,23.80659,23.806600000000003,0.0,-7.93553,-92.0
2443,event_002443.csv,0.0,39.98524,-84.0,-39.98524,-40.0,0.0,39.52387,-28.0,-39.52387,-8.0,118.8792,317.1137,-40.0,-79.35533,-88.0,15.87106,31.742130000000003,0.0,-7.935529,16.0
2444,event_002444.csv,0.0,39.98524,-84.0,-39.98524,-44.0,0.0,39.52387,-96.0,-39.52387,-44.0,138.71800000000002,59.36269999999999,-84.0,-59.51647000000001,-64.0,23.80659,23.806600000000003,0.0,-7.93553,-84.0
2445,event_002445.csv,0.0,39.98524,-96.0,-39.98524,-4.0,0.0,39.52387,32.0,-39.52387,-100.0,118.8792,118.8792,16.0,-39.67766999999999,-12.0,23.80659,23.806600000000003,0.0,-15.871058999999999,-40.0
2446,event_002446.csv,0.0,39.98524,-80.0,-39.98524,-36.0,0.0,39.52387,-96.0,-39.52387,-36.0,118.8792,118.8792,112.0,-79.35533,132.0,23.80659,23.806600000000003,0.0,-7.93553,-52.0
2447,event_002447.csv,0.0,39.98524,-100.0,0.0,-92.0,0.0,39.52387,-92.0,-39.52387,-80.0,118.8792,79.20150000000001,92.0,-79.35533,120.0,23.80659,23.806600000000003,0.0,-15.871058999999999,24.0
2448,event_002448.csv,0.0,39.98524,-44.0,0.0,-100.0,0.0,39.52387,-88.0,-39.52387,4.0,118.8792,118.8792,144.0,-39.67766999999999,-100.0,23.80659,23.806600000000003,0.0,-15.871058999999999,-36.0
2449,event_002449.csv,0.0,39.98524,-68.0,0.0,-100.0,0.0,39.52387,-96.0,-39.52387,-100.0,138.71800000000002,59.36269999999999,8.0,-59.51647000000001,-92.0,23.80659,23.806600000000003,0.0,-15.871058999999999,-52.0
2450,event_002450.csv,0.0,39.98524,-72.0,-39.98524,-36.0,0.0,39.52387,-40.0,0.0,-100.0,118.8792,79.20150000000001,-64.0,-39.67766999999999,-36.0,23.80659,23.806600000000003,0.0,-15.871058999999999,-52.0
2451,event_002451.csv,0.0,39.98524,-80.0,-39.98524,156.0,0.0,39.52387,-72.0,-39.52387,-52.0,118.8792,79.20150000000001,12.0,-79.35533,40.0,31.74213,15.871060000000003,0.0,-23.806599,28.0
2452,event_002452.csv,0.0,39.98524,-80.0,-39.98524,140.0,0.0,39.52387,-56.0,-39.52387,-100.0,118.8792,79.20150000000001,-16.0,-118.8792,40.0,23.80659,23.806600000000003,0.0,-15.871058999999999,28.0
2453,event_002453.csv,0.0,39.98524,-100.0,-39.98524,104.0,0.0,39.52387,-52.0,-39.52387,-48.0,158.5568,39.5239,-92.0,-79.35527,40.0,23.80659,23.806600000000003,0.0,-15.871058999999999,-24.0
2454,event_002454.csv,0.0,39.98524,-96.0,-39.98524,56.0,0.0,39.52387,-92.0,-39.52387,-88.0,158.5568,39.5239,-76.0,-79.35527,96.0,23.80659,23.806600000000003,0.0,-15.871058999999999,16.0
2455,event_002455.csv,0.0,39.98524,-56.0,0.0,-100.0,0.0,39.52387,-96.0,-39.52387,-92.0,118.8792,79.20150000000001,56.0,-39.67766999999999,-92.0,23.80659,23.806600000000003,0.0,0.0,-92.0
2456,event_002456.csv,0.0,39.98524,-96.0,-39.98524,28.0,0.0,39.52387,-72.0,-39.52387,-60.0,118.8792,4881.1208,0.0,-39.67766999999999,-100.0,-7.935531,55.548721,0.0,-7.935529,-68.0
2457,event_002457.csv,0.0,39.98524,-64.0,-39.98524,188.0,0.0,79.20153,-40.0,-39.52387,52.0,118.8792,79.20150000000001,-96.0,-39.67766999999999,-56.0,31.74213,15.871060000000003,0.0,-15.87107,-40.0
2458,event_002458.csv,0.0,39.98524,-96.0,-39.98524,-20.0,0.0,39.52387,-72.0,-39.52387,68.0,118.8792,118.8792,16.0,-39.67766999999999,-40.0,23.80659,23.806600000000003,0.0,-15.871058999999999,20.0
2459,event_002459.csv,0.0,39.98524,-100.0,-39.98524,-24.0,0.0,39.52387,-84.0,-39.52387,-48.0,118.8792,79.20150000000001,12.0,-79.35533,168.0,23.80659,23.806600000000003,0.0,-7.93553,8.0
2460,event_002460.csv,0.0,39.98524,-100.0,-39.98524,-60.0,0.0,39.52387,-76.0,-39.52387,-88.0,158.5568,39.5239,20.0,-119.03293000000001,40.0,23.80659,23.806600000000003,0.0,-15.871058999999999,-40.0
2461,event_002461.csv,0.0,39.98524,-80.0,-39.98524,-8.0,0.0,39.52387,-68.0,-39.52387,-32.0,118.8792,39.67760000000001,-72.0,-39.67766999999999,-44.0,31.74213,15.871060000000003,0.0,-15.87107,-40.0
2462,event_002462.csv,0.0,39.98524,-48.0,-39.98524,16.0,0.0,39.52387,-88.0,-39.52387,-52.0,158.5568,39.5239,8.0,-119.03293000000001,180.0,23.80659,23.806600000000003,0.0,-15.871058999999999,-36.0
2463,event_002463.csv,0.0,39.98524,-92.0,-39.98524,28.0,0.0,39.52387,-88.0,-39.52387,-52.0,118.8792,79.20150000000001,16.0,-39.67766999999999,-4.0,23.80659,23.806600000000003,0.0,-15.871058999999999,20.0
2464,event_002464.csv,0.0,39.98524,-88.0,-39.98524,92.0,0.0,39.52387,-100.0,-39.52387,-92.0,118.8792,79.20150000000001,16.0,-39.67766999999999,-100.0,23.80659,23.806600000000003,0.0,-7.93553,-52.0
2465,event_002465.csv,0.0,39.98524,-100.0,0.0,-96.0,0.0,39.52387,-96.0,-39.52387,-60.0,118.8792,79.20150000000001,-40.0,-39.67766999999999,-64.0,23.80659,23.806600000000003,0.0,-15.871058999999999,-36.0
2466,event_002466.csv,0.0,39.98524,-36.0,-39.98524,-60.0,0.0,39.52387,-80.0,-39.52387,-68.0,158.5568,79.20159999999998,16.0,-119.03293000000001,36.0,23.80659,23.806600000000003,0.0,-15.871058999999999,20.0
2467,event_002467.csv,0.0,39.98524,-84.0,0.0,-100.0,0.0,39.52387,-88.0,-39.52387,-68.0,118.8792,79.20150000000001,-28.0,-79.35533,-12.0,23.80659,23.806600000000003,0.0,-15.871058999999999,-40.0
2468,event_002468.csv,0.0,39.98524,-76.0,-39.98524,-44.0,0.0,39.52387,-100.0,-39.52387,-56.0,158.5568,39.5239,-40.0,-79.35527,-96.0,15.87106,31.742130000000003,0.0,-7.935529,-64.0
2469,event_002469.csv,0.0,39.98524,-100.0,0.0,-96.0,0.0,39.52387,-84.0,-39.52387,176.0,158.5568,79.20159999999998,148.0,-119.03293000000001,-48.0,23.80659,23.806600000000003,0.0,-15.871058999999999,-100.0
2470,event_002470.csv,0.0,79.97047,8.0,-39.98524,-80.0,0.0,237.9122,4.0,0.0,-96.0,118.8792,4881.1208,-4.0,-39.67766999999999,-96.0,0.0,150.8366,12.0,-39.67766,-8.0
2471,event_002471.csv,0.0,39.98524,-68.0,-39.98524,-72.0,0.0,39.52387,-88.0,-39.52387,-84.0,118.8792,317.1137,184.0,-39.67766999999999,-60.0,31.74213,15.871060000000003,0.0,-23.806599,-40.0
2472,event_002472.csv,0.0,39.98524,-92.0,-39.98524,144.0,0.0,39.52387,124.0,-39.52387,-96.0,118.8792,79.20150000000001,-28.0,-39.67766999999999,-96.0,23.80659,23.806600000000003,0.0,-7.93553,16.0
2473,event_002473.csv,0.0,79.97047,200.0,-39.98524,140.0,0.0,39.52387,-16.0,-39.52387,-68.0,118.8792,79.20150000000001,-96.0,-39.67766999999999,-24.0,23.80659,23.806600000000003,0.0,-23.80659,-40.0
2474,event_002474.csv,0.0,39.98524,-96.0,-39.98524,-100.0,0.0,39.52387,-96.0,-39.52387,-84.0,158.5568,79.20159999999998,16.0,-79.35527,-100.0,31.74213,15.871060000000003,0.0,-15.87107,20.0
2475,event_002475.csv,0.0,39.98524,-96.0,0.0,-100.0,0.0,39.52387,16.0,-39.52387,-60.0,118.8792,79.20150000000001,8.0,-39.67766999999999,-100.0,23.80659,23.806600000000003,0.0,-15.871058999999999,-36.0
2476,event_002476.csv,0.0,39.98524,-76.0,-39.98524,0.0,0.0,39.52387,-68.0,-39.52387,-64.0,158.5568,396.469,20.0,-79.35527,-100.0,23.80659,23.806600000000003,0.0,-15.871058999999999,-40.0
2477,event_002477.csv,0.0,39.98524,-80.0,-39.98524,196.0,0.0,39.52387,-88.0,-39.52387,-100.0,158.5568,39.5239,-40.0,-79.35527,-76.0,23.80659,23.806600000000003,0.0,-7.93553,-52.0
2478,event_002478.csv,0.0,39.98524,-96.0,-39.98524,60.0,0.0,39.52387,16.0,-39.52387,100.0,118.8792,118.8792,20.0,-39.67766999999999,-84.0,23.80659,23.806600000000003,0.0,-15.871058999999999,-40.0
2479,event_002479.csv,0.0,39.98524,-92.0,0.0,-100.0,0.0,39.52387,-84.0,-39.52387,-88.0,118.8792,79.20150000000001,4.0,-39.67766999999999,28.0,23.80659,23.806600000000003,0.0,-23.80659,20.0
2480,event_002480.csv,0.0,39.98524,-96.0,-39.98524,108.0,0.0,39.52387,-80.0,-39.52387,-20.0,118.8792,79.20150000000001,-64.0,-39.67766999999999,-44.0,23.80659,23.806600000000003,0.0,-7.93553,-92.0
2481,event_002481.csv,0.0,39.98524,-96.0,-39.98524,-44.0,0.0,39.52387,-8.0,-39.52387,-36.0,118.8792,79.20150000000001,-8.0,-39.67766999999999,-76.0,23.80659,23.806600000000003,0.0,-15.871058999999999,4.0
2482,event_002482.csv,0.0,39.98524,-72.0,-39.98524,-76.0,0.0,39.52387,-96.0,-39.52387,-92.0,118.8792,118.8792,12.0,-39.67766999999999,-60.0,23.80659,23.806600000000003,0.0,-7.93553,-36.0
2483,event_002483.csv,0.0,39.98524,-88.0,-39.98524,36.0,0.0,39.52387,-96.0,-39.52387,20.0,118.8792,118.8792,-72.0,-118.8792,-48.0,23.80659,23.806600000000003,0.0,-7.93553,-100.0
2484,event_002484.csv,0.0,39.98524,-76.0,-39.98524,-16.0,0.0,39.52387,-60.0,-39.52387,44.0,118.8792,79.20150000000001,4.0,0.0,-96.0,23.80659,23.806600000000003,0.0,-15.871058999999999,-36.0
2485,event_002485.csv,0.0,39.98524,-88.0,-39.98524,-76.0,0.0,39.52387,8.0,-39.52387,-84.0,118.8792,79.20150000000001,-40.0,-79.35533,124.0,23.80659,23.806600000000003,0.0,-15.871058999999999,-36.0
2486,event_002486.csv,0.0,39.98524,-84.0,-39.98524,144.0,0.0,39.52387,-48.0,-39.52387,-92.0,158.5568,39.5239,24.0,-79.35527,-92.0,23.80659,23.806600000000003,0.0,-23.80659,-36.0
2487,event_002487.csv,0.0,39.98524,-80.0,-39.98524,124.0,0.0,39.52387,-100.0,-39.52387,-92.0,138.71800000000002,99.04039999999998,96.0,-138.71800000000002,-8.0,23.80659,23.806600000000003,0.0,-7.93553,16.0
2488,event_002488.csv,0.0,39.98524,-56.0,-39.98524,88.0,0.0,39.52387,-4.0,-39.52387,-80.0,118.8792,79.20150000000001,-68.0,-39.67766999999999,48.0,23.80659,23.806600000000003,0.0,-7.93553,-40.0
2489,event_002489.csv,0.0,39.98524,-72.0,0.0,-100.0,0.0,39.52387,-80.0,-39.52387,-44.0,158.5568,79.20159999999998,164.0,-79.35527,-12.0,23.80659,23.806600000000003,0.0,-7.93553,-64.0
2490,event_002490.csv,0.0,39.98524,-76.0,0.0,-100.0,0.0,39.52387,-48.0,-39.52387,68.0,158.5568,79.20159999999998,16.0,-158.5568,36.0,15.87106,31.742130000000003,0.0,-15.87106,20.0
2491,event_002491.csv,0.0,39.98524,-100.0,-39.98524,68.0,0.0,39.52387,-64.0,-39.52387,-84.0,118.8792,79.20150000000001,-72.0,-39.67766999999999,-64.0,23.80659,23.806600000000003,0.0,-7.93553,-92.0
2492,event_002492.csv,0.0,39.98524,-100.0,-39.98524,44.0,0.0,39.52387,-48.0,-39.52387,-68.0,118.8792,79.20150000000001,20.0,-39.67766999999999,-60.0,23.80659,23.806600000000003,0.0,-15.871058999999999,-40.0
2493,event_002493.csv,0.0,39.98524,-72.0,-39.98524,100.0,0.0,39.52387,-40.0,-39.52387,-52.0,118.8792,79.20150000000001,56.0,-39.67766999999999,-96.0,23.80659,23.806600000000003,0.0,-7.93553,-20.0
2494,event_002494.csv,0.0,39.98524,-48.0,0.0,-100.0,0.0,39.52387,-96.0,-39.52387,-60.0,158.5568,79.20159999999998,-48.0,-79.35527,92.0,23.80659,23.806600000000003,0.0,-23.80659,20.0
2495,event_002495.csv,0.0,39.98524,-80.0,0.0,-100.0,0.0,39.52387,-88.0,-39.52387,-52.0,118.8792,79.20150000000001,-40.0,-39.67766999999999,-84.0,23.80659,31.742130000000003,0.0,-15.871058999999999,-40.0
2496,event_002496.csv,0.0,79.97047,88.0,-39.98524,-76.0,0.0,39.52387,-96.0,-39.52387,-100.0,118.8792,79.20150000000001,-40.0,-39.67766999999999,-48.0,23.80659,23.806600000000003,0.0,-7.93553,-52.0
2497,event_002497.csv,0.0,39.98524,-56.0,-39.98524,-20.0,0.0,39.52387,-48.0,-39.52387,-28.0,118.8792,79.20150000000001,-96.0,-39.67766999999999,-20.0,23.80659,23.806600000000003,0.0,-15.871058999999999,-36.0
2498,event_002498.csv,0.0,39.98524,-64.0,-39.98524,-84.0,0.0,39.52387,-36.0,-39.52387,-76.0,118.8792,118.8792,144.0,-39.67766999999999,-100.0,23.80659,23.806600000000003,0.0,-15.871058999999999,16.0
2499,event_002499.csv,0.0,39.98524,-16.0,0.0,-100.0,0.0,39.52387,-96.0,-39.52387,-76.0,118.8792,79.20150000000001,8.0,-39.67766999999999,36.0,23.80659,23.806600000000003,0.0,-7.93553,-4.0
2500,event_002500.csv,0.0,39.98524,-88.0,-39.98524,164.0,0.0,39.52387,-48.0,-39.52387,36.0,158.5568,79.20159999999998,16.0,-119.03293000000001,-68.0,23.80659,23.806600000000003,0.0,-15.871058999999999,28.0
2501,event_002501.csv,0.0,39.98524,-84.0,-39.98524,20.0,0.0,39.52387,-80.0,-39.52387,-84.0,118.8792,79.20150000000001,8.0,-39.67766999999999,-12.0,23.80659,23.806600000000003,0.0,-7.93553,-52.0
2502,event_002502.csv,0.0,39.98524,-64.0,-39.98524,156.0,0.0,39.52387,-72.0,-39.52387,-84.0,118.8792,79.20150000000001,96.0,-79.35533,44.0,23.80659,23.806600000000003,0.0,-15.871058999999999,-36.0
2503,event_002503.csv,0.0,39.98524,-100.0,0.0,-96.0,0.0,39.52387,-92.0,-39.52387,-88.0,118.8792,118.8792,20.0,-79.35533,44.0,23.80659,23.806600000000003,0.0,-15.871058999999999,16.0
2504,event_002504.csv,0.0,39.98524,-52.0,0.0,-100.0,0.0,39.52387,-92.0,-39.52387,112.0,118.8792,118.8792,140.0,-39.67766999999999,-8.0,23.80659,23.806600000000003,0.0,-15.871058999999999,-40.0
2505,event_002505.csv,0.0,39.98524,-96.0,-39.98524,-12.0,0.0,39.52387,-48.0,-39.52387,-92.0,138.71800000000002,99.04039999999998,144.0,-59.51647000000001,-100.0,23.80659,23.806600000000003,0.0,-15.871058999999999,-36.0
2506,event_002506.csv,0.0,39.98524,-64.0,-39.98524,-52.0,0.0,79.20153,-20.0,-39.52387,188.0,158.5568,39.5239,-48.0,-79.35527,-20.0,23.80659,23.806600000000003,0.0,-7.93553,-52.0
2507,event_002507.csv,0.0,39.98524,-36.0,-39.98524,-76.0,0.0,39.52387,-96.0,-39.52387,-72.0,118.8792,118.8792,136.0,-39.67766999999999,-44.0,23.80659,23.806600000000003,0.0,-15.871058999999999,4.0
2508,event_002508.csv,0.0,39.98524,-96.0,0.0,-100.0,0.0,39.52387,-56.0,-39.52387,-76.0,118.8792,79.20150000000001,8.0,-79.35533,-4.0,23.80659,23.806600000000003,0.0,-15.871058999999999,20.0
2509,event_002509.csv,0.0,39.98524,-64.0,-39.98524,-28.0,0.0,39.52387,64.0,-39.52387,-88.0,118.8792,118.8792,188.0,-39.67766999999999,-92.0,23.80659,23.806600000000003,0.0,-15.871058999999999,-36.0
2510,event_002510.csv,0.0,39.98524,-88.0,0.0,-100.0,0.0,39.52387,-8.0,-39.52387,-76.0,118.8792,317.1137,64.0,-39.67766999999999,-100.0,23.80659,23.806600000000003,0.0,-15.871058999999999,-36.0
2511,event_002511.csv,0.0,39.98524,-88.0,-39.98524,-44.0,0.0,39.52387,-80.0,-39.52387,-52.0,118.8792,79.20150000000001,-52.0,-39.67766999999999,-96.0,23.80659,23.806600000000003,0.0,-7.93553,-76.0
2512,event_002512.csv,0.0,39.98524,-100.0,-39.98524,40.0,0.0,39.52387,-44.0,-39.52387,-96.0,118.8792,79.20150000000001,-36.0,-79.35533,-8.0,23.80659,23.806600000000003,0.0,-7.93553,-8.0
2513,event_002513.csv,0.0,39.98524,-100.0,-39.98524,-76.0,0.0,79.20153,16.0,-39.52387,-20.0,118.8792,79.20150000000001,8.0,-39.67766999999999,-60.0,23.80659,23.806600000000003,0.0,-7.93553,-36.0
2514,event_002514.csv,0.0,39.98524,-96.0,-39.98524,-32.0,0.0,39.52387,-100.0,-39.52387,-40.0,118.8792,79.20150000000001,-92.0,-79.35533,40.0,23.80659,23.806600000000003,0.0,-15.871058999999999,-64.0
2515,event_002515.csv,0.0,39.98524,-48.0,-39.98524,-36.0,0.0,39.52387,24.0,-39.52387,-76.0,118.8792,118.8792,-16.0,-79.35533,-36.0,31.74213,15.871060000000003,0.0,-15.87107,-100.0
2516,event_002516.csv,0.0,39.98524,-100.0,-39.98524,124.0,0.0,39.52387,-72.0,-39.52387,-76.0,118.8792,79.20150000000001,-8.0,-39.67766999999999,-36.0,23.80659,23.806600000000003,0.0,-15.871058999999999,-4.0
2517,event_002517.csv,0.0,39.98524,-88.0,-39.98524,-44.0,0.0,39.52387,-72.0,-39.52387,-52.0,118.8792,79.20150000000001,-24.0,-39.67766999999999,-12.0,23.80659,23.806600000000003,0.0,-15.871058999999999,-40.0
2518,event_002518.csv,0.0,39.98524,-60.0,-39.98524,176.0,0.0,39.52387,-88.0,-39.52387,124.0,118.8792,79.20150000000001,104.0,-39.67766999999999,-76.0,23.80659,23.806600000000003,0.0,-7.93553,-92.0
2519,event_002519.csv,0.0,39.98524,-88.0,-39.98524,148.0,0.0,39.52387,-80.0,-39.52387,-52.0,118.8792,118.8792,152.0,-39.67766999999999,-12.0,23.80659,23.806600000000003,0.0,-15.871058999999999,-40.0
2520,event_002520.csv,0.0,39.98524,-96.0,0.0,-100.0,0.0,39.52387,-88.0,-39.52387,-36.0,118.8792,79.20150000000001,32.0,-39.67766999999999,-52.0,23.80659,23.806600000000003,0.0,-15.871058999999999,-40.0
2521,event_002521.csv,0.0,39.98524,-96.0,-39.98524,44.0,0.0,39.52387,-96.0,-39.52387,-20.0,118.8792,79.20150000000001,8.0,-79.35533,80.0,23.80659,23.806600000000003,0.0,-7.93553,12.0
2522,event_002522.csv,0.0,39.98524,-76.0,-39.98524,192.0,0.0,39.52387,-52.0,-39.52387,-96.0,118.8792,118.8792,148.0,-39.67766999999999,-16.0,23.80659,23.806600000000003,0.0,-15.871058999999999,-36.0
2523,event_002523.csv,0.0,39.98524,-96.0,0.0,-100.0,0.0,39.52387,-72.0,-39.52387,-84.0,158.5568,39.5239,-28.0,-79.35527,-100.0,31.74213,15.871060000000003,0.0,-15.87107,-68.0
2524,event_002524.csv,0.0,39.98524,-96.0,-39.98524,44.0,0.0,39.52387,-88.0,-39.52387,-60.0,158.5568,39.5239,-28.0,-119.03293000000001,124.0,23.80659,23.806600000000003,0.0,-7.93553,-48.0
2525,event_002525.csv,0.0,39.98524,-96.0,0.0,-100.0,0.0,39.52387,-100.0,-39.52387,-84.0,118.8792,118.8792,152.0,-79.35533,68.0,31.74213,15.871060000000003,0.0,-15.87107,-4.0
2526,event_002526.csv,0.0,39.98524,-92.0,-39.98524,-4.0,0.0,39.52387,-96.0,-39.52387,36.0,118.8792,79.20150000000001,-80.0,-39.67766999999999,-4.0,23.80659,23.806600000000003,0.0,-15.871058999999999,-40.0
2527,event_002527.csv,0.0,39.98524,-60.0,-39.98524,48.0,0.0,39.52387,-84.0,-39.52387,-64.0,158.5568,555.0259000000001,4.0,-79.35527,-52.0,23.80659,23.806600000000003,0.0,-23.80659,-40.0
2528,event_002528.csv,0.0,39.98524,-96.0,0.0,-100.0,0.0,39.52387,-96.0,-39.52387,-84.0,118.8792,79.20150000000001,88.0,-39.67766999999999,-28.0,23.80659,23.806600000000003,0.0,-7.93553,-4.0
2529,event_002529.csv,0.0,39.98524,-84.0,-39.98524,-96.0,0.0,39.52387,-76.0,-39.52387,-96.0,118.8792,317.1137,180.0,-39.67766999999999,-24.0,31.74213,15.871060000000003,0.0,-15.87107,-40.0
2530,event_002530.csv,0.0,39.98524,-100.0,-39.98524,-80.0,0.0,39.52387,-16.0,-39.52387,-44.0,138.71800000000002,19.838799999999992,-88.0,-99.19413000000002,88.0,27.77436,19.83883,0.0,-11.903300000000002,-8.0
2531,event_002531.csv,0.0,39.98524,-96.0,-39.98524,28.0,0.0,39.52387,-72.0,-39.52387,28.0,118.8792,118.8792,8.0,-39.67766999999999,-20.0,23.80659,23.806600000000003,0.0,-15.871058999999999,-40.0
2532,event_002532.csv,0.0,39.98524,-36.0,-39.98524,0.0,0.0,39.52387,-52.0,-39.52387,-64.0,118.8792,79.20150000000001,8.0,-39.67766999999999,-80.0,23.80659,23.806600000000003,0.0,-7.93553,-64.0
2533,event_002533.csv,0.0,39.98524,-88.0,0.0,-100.0,0.0,39.52387,-80.0,-39.52387,-84.0,118.8792,79.20150000000001,-100.0,-39.67766999999999,-32.0,23.80659,23.806600000000003,0.0,-15.871058999999999,52.0
2534,event_002534.csv,0.0,39.98524,-88.0,-39.98524,0.0,0.0,79.20153,0.0,0.0,-100.0,118.8792,79.20150000000001,-40.0,-39.67766999999999,148.0,23.80659,23.806600000000003,0.0,-7.93553,-20.0
2535,event_002535.csv,0.0,39.98524,-64.0,-39.98524,-36.0,0.0,39.52387,-16.0,-39.52387,100.0,118.8792,79.20150000000001,-28.0,-39.67766999999999,124.0,23.80659,23.806600000000003,0.0,-7.93553,-52.0
2536,event_002536.csv,0.0,39.98524,-92.0,-39.98524,80.0,0.0,79.20153,-36.0,-39.52387,88.0,158.5568,39.5239,-28.0,-119.03293000000001,32.0,23.80659,23.806600000000003,0.0,-15.871058999999999,16.0
2537,event_002537.csv,0.0,39.98524,-72.0,-39.98524,-44.0,0.0,39.52387,-24.0,-39.52387,-100.0,118.8792,79.20150000000001,152.0,-39.67766999999999,-76.0,23.80659,23.806600000000003,0.0,-7.93553,-52.0
2538,event_002538.csv,0.0,39.98524,-88.0,0.0,-100.0,0.0,39.52387,-48.0,-39.52387,-100.0,118.8792,79.20150000000001,-40.0,-79.35533,176.0,15.87106,31.742130000000003,0.0,-7.935529,-36.0
2539,event_002539.csv,0.0,39.98524,-72.0,0.0,-100.0,0.0,39.52387,28.0,-39.52387,-88.0,118.8792,79.20150000000001,20.0,-39.67766999999999,-64.0,23.80659,23.806600000000003,0.0,-7.93553,-48.0
2540,event_002540.csv,0.0,39.98524,-56.0,0.0,-100.0,0.0,39.52387,-96.0,-39.52387,-28.0,118.8792,118.8792,144.0,-39.67766999999999,-100.0,23.80659,23.806600000000003,0.0,-15.871058999999999,152.0
2541,event_002541.csv,0.0,39.98524,-100.0,-39.98524,148.0,0.0,39.52387,-88.0,-39.52387,28.0,118.8792,79.20150000000001,-40.0,-39.67766999999999,-12.0,15.87106,31.742130000000003,0.0,-7.935529,-36.0
2542,event_002542.csv,0.0,39.98524,-64.0,-39.98524,84.0,0.0,39.52387,-48.0,-39.52387,60.0,118.8792,79.20150000000001,8.0,-39.67766999999999,-4.0,23.80659,23.806600000000003,0.0,-7.93553,-64.0
2543,event_002543.csv,0.0,39.98524,-32.0,-39.98524,124.0,0.0,39.52387,-96.0,-39.52387,-92.0,138.71800000000002,59.36269999999999,8.0,-59.51647000000001,-100.0,15.87106,31.742130000000003,0.0,-15.87106,-40.0
2544,event_002544.csv,0.0,39.98524,-100.0,-39.98524,20.0,0.0,39.52387,-76.0,-39.52387,-80.0,118.8792,79.20150000000001,-100.0,-79.35533,40.0,31.74213,15.871060000000003,0.0,-15.87107,8.0
2545,event_002545.csv,0.0,39.98524,-92.0,0.0,-100.0,0.0,39.52387,-56.0,-39.52387,-76.0,118.8792,79.20150000000001,-40.0,-79.35533,-20.0,23.80659,23.806600000000003,0.0,-23.80659,-28.0
2546,event_002546.csv,0.0,39.98524,-88.0,-39.98524,4.0,0.0,39.52387,-80.0,-39.52387,-84.0,118.8792,79.20150000000001,12.0,-79.35533,0.0,23.80659,23.806600000000003,0.0,-15.871058999999999,20.0
2547,event_002547.csv,0.0,39.98524,-64.0,-39.98524,148.0,0.0,39.52387,-48.0,-39.52387,-68.0,118.8792,39.67760000000001,-80.0,-79.35533,-60.0,23.80659,23.806600000000003,0.0,-15.871058999999999,20.0
2548,event_002548.csv,0.0,39.98524,-92.0,0.0,-100.0,0.0,39.52387,-100.0,-39.52387,-88.0,158.5568,39.5239,20.0,-79.35527,-32.0,23.80659,23.806600000000003,0.0,-15.871058999999999,-40.0
2549,event_002549.csv,0.0,39.98524,-96.0,0.0,-100.0,0.0,39.52387,-8.0,-39.52387,-88.0,118.8792,118.8792,20.0,-79.35533,36.0,23.80659,23.806600000000003,0.0,-23.80659,28.0
2550,event_002550.csv,0.0,39.98524,-72.0,0.0,-100.0,0.0,39.52387,-96.0,-39.52387,-92.0,118.8792,118.8792,168.0,-79.35533,132.0,23.80659,23.806600000000003,0.0,-7.93553,-36.0
2551,event_002551.csv,0.0,39.98524,-88.0,0.0,-100.0,0.0,39.52387,-96.0,-39.52387,-100.0,118.8792,79.20150000000001,-52.0,-39.67766999999999,-12.0,31.74213,15.871060000000003,0.0,-15.87107,-36.0
2552,event_002552.csv,0.0,39.98524,-64.0,-39.98524,116.0,0.0,39.52387,0.0,-39.52387,-96.0,118.8792,79.20150000000001,8.0,-39.67766999999999,-68.0,23.80659,23.806600000000003,0.0,-7.93553,-100.0
2553,event_002553.csv,0.0,39.98524,-96.0,-39.98524,44.0,0.0,39.52387,-72.0,-39.52387,-60.0,118.8792,79.20150000000001,-28.0,-39.67766999999999,-52.0,23.80659,23.806600000000003,0.0,-23.80659,20.0
2554,event_002554.csv,0.0,39.98524,-96.0,0.0,-100.0,0.0,39.52387,-72.0,-39.52387,68.0,118.8792,79.20150000000001,-16.0,-79.35533,-4.0,31.74213,15.871060000000003,0.0,-15.87107,-20.0
2555,event_002555.csv,0.0,39.98524,-92.0,-39.98524,-68.0,0.0,39.52387,-56.0,-39.52387,-92.0,158.5568,79.20159999999998,16.0,-79.35527,-8.0,23.80659,23.806600000000003,0.0,-23.80659,20.0
2556,event_002556.csv,0.0,39.98524,-80.0,-39.98524,52.0,0.0,39.52387,-64.0,-39.52387,4.0,118.8792,79.20150000000001,184.0,-79.35533,32.0,23.80659,23.806600000000003,0.0,-7.93553,-20.0
2557,event_002557.csv,0.0,39.98524,-88.0,-39.98524,196.0,0.0,39.52387,-48.0,-39.52387,-28.0,118.8792,118.8792,156.0,-79.35533,112.0,23.80659,23.806600000000003,0.0,-15.871058999999999,20.0
2558,event_002558.csv,0.0,39.98524,-80.0,0.0,-100.0,0.0,39.52387,0.0,-39.52387,-84.0,118.8792,39.67760000000001,-100.0,-39.67766999999999,-68.0,31.74213,15.871060000000003,0.0,-15.87107,-28.0
2559,event_002559.csv,0.0,39.98524,-88.0,-39.98524,-40.0,0.0,39.52387,-40.0,-39.52387,-68.0,118.8792,79.20150000000001,16.0,-79.35533,40.0,23.80659,23.806600000000003,0.0,-7.93553,20.0
2560,event_002560.csv,0.0,39.98524,-72.0,-39.98524,-64.0,0.0,39.52387,12.0,-39.52387,-40.0,118.8792,79.20150000000001,-40.0,-39.67766999999999,-80.0,23.80659,23.806600000000003,0.0,-15.871058999999999,-48.0
2561,event_002561.csv,0.0,39.98524,-100.0,-39.98524,-92.0,0.0,39.52387,-56.0,-39.52387,20.0,118.8792,79.20150000000001,144.0,-39.67766999999999,-44.0,31.74213,15.871060000000003,0.0,-15.87107,-48.0
2562,event_002562.csv,0.0,39.98524,-88.0,0.0,-100.0,0.0,39.52387,-96.0,-39.52387,-100.0,118.8792,118.8792,16.0,-79.35533,40.0,23.80659,23.806600000000003,0.0,-15.871058999999999,20.0
2563,event_002563.csv,0.0,39.98524,-72.0,-39.98524,-12.0,0.0,39.52387,-96.0,-39.52387,-12.0,118.8792,79.20150000000001,-24.0,-39.67766999999999,-44.0,23.80659,23.806600000000003,0.0,-15.871058999999999,20.0
2564,event_002564.csv,0.0,39.98524,-80.0,0.0,-100.0,0.0,79.20153,120.0,-39.52387,-60.0,118.8792,79.20150000000001,-32.0,-39.67766999999999,-100.0,23.80659,23.806600000000003,0.0,-15.871058999999999,-52.0
2565,event_002565.csv,0.0,39.98524,-76.0,-39.98524,-64.0,0.0,39.52387,-52.0,-39.52387,-8.0,138.71800000000002,59.36269999999999,-60.0,-59.51647000000001,44.0,23.80659,23.806600000000003,0.0,-7.93553,-88.0
2566,event_002566.csv,0.0,39.98524,-92.0,-39.98524,-100.0,0.0,39.52387,-32.0,-39.52387,84.0,138.71800000000002,19.838799999999992,-100.0,-59.51647000000001,-8.0,23.80659,23.806600000000003,0.0,-7.93553,-36.0
2567,event_002567.csv,0.0,39.98524,-80.0,0.0,-100.0,0.0,39.52387,-88.0,-39.52387,-84.0,118.8792,118.8792,16.0,-39.67766999999999,-88.0,19.838825,27.774365000000003,0.0,-19.838825,20.0
2568,event_002568.csv,0.0,39.98524,-84.0,0.0,-100.0,0.0,39.52387,-84.0,-39.52387,56.0,118.8792,79.20150000000001,-76.0,-39.67766999999999,-96.0,23.80659,23.806600000000003,0.0,-7.93553,-56.0
2569,event_002569.csv,0.0,39.98524,-96.0,0.0,-100.0,0.0,39.52387,88.0,-39.52387,-28.0,118.8792,79.20150000000001,-64.0,-79.35533,84.0,23.80659,23.806600000000003,0.0,-15.871058999999999,-20.0
2570,event_002570.csv,0.0,39.98524,-84.0,-39.98524,172.0,0.0,39.52387,-96.0,-39.52387,156.0,118.8792,79.20150000000001,16.0,-79.35533,-12.0,23.80659,31.742130000000003,0.0,-7.93553,-92.0
2571,event_002571.csv,0.0,39.98524,-96.0,-39.98524,-68.0,0.0,39.52387,-40.0,-39.52387,-52.0,118.8792,118.8792,16.0,-79.35533,36.0,23.80659,23.806600000000003,0.0,-15.871058999999999,24.0
2572,event_002572.csv,0.0,39.98524,-92.0,-39.98524,12.0,0.0,39.52387,-96.0,-39.52387,-76.0,158.5568,39.5239,-48.0,-79.35527,-60.0,23.80659,23.806600000000003,0.0,-15.871058999999999,-36.0
2573,event_002573.csv,0.0,39.98524,-76.0,-39.98524,76.0,0.0,39.52387,-88.0,-39.52387,-12.0,158.5568,79.20159999999998,16.0,-119.03293000000001,40.0,23.80659,23.806600000000003,0.0,-15.871058999999999,20.0
2574,event_002574.csv,0.0,39.98524,-96.0,-39.98524,148.0,0.0,39.52387,-96.0,-39.52387,-52.0,118.8792,79.20150000000001,8.0,-79.35533,36.0,23.80659,23.806600000000003,0.0,-15.871058999999999,-36.0
2575,event_002575.csv,0.0,39.98524,-72.0,0.0,-100.0,0.0,39.52387,-88.0,-39.52387,-100.0,118.8792,79.20150000000001,-40.0,-39.67766999999999,-24.0,23.80659,23.806600000000003,0.0,-15.871058999999999,-40.0
2576,event_002576.csv,0.0,39.98524,-88.0,-39.98524,-84.0,0.0,79.20153,-60.0,-39.52387,168.0,118.8792,79.20150000000001,8.0,-39.67766999999999,-96.0,23.80659,23.806600000000003,0.0,-15.871058999999999,-36.0
2577,event_002577.csv,0.0,39.98524,32.0,-39.98524,28.0,39.52387,0.0,-32.0,-79.04774,-92.0,118.8792,79.20150000000001,96.0,-79.35533,124.0,23.80659,23.806600000000003,0.0,-23.80659,-36.0
2578,event_002578.csv,0.0,39.98524,-76.0,-39.98524,-100.0,0.0,39.52387,-88.0,-39.52387,36.0,118.8792,79.20150000000001,16.0,-79.35533,44.0,23.80659,23.806600000000003,0.0,-7.93553,20.0
2579,event_002579.csv,0.0,39.98524,-72.0,-39.98524,-76.0,0.0,39.52387,-32.0,-39.52387,-68.0,118.8792,79.20150000000001,8.0,-39.67766999999999,-12.0,23.80659,23.806600000000003,0.0,-15.871058999999999,-40.0
2580,event_002580.csv,0.0,39.98524,-56.0,-39.98524,168.0,0.0,39.52387,76.0,-39.52387,-88.0,118.8792,79.20150000000001,-60.0,-118.8792,-8.0,23.80659,23.806600000000003,0.0,-23.80659,-16.0
2581,event_002581.csv,0.0,39.98524,-80.0,-39.98524,-76.0,0.0,39.52387,-92.0,-39.52387,-64.0,158.5568,39.5239,-28.0,-79.35527,0.0,23.80659,23.806600000000003,0.0,-15.871058999999999,-40.0
2582,event_002582.csv,0.0,39.98524,-36.0,-39.98524,-8.0,0.0,39.52387,-92.0,-39.52387,-88.0,118.8792,79.20150000000001,-28.0,-39.67766999999999,-24.0,23.80659,23.806600000000003,0.0,-15.871058999999999,-40.0
2583,event_002583.csv,0.0,39.98524,-96.0,-39.98524,108.0,0.0,39.52387,-88.0,-39.52387,-60.0,118.8792,79.20150000000001,-80.0,-79.35533,-4.0,23.80659,23.806600000000003,0.0,-15.871058999999999,20.0
2584,event_002584.csv,0.0,39.98524,-56.0,-39.98524,188.0,0.0,39.52387,8.0,-39.52387,-84.0,118.8792,79.20150000000001,-28.0,-79.35533,-8.0,23.80659,23.806600000000003,0.0,-23.80659,-36.0
2585,event_002585.csv,0.0,39.98524,-72.0,-39.98524,12.0,0.0,39.52387,-72.0,-39.52387,-28.0,118.8792,118.8792,16.0,-79.35533,120.0,15.87106,31.742130000000003,0.0,-15.87106,-52.0
2586,event_002586.csv,0.0,39.98524,-88.0,0.0,-100.0,0.0,39.52387,-84.0,-39.52387,120.0,118.8792,79.20150000000001,-44.0,-39.67766999999999,-96.0,23.80659,23.806600000000003,0.0,-7.93553,-8.0
2587,event_002587.csv,0.0,39.98524,-76.0,-39.98524,108.0,0.0,39.52387,-88.0,-39.52387,-4.0,118.8792,79.20150000000001,16.0,-39.67766999999999,-84.0,23.80659,23.806600000000003,0.0,-15.871058999999999,-36.0
2588,event_002588.csv,0.0,39.98524,-96.0,-39.98524,-28.0,0.0,39.52387,-72.0,-39.52387,-92.0,118.8792,79.20150000000001,144.0,-39.67766999999999,-8.0,23.80659,23.806600000000003,0.0,-7.93553,-92.0
2589,event_002589.csv,0.0,39.98524,8.0,-39.98524,56.0,0.0,39.52387,-84.0,-39.52387,8.0,118.8792,158.55679999999998,12.0,-118.8792,44.0,23.80659,23.806600000000003,0.0,-15.871058999999999,-16.0
2590,event_002590.csv,0.0,39.98524,-32.0,-39.98524,-52.0,0.0,39.52387,-96.0,-39.52387,-20.0,118.8792,118.8792,152.0,-79.35533,120.0,23.80659,23.806600000000003,0.0,-15.871058999999999,-28.0
2591,event_002591.csv,0.0,39.98524,-96.0,-39.98524,-36.0,0.0,39.52387,-64.0,-39.52387,-76.0,118.8792,118.8792,16.0,-39.67766999999999,-76.0,23.80659,23.806600000000003,0.0,-15.871058999999999,20.0
2592,event_002592.csv,0.0,39.98524,-84.0,-39.98524,-4.0,0.0,39.52387,-56.0,-39.52387,-92.0,158.5568,39.5239,16.0,-79.35527,-44.0,23.80659,23.806600000000003,0.0,-15.871058999999999,-36.0
2593,event_002593.csv,0.0,39.98524,-72.0,0.0,-100.0,0.0,39.52387,-96.0,-39.52387,-28.0,158.5568,39.5239,-80.0,-79.35527,-100.0,23.80659,23.806600000000003,0.0,-23.80659,-28.0
2594,event_002594.csv,0.0,39.98524,-84.0,-39.98524,32.0,0.0,39.52387,-52.0,-39.52387,-88.0,118.8792,118.8792,140.0,-79.35533,120.0,19.838825,27.774365000000003,0.0,-11.903293999999999,-48.0
2595,event_002595.csv,0.0,39.98524,-84.0,-39.98524,160.0,0.0,39.52387,-20.0,-39.52387,0.0,118.8792,79.20150000000001,16.0,-39.67766999999999,-88.0,23.80659,23.806600000000003,0.0,-15.871058999999999,16.0
2596,event_002596.csv,0.0,39.98524,-52.0,-39.98524,-96.0,0.0,39.52387,-60.0,-39.52387,24.0,138.71800000000002,59.36269999999999,68.0,-59.51647000000001,-96.0,23.80659,23.806600000000003,0.0,-15.871058999999999,8.0
2597,event_002597.csv,0.0,39.98524,-72.0,-39.98524,108.0,0.0,39.52387,-80.0,-39.52387,-76.0,138.71800000000002,59.36269999999999,-80.0,-59.51647000000001,-100.0,15.87106,31.742130000000003,0.0,-15.87106,-40.0
2598,event_002598.csv,0.0,39.98524,-84.0,-39.98524,-8.0,0.0,39.52387,-92.0,-39.52387,16.0,118.8792,79.20150000000001,12.0,-79.35533,40.0,23.80659,23.806600000000003,0.0,-7.93553,-48.0
2599,event_002599.csv,0.0,39.98524,144.0,0.0,-100.0,0.0,39.52387,-88.0,-39.52387,28.0,118.8792,79.20150000000001,-40.0,-39.67766999999999,-12.0,23.80659,23.806600000000003,0.0,-15.871058999999999,-40.0
2600,event_002600.csv,0.0,39.98524,-76.0,-39.98524,160.0,0.0,39.52387,-96.0,-39.52387,144.0,158.5568,39.5239,16.0,-79.35527,-48.0,23.80659,23.806600000000003,0.0,-15.871058999999999,-40.0
2601,event_002601.csv,0.0,39.98524,-88.0,-39.98524,160.0,0.0,39.52387,-88.0,-39.52387,-4.0,118.8792,79.20150000000001,140.0,-39.67766999999999,-100.0,23.80659,23.806600000000003,0.0,-7.93553,-64.0
2602,event_002602.csv,0.0,39.98524,-32.0,-39.98524,28.0,0.0,39.52387,-72.0,-39.52387,-100.0,118.8792,356.7913,16.0,-39.67766999999999,-92.0,23.80659,23.806600000000003,0.0,-15.871058999999999,-8.0
2603,event_002603.csv,0.0,39.98524,-96.0,-39.98524,12.0,0.0,39.52387,-64.0,-39.52387,180.0,118.8792,79.20150000000001,16.0,-39.67766999999999,-100.0,23.80659,23.806600000000003,0.0,-7.93553,-52.0
2604,event_002604.csv,0.0,39.98524,-96.0,0.0,-100.0,0.0,39.52387,-72.0,-39.52387,-36.0,118.8792,79.20150000000001,-28.0,-39.67766999999999,-8.0,23.80659,23.806600000000003,0.0,-23.80659,20.0
2605,event_002605.csv,0.0,39.98524,-88.0,-39.98524,-20.0,0.0,39.52387,-100.0,-39.52387,140.0,118.8792,79.20150000000001,112.0,-39.67766999999999,-8.0,23.80659,23.806600000000003,0.0,-7.93553,-60.0
2606,event_002606.csv,0.0,39.98524,-32.0,-39.98524,116.0,0.0,39.52387,-32.0,-39.52387,-100.0,118.8792,79.20150000000001,-72.0,-79.35533,-44.0,15.87106,31.742130000000003,0.0,-7.935529,-20.0
2607,event_002607.csv,0.0,39.98524,-56.0,0.0,-100.0,0.0,39.52387,-96.0,-39.52387,-92.0,118.8792,79.20150000000001,104.0,-39.67766999999999,-64.0,23.80659,23.806600000000003,0.0,-15.871058999999999,-40.0
2608,event_002608.csv,0.0,39.98524,-96.0,-39.98524,-36.0,0.0,39.52387,-96.0,-39.52387,-68.0,118.8792,79.20150000000001,96.0,-39.67766999999999,-76.0,23.80659,23.806600000000003,0.0,-15.871058999999999,20.0
2609,event_002609.csv,0.0,39.98524,-76.0,0.0,-100.0,0.0,39.52387,28.0,-39.52387,-40.0,118.8792,79.20150000000001,-40.0,-39.67766999999999,-80.0,23.80659,23.806600000000003,0.0,-15.871058999999999,-40.0
2610,event_002610.csv,0.0,39.98524,-72.0,-39.98524,-52.0,0.0,39.52387,-96.0,-39.52387,-60.0,118.8792,118.8792,20.0,-39.67766999999999,-88.0,23.80659,23.806600000000003,0.0,-15.871058999999999,20.0
2611,event_002611.csv,0.0,39.98524,-40.0,0.0,-100.0,0.0,39.52387,-88.0,-39.52387,44.0,158.5568,39.5239,-36.0,-79.35527,4.0,23.80659,23.806600000000003,0.0,-15.871058999999999,-36.0
2612,event_002612.csv,0.0,39.98524,-100.0,-39.98524,-76.0,0.0,39.52387,-32.0,-39.52387,100.0,118.8792,118.8792,16.0,-79.35533,-92.0,23.80659,23.806600000000003,0.0,-23.80659,24.0
2613,event_002613.csv,0.0,39.98524,-96.0,-39.98524,-60.0,0.0,39.52387,-96.0,-39.52387,-92.0,118.8792,118.8792,152.0,-39.67766999999999,-20.0,23.80659,23.806600000000003,0.0,-15.871058999999999,20.0
2614,event_002614.csv,0.0,39.98524,-4.0,-39.98524,-92.0,0.0,39.52387,-96.0,-39.52387,92.0,118.8792,118.8792,56.0,-39.67766999999999,-12.0,23.80659,23.806600000000003,0.0,-15.871058999999999,-40.0
2615,event_002615.csv,0.0,39.98524,-88.0,-39.98524,-28.0,0.0,39.52387,-52.0,-39.52387,-76.0,118.8792,118.8792,-72.0,-79.35533,-92.0,27.77436,19.83883,0.0,-19.838829,20.0
2616,event_002616.csv,0.0,39.98524,-92.0,-39.98524,-32.0,0.0,39.52387,-4.0,-39.52387,-40.0,118.8792,79.20150000000001,-28.0,-39.67766999999999,-96.0,23.80659,23.806600000000003,0.0,-7.93553,-48.0
2617,event_002617.csv,0.0,39.98524,-88.0,-39.98524,140.0,0.0,39.52387,-72.0,-39.52387,-100.0,158.5568,39.5239,112.0,-79.35527,28.0,23.80659,23.806600000000003,0.0,-15.871058999999999,-36.0
2618,event_002618.csv,0.0,39.98524,-24.0,-39.98524,-92.0,0.0,39.52387,-96.0,-39.52387,-100.0,138.71800000000002,59.36269999999999,20.0,-59.51647000000001,-84.0,23.80659,23.806600000000003,0.0,-15.871058999999999,-52.0
2619,event_002619.csv,0.0,39.98524,-100.0,0.0,-96.0,0.0,39.52387,-60.0,-39.52387,-48.0,118.8792,79.20150000000001,12.0,-118.8792,36.0,23.80659,23.806600000000003,0.0,-15.871058999999999,24.0
2620,event_002620.csv,0.0,39.98524,-48.0,-39.98524,-100.0,0.0,39.52387,-72.0,-39.52387,-4.0,138.71800000000002,59.36269999999999,-48.0,-59.51647000000001,44.0,23.80659,23.806600000000003,0.0,-7.93553,-60.0
2621,event_002621.csv,0.0,39.98524,-60.0,-39.98524,-80.0,0.0,39.52387,-68.0,-39.52387,-72.0,118.8792,118.8792,148.0,-79.35533,172.0,23.80659,23.806600000000003,0.0,-15.871058999999999,-36.0
2622,event_002622.csv,0.0,39.98524,-96.0,-39.98524,-20.0,0.0,39.52387,-88.0,-39.52387,-52.0,118.8792,79.20150000000001,16.0,-39.67766999999999,-100.0,23.80659,23.806600000000003,0.0,-7.93553,4.0
2623,event_002623.csv,0.0,39.98524,-88.0,-39.98524,-12.0,0.0,39.52387,-56.0,-39.52387,-4.0,158.5568,39.5239,-88.0,-119.03293000000001,180.0,23.80659,23.806600000000003,0.0,-15.871058999999999,-36.0
2624,event_002624.csv,0.0,39.98524,-60.0,-39.98524,136.0,0.0,39.52387,-100.0,-39.52387,-64.0,158.5568,39.5239,-48.0,-119.03293000000001,40.0,23.80659,23.806600000000003,0.0,-15.871058999999999,16.0
2625,event_002625.csv,0.0,39.98524,-80.0,-39.98524,-76.0,0.0,39.52387,-32.0,-39.52387,-100.0,118.8792,79.20150000000001,8.0,-39.67766999999999,-68.0,23.80659,23.806600000000003,0.0,-15.871058999999999,-28.0
2626,event_002626.csv,0.0,39.98524,-84.0,-39.98524,44.0,0.0,39.52387,-88.0,-39.52387,-92.0,158.5568,39.5239,20.0,-79.35527,-84.0,23.80659,23.806600000000003,0.0,-15.871058999999999,-100.0
2627,event_002627.csv,0.0,39.98524,-92.0,0.0,-100.0,0.0,39.52387,56.0,-39.52387,-76.0,118.8792,79.20150000000001,-92.0,-39.67766999999999,-36.0,23.80659,23.806600000000003,0.0,-15.871058999999999,16.0
2628,event_002628.csv,0.0,39.98524,-68.0,0.0,-100.0,0.0,39.52387,-96.0,-39.52387,-52.0,118.8792,79.20150000000001,16.0,-39.67766999999999,-44.0,23.80659,23.806600000000003,0.0,-15.871058999999999,-36.0
2629,event_002629.csv,0.0,39.98524,-88.0,-39.98524,-36.0,0.0,39.52387,-64.0,-39.52387,-52.0,118.8792,118.8792,8.0,-39.67766999999999,-100.0,23.80659,23.806600000000003,0.0,-15.871058999999999,-40.0
2630,event_002630.csv,0.0,39.98524,-100.0,0.0,-96.0,0.0,39.52387,-84.0,-39.52387,-48.0,118.8792,118.8792,140.0,-79.35533,36.0,23.80659,23.806600000000003,0.0,-15.871058999999999,-40.0
2631,event_002631.csv,0.0,39.98524,-76.0,-39.98524,-96.0,0.0,39.52387,-96.0,-39.52387,24.0,118.8792,79.20150000000001,4.0,-39.67766999999999,-64.0,23.80659,23.806600000000003,0.0,-15.871058999999999,-40.0
2632,event_002632.csv,0.0,39.98524,-60.0,-39.98524,-68.0,0.0,39.52387,-64.0,-39.52387,-100.0,118.8792,79.20150000000001,-80.0,-79.35533,156.0,23.80659,23.806600000000003,0.0,-7.93553,-20.0
2633,event_002633.csv,0.0,39.98524,-92.0,-39.98524,-20.0,0.0,39.52387,8.0,-39.52387,-60.0,158.5568,39.5239,20.0,-119.03293000000001,40.0,23.80659,23.806600000000003,0.0,-15.871058999999999,-36.0
2634,event_002634.csv,0.0,39.98524,-88.0,0.0,-100.0,0.0,39.52387,-96.0,-39.52387,-36.0,118.8792,79.20150000000001,8.0,-39.67766999999999,-76.0,23.80659,23.806600000000003,0.0,-15.871058999999999,-40.0
2635,event_002635.csv,0.0,39.98524,-96.0,-39.98524,-24.0,0.0,39.52387,-76.0,-39.52387,-64.0,158.5568,79.20159999999998,12.0,-119.03293000000001,88.0,23.80659,23.806600000000003,0.0,-7.93553,-60.0
2636,event_002636.csv,0.0,39.98524,-92.0,0.0,-100.0,0.0,39.52387,-92.0,-39.52387,48.0,158.5568,39.5239,-40.0,-79.35527,-4.0,23.80659,23.806600000000003,0.0,-7.93553,-52.0
2637,event_002637.csv,0.0,39.98524,-88.0,-39.98524,-28.0,0.0,39.52387,-96.0,-39.52387,-100.0,118.8792,118.8792,104.0,-79.35533,32.0,23.80659,23.806600000000003,0.0,-7.93553,-72.0
2638,event_002638.csv,0.0,39.98524,-100.0,0.0,-96.0,0.0,39.52387,-12.0,-39.52387,-96.0,118.8792,79.20150000000001,-100.0,-39.67766999999999,-56.0,23.80659,23.806600000000003,0.0,-23.80659,-40.0
2639,event_002639.csv,0.0,39.98524,-32.0,-39.98524,-92.0,0.0,39.52387,-44.0,-39.52387,-96.0,118.8792,39.67760000000001,-96.0,-39.67766999999999,-80.0,27.77436,19.83883,0.0,-11.903300000000002,-36.0
2640,event_002640.csv,0.0,39.98524,-64.0,-39.98524,156.0,0.0,39.52387,-48.0,-39.52387,20.0,118.8792,79.20150000000001,16.0,-79.35533,-8.0,23.80659,23.806600000000003,0.0,-15.871058999999999,20.0
2641,event_002641.csv,0.0,39.98524,-60.0,-39.98524,-4.0,0.0,39.52387,-92.0,-39.52387,-52.0,118.8792,79.20150000000001,16.0,-39.67766999999999,-56.0,23.80659,23.806600000000003,0.0,-15.871058999999999,-52.0
2642,event_002642.csv,0.0,39.98524,-92.0,-39.98524,88.0,0.0,39.52387,-68.0,-39.52387,-16.0,118.8792,79.20150000000001,-36.0,-39.67766999999999,-56.0,23.80659,23.806600000000003,0.0,-15.871058999999999,20.0
2643,event_002643.csv,0.0,39.98524,-96.0,-39.98524,-4.0,0.0,39.52387,-64.0,-39.52387,-92.0,118.8792,118.8792,4.0,-79.35533,28.0,23.80659,23.806600000000003,0.0,-15.871058999999999,8.0
2644,event_002644.csv,0.0,39.98524,-80.0,-39.98524,-92.0,0.0,39.52387,-64.0,-39.52387,-92.0,118.8792,118.8792,200.0,-39.67766999999999,-92.0,23.80659,23.806600000000003,0.0,-15.871058999999999,8.0
2645,event_002645.csv,0.0,39.98524,-48.0,-39.98524,60.0,0.0,39.52387,-88.0,-39.52387,4.0,118.8792,79.20150000000001,16.0,-39.67766999999999,-20.0,15.87106,31.742130000000003,0.0,-15.87106,20.0
2646,event_002646.csv,0.0,39.98524,-80.0,-39.98524,64.0,0.0,39.52387,-68.0,-39.52387,-80.0,118.8792,118.8792,16.0,-79.35533,36.0,23.80659,23.806600000000003,0.0,-15.871058999999999,24.0
2647,event_002647.csv,0.0,39.98524,-96.0,-39.98524,-84.0,0.0,39.52387,-48.0,-39.52387,-52.0,118.8792,79.20150000000001,8.0,-79.35533,-8.0,23.80659,23.806600000000003,0.0,-15.871058999999999,-36.0
2648,event_002648.csv,0.0,39.98524,-96.0,-39.98524,-12.0,0.0,39.52387,0.0,-39.52387,-28.0,118.8792,79.20150000000001,8.0,-39.67766999999999,0.0,23.80659,23.806600000000003,0.0,-15.871058999999999,-40.0
2649,event_002649.csv,0.0,39.98524,-96.0,-39.98524,24.0,0.0,79.20153,112.0,-39.52387,-68.0,118.8792,79.20150000000001,16.0,-39.67766999999999,124.0,23.80659,23.806600000000003,0.0,-7.93553,-60.0
2650,event_002650.csv,0.0,39.98524,-92.0,0.0,-100.0,0.0,39.52387,-88.0,-39.52387,-100.0,118.8792,79.20150000000001,-64.0,-79.35533,40.0,23.80659,23.806600000000003,0.0,-15.871058999999999,-28.0
2651,event_002651.csv,0.0,39.98524,-96.0,0.0,-100.0,0.0,39.52387,-24.0,-39.52387,-44.0,158.5568,79.20159999999998,108.0,-119.03293000000001,28.0,31.74213,15.871060000000003,0.0,-15.87107,-36.0
2652,event_002652.csv,0.0,39.98524,-88.0,-39.98524,-4.0,0.0,39.52387,-96.0,-39.52387,-44.0,118.8792,79.20150000000001,16.0,-79.35533,124.0,23.80659,23.806600000000003,0.0,-15.871058999999999,-36.0
2653,event_002653.csv,0.0,39.98524,-80.0,-39.98524,-100.0,0.0,39.52387,-88.0,-39.52387,-36.0,118.8792,79.20150000000001,16.0,-39.67766999999999,120.0,23.80659,23.806600000000003,0.0,-15.871058999999999,-36.0
2654,event_002654.csv,0.0,39.98524,-80.0,-39.98524,-44.0,0.0,39.52387,-64.0,-39.52387,-76.0,118.8792,79.20150000000001,-40.0,-39.67766999999999,-44.0,23.80659,23.806600000000003,0.0,-7.93553,-60.0
2655,event_002655.csv,0.0,39.98524,-92.0,-39.98524,-44.0,0.0,39.52387,-56.0,-39.52387,-100.0,118.8792,79.20150000000001,24.0,-39.67766999999999,-92.0,23.80659,23.806600000000003,0.0,-15.871058999999999,-36.0
2656,event_002656.csv,0.0,39.98524,-80.0,-39.98524,-28.0,0.0,39.52387,-48.0,-39.52387,28.0,118.8792,118.8792,-40.0,-39.67766999999999,-60.0,23.80659,23.806600000000003,0.0,-15.871058999999999,20.0
2657,event_002657.csv,0.0,39.98524,-80.0,-39.98524,-8.0,0.0,39.52387,-68.0,-39.52387,-48.0,118.8792,79.20150000000001,12.0,-39.67766999999999,-12.0,23.80659,23.806600000000003,0.0,-15.871058999999999,8.0
2658,event_002658.csv,0.0,39.98524,-88.0,-39.98524,-20.0,0.0,39.52387,-32.0,-39.52387,-44.0,118.8792,79.20150000000001,12.0,-39.67766999999999,-80.0,23.80659,23.806600000000003,0.0,-15.871058999999999,-52.0
2659,event_002659.csv,0.0,39.98524,-96.0,0.0,-100.0,0.0,39.52387,-100.0,-39.52387,88.0,158.5568,39.5239,-60.0,-79.35527,-76.0,23.80659,31.742130000000003,12.0,-7.93553,-40.0
2660,event_002660.csv,0.0,39.98524,-100.0,0.0,-92.0,0.0,39.52387,-64.0,-39.52387,-80.0,158.5568,39.5239,-80.0,-79.35527,-56.0,23.80659,23.806600000000003,0.0,-15.871058999999999,-36.0
2661,event_002661.csv,0.0,39.98524,-56.0,-39.98524,64.0,0.0,39.52387,-100.0,-39.52387,56.0,118.8792,79.20150000000001,8.0,-79.35533,-96.0,27.77436,27.77436,0.0,-11.903300000000002,-64.0
2662,event_002662.csv,0.0,39.98524,-64.0,0.0,-100.0,0.0,39.52387,-64.0,-39.52387,-100.0,118.8792,79.20150000000001,-40.0,-39.67766999999999,-84.0,23.80659,23.806600000000003,0.0,-15.871058999999999,-40.0
2663,event_002663.csv,0.0,39.98524,-80.0,0.0,-100.0,0.0,39.52387,-48.0,-39.52387,-68.0,118.8792,118.8792,8.0,-79.35533,28.0,23.80659,23.806600000000003,0.0,-15.871058999999999,20.0
2664,event_002664.csv,0.0,39.98524,-60.0,-39.98524,64.0,0.0,39.52387,-84.0,-39.52387,-64.0,118.8792,79.20150000000001,-52.0,-39.67766999999999,-72.0,23.80659,23.806600000000003,0.0,-15.871058999999999,-40.0
2665,event_002665.csv,0.0,39.98524,-64.0,-39.98524,200.0,0.0,39.52387,-92.0,-39.52387,-16.0,118.8792,79.20150000000001,-52.0,-39.67766999999999,-76.0,23.80659,23.806600000000003,0.0,-15.871058999999999,-40.0
2666,event_002666.csv,0.0,39.98524,-76.0,-39.98524,-80.0,0.0,39.52387,-84.0,-39.52387,-96.0,158.5568,39.5239,-28.0,-79.35527,-16.0,27.77436,19.83883,0.0,-11.903300000000002,-64.0
2667,event_002667.csv,0.0,39.98524,-96.0,0.0,-100.0,0.0,39.52387,-48.0,-39.52387,-92.0,158.5568,39.5239,-80.0,-79.35527,-36.0,23.80659,23.806600000000003,0.0,-15.871058999999999,-40.0
2668,event_002668.csv,0.0,39.98524,-96.0,-39.98524,28.0,0.0,39.52387,-32.0,-39.52387,-92.0,118.8792,79.20150000000001,-40.0,-39.67766999999999,-76.0,31.74213,15.871060000000003,0.0,-15.87107,-36.0
2669,event_002669.csv,0.0,39.98524,-92.0,-39.98524,-20.0,0.0,39.52387,-40.0,-39.52387,-84.0,118.8792,79.20150000000001,8.0,-39.67766999999999,-20.0,23.80659,23.806600000000003,0.0,-23.80659,20.0
2670,event_002670.csv,0.0,39.98524,-96.0,0.0,-100.0,0.0,39.52387,-96.0,-39.52387,-60.0,118.8792,79.20150000000001,-32.0,-79.35533,172.0,23.80659,23.806600000000003,0.0,-15.871058999999999,-36.0
2671,event_002671.csv,0.0,39.98524,-92.0,0.0,-100.0,0.0,39.52387,-96.0,-39.52387,-100.0,118.8792,79.20150000000001,-96.0,-39.67766999999999,-56.0,23.80659,31.742130000000003,0.0,-15.871058999999999,-40.0
2672,event_002672.csv,0.0,39.98524,-96.0,-39.98524,-92.0,0.0,39.52387,-64.0,-39.52387,-92.0,118.8792,79.20150000000001,24.0,-39.67766999999999,-84.0,27.77436,19.83883,0.0,-19.838829,-28.0
2673,event_002673.csv,0.0,39.98524,-100.0,-39.98524,104.0,0.0,39.52387,-44.0,-39.52387,-72.0,118.8792,79.20150000000001,12.0,-79.35533,36.0,23.80659,23.806600000000003,0.0,-15.871058999999999,-40.0
2674,event_002674.csv,0.0,39.98524,-80.0,-39.98524,156.0,0.0,39.52387,-88.0,-39.52387,-28.0,118.8792,79.20150000000001,16.0,-79.35533,172.0,23.80659,23.806600000000003,0.0,-15.871058999999999,-52.0
2675,event_002675.csv,0.0,39.98524,-92.0,-39.98524,-20.0,0.0,39.52387,-88.0,-39.52387,-60.0,118.8792,79.20150000000001,-28.0,-39.67766999999999,-100.0,23.80659,23.806600000000003,0.0,-15.871058999999999,-64.0
2676,event_002676.csv,0.0,39.98524,-88.0,0.0,-100.0,0.0,39.52387,-24.0,-39.52387,4.0,118.8792,118.8792,160.0,-39.67766999999999,-100.0,23.80659,23.806600000000003,0.0,-15.871058999999999,20.0
2677,event_002677.csv,0.0,39.98524,-96.0,-39.98524,92.0,0.0,39.52387,-56.0,-39.52387,-92.0,118.8792,118.8792,192.0,-79.35533,44.0,31.74213,15.871060000000003,0.0,-15.87107,-76.0
2678,event_002678.csv,0.0,39.98524,-92.0,-39.98524,-68.0,0.0,39.52387,-96.0,-39.52387,-36.0,118.8792,79.20150000000001,64.0,-79.35533,-8.0,15.87106,31.742130000000003,0.0,-7.935529,-40.0
2679,event_002679.csv,0.0,39.98524,-92.0,0.0,-100.0,0.0,39.52387,-68.0,-39.52387,-88.0,118.8792,79.20150000000001,72.0,-79.35533,128.0,23.80659,23.806600000000003,0.0,-15.871058999999999,-16.0
2680,event_002680.csv,0.0,39.98524,-100.0,-39.98524,-92.0,0.0,79.20153,-40.0,-39.52387,12.0,118.8792,79.20150000000001,-8.0,-39.67766999999999,-76.0,23.80659,23.806600000000003,0.0,-7.93553,-40.0
2681,event_002681.csv,0.0,39.98524,-100.0,0.0,-96.0,0.0,39.52387,-84.0,-39.52387,-80.0,118.8792,79.20150000000001,-40.0,-39.67766999999999,-56.0,31.74213,15.871060000000003,0.0,-15.87107,-16.0
2682,event_002682.csv,0.0,39.98524,-84.0,-39.98524,180.0,0.0,39.52387,-80.0,-39.52387,-100.0,118.8792,118.8792,8.0,-79.35533,36.0,15.87106,31.742130000000003,0.0,-23.806591,24.0
2683,event_002683.csv,0.0,39.98524,-92.0,-39.98524,32.0,0.0,39.52387,-100.0,-39.52387,-64.0,118.8792,79.20150000000001,-60.0,-39.67766999999999,-20.0,23.80659,23.806600000000003,0.0,-15.871058999999999,-48.0
2684,event_002684.csv,0.0,39.98524,-96.0,-39.98524,-68.0,0.0,39.52387,-56.0,-39.52387,-68.0,118.8792,356.7913,108.0,-79.35533,24.0,23.80659,23.806600000000003,0.0,-15.871058999999999,16.0
2685,event_002685.csv,0.0,39.98524,-88.0,-39.98524,176.0,0.0,39.52387,-96.0,-39.52387,-92.0,118.8792,79.20150000000001,200.0,-39.67766999999999,-92.0,31.74213,15.871060000000003,0.0,-23.806599,20.0
2686,event_002686.csv,0.0,39.98524,-96.0,0.0,-100.0,0.0,39.52387,-84.0,-39.52387,-96.0,118.8792,79.20150000000001,16.0,-39.67766999999999,-36.0,15.87106,31.742130000000003,0.0,-15.87106,-40.0
2687,event_002687.csv,0.0,39.98524,-76.0,-39.98524,-24.0,0.0,39.52387,-100.0,-39.52387,-80.0,118.8792,79.20150000000001,96.0,-39.67766999999999,-32.0,23.80659,23.806600000000003,0.0,-7.93553,-48.0
2688,event_002688.csv,0.0,39.98524,-76.0,-39.98524,-100.0,0.0,39.52387,-64.0,-39.52387,-92.0,158.5568,39.5239,12.0,-79.35527,-4.0,23.80659,23.806600000000003,0.0,-15.871058999999999,-36.0
2689,event_002689.csv,0.0,39.98524,4.0,-39.98524,-32.0,0.0,39.52387,-84.0,-39.52387,-88.0,118.8792,79.20150000000001,12.0,-39.67766999999999,-100.0,23.80659,23.806600000000003,0.0,-15.871058999999999,-40.0
2690,event_002690.csv,0.0,39.98524,-88.0,-39.98524,20.0,0.0,39.52387,-96.0,-39.52387,-20.0,118.8792,79.20150000000001,-40.0,-39.67766999999999,-76.0,23.80659,23.806600000000003,0.0,-15.871058999999999,20.0
2691,event_002691.csv,0.0,39.98524,-100.0,-39.98524,-96.0,0.0,79.20153,-84.0,-39.52387,-24.0,118.8792,79.20150000000001,-28.0,-39.67766999999999,-56.0,23.80659,23.806600000000003,0.0,-15.871058999999999,20.0
2692,event_002692.csv,0.0,39.98524,-92.0,-39.98524,-84.0,0.0,39.52387,56.0,-39.52387,-28.0,118.8792,79.20150000000001,-36.0,-39.67766999999999,-100.0,23.80659,23.806600000000003,0.0,-7.93553,-68.0
2693,event_002693.csv,0.0,39.98524,-100.0,-39.98524,-88.0,0.0,39.52387,-100.0,-39.52387,-16.0,118.8792,79.20150000000001,148.0,-39.67766999999999,-24.0,23.80659,23.806600000000003,0.0,-15.871058999999999,-40.0
2694,event_002694.csv,0.0,39.98524,-68.0,0.0,-100.0,0.0,39.52387,-36.0,-39.52387,-48.0,118.8792,118.8792,12.0,-118.8792,36.0,23.80659,23.806600000000003,0.0,-15.871058999999999,20.0
2695,event_002695.csv,0.0,39.98524,-80.0,-39.98524,12.0,0.0,39.52387,-96.0,-39.52387,-28.0,118.8792,79.20150000000001,16.0,-39.67766999999999,-20.0,23.80659,23.806600000000003,0.0,-15.871058999999999,-40.0
2696,event_002696.csv,0.0,39.98524,-100.0,0.0,-96.0,0.0,39.52387,-36.0,-39.52387,-88.0,118.8792,79.20150000000001,-88.0,-79.35533,-56.0,15.87106,31.742130000000003,0.0,-15.87106,-24.0
2697,event_002697.csv,0.0,39.98524,-80.0,-39.98524,148.0,0.0,39.52387,-80.0,-39.52387,-84.0,118.8792,118.8792,-20.0,-79.35533,-36.0,23.80659,23.806600000000003,0.0,-7.93553,-100.0
2698,event_002698.csv,0.0,39.98524,-88.0,-39.98524,76.0,0.0,39.52387,-52.0,-39.52387,144.0,138.71800000000002,59.36269999999999,-92.0,-59.51647000000001,80.0,23.80659,23.806600000000003,0.0,-15.871058999999999,-40.0
2699,event_002699.csv,0.0,39.98524,-60.0,0.0,-100.0,0.0,39.52387,-72.0,-39.52387,-60.0,118.8792,79.20150000000001,144.0,-39.67766999999999,-100.0,23.80659,23.806600000000003,0.0,-7.93553,-64.0
2700,event_002700.csv,0.0,39.98524,-56.0,-39.98524,-84.0,0.0,39.52387,-72.0,-39.52387,-84.0,118.8792,118.8792,64.0,-39.67766999999999,-100.0,23.80659,23.806600000000003,0.0,-7.93553,-92.0
2701,event_002701.csv,0.0,39.98524,-100.0,-39.98524,-60.0,0.0,39.52387,-76.0,-39.52387,-28.0,118.8792,79.20150000000001,120.0,-39.67766999999999,-60.0,23.80659,23.806600000000003,0.0,-15.871058999999999,20.0
2702,event_002702.csv,0.0,39.98524,-64.0,-39.98524,-52.0,0.0,39.52387,-96.0,-39.52387,76.0,118.8792,79.20150000000001,16.0,-39.67766999999999,-8.0,23.80659,23.806600000000003,0.0,-15.871058999999999,-36.0
2703,event_002703.csv,0.0,39.98524,-88.0,0.0,-100.0,0.0,39.52387,-80.0,-39.52387,164.0,158.5568,39.5239,-72.0,-119.03293000000001,120.0,15.87106,31.742130000000003,0.0,-15.87106,-36.0
2704,event_002704.csv,0.0,79.97047,-92.0,-39.98524,-100.0,0.0,39.52387,-40.0,-39.52387,-92.0,118.8792,118.8792,16.0,-79.35533,36.0,31.74213,15.871060000000003,0.0,-15.87107,20.0
2705,event_002705.csv,0.0,39.98524,-24.0,0.0,-100.0,0.0,39.52387,-32.0,-39.52387,28.0,118.8792,79.20150000000001,68.0,-39.67766999999999,-100.0,31.74213,15.871060000000003,0.0,-15.87107,8.0
2706,event_002706.csv,0.0,39.98524,-92.0,0.0,-100.0,0.0,39.52387,-84.0,-39.52387,-16.0,118.8792,79.20150000000001,-52.0,-39.67766999999999,-8.0,23.80659,23.806600000000003,0.0,-15.871058999999999,20.0
2707,event_002707.csv,0.0,39.98524,-56.0,0.0,-100.0,0.0,39.52387,-68.0,-39.52387,-24.0,118.8792,118.8792,20.0,-39.67766999999999,-68.0,23.80659,23.806600000000003,0.0,-15.871058999999999,16.0
2708,event_002708.csv,0.0,39.98524,-72.0,0.0,-100.0,0.0,39.52387,-96.0,-39.52387,-60.0,118.8792,79.20150000000001,-72.0,-39.67766999999999,-12.0,23.80659,23.806600000000003,0.0,-15.871058999999999,-28.0
2709,event_002709.csv,0.0,39.98524,-96.0,-39.98524,-84.0,0.0,39.52387,-8.0,-39.52387,-92.0,158.5568,79.20159999999998,64.0,-119.03293000000001,168.0,23.80659,23.806600000000003,0.0,-15.871058999999999,28.0
2710,event_002710.csv,0.0,39.98524,-88.0,-39.98524,16.0,0.0,39.52387,-60.0,-39.52387,-72.0,118.8792,79.20150000000001,-40.0,-39.67766999999999,-4.0,23.80659,23.806600000000003,0.0,-15.871058999999999,-40.0
2711,event_002711.csv,0.0,39.98524,-96.0,-39.98524,-68.0,0.0,39.52387,-32.0,-39.52387,-84.0,118.8792,79.20150000000001,8.0,-39.67766999999999,-84.0,23.80659,23.806600000000003,0.0,-15.871058999999999,20.0
2712,event_002712.csv,0.0,39.98524,-76.0,0.0,-100.0,0.0,39.52387,-96.0,-39.52387,-76.0,158.5568,39.5239,-36.0,-79.35527,-68.0,31.74213,15.871060000000003,0.0,-23.806599,-84.0
2713,event_002713.csv,0.0,39.98524,-88.0,0.0,-100.0,0.0,39.52387,-64.0,-39.52387,-84.0,118.8792,79.20150000000001,-48.0,-39.67766999999999,-100.0,23.80659,23.806600000000003,0.0,-7.93553,20.0
2714,event_002714.csv,0.0,39.98524,-92.0,-39.98524,112.0,0.0,79.20153,-92.0,-39.52387,-40.0,118.8792,79.20150000000001,-64.0,-39.67766999999999,40.0,23.80659,23.806600000000003,0.0,-7.93553,-48.0
2715,event_002715.csv,0.0,39.98524,-92.0,-39.98524,-96.0,0.0,39.52387,16.0,-39.52387,-68.0,118.8792,79.20150000000001,0.0,-79.35533,128.0,23.80659,23.806600000000003,0.0,-7.93553,-100.0
2716,event_002716.csv,0.0,39.98524,-84.0,-39.98524,-96.0,0.0,39.52387,-100.0,-39.52387,-96.0,158.5568,39.5239,20.0,-79.35527,-16.0,23.80659,23.806600000000003,0.0,-7.93553,-80.0
2717,event_002717.csv,0.0,39.98524,-52.0,-39.98524,64.0,0.0,39.52387,-92.0,-39.52387,-56.0,118.8792,79.20150000000001,12.0,-39.67766999999999,-96.0,23.80659,23.806600000000003,0.0,-15.871058999999999,-28.0
2718,event_002718.csv,0.0,39.98524,-96.0,-39.98524,32.0,0.0,39.52387,-92.0,-39.52387,24.0,158.5568,39.5239,-32.0,-79.35527,-80.0,23.80659,23.806600000000003,0.0,-23.80659,16.0
2719,event_002719.csv,0.0,39.98524,-96.0,0.0,-100.0,0.0,39.52387,-40.0,-39.52387,-92.0,118.8792,79.20150000000001,-28.0,-39.67766999999999,-72.0,23.80659,23.806600000000003,0.0,-15.871058999999999,-52.0
2720,event_002720.csv,0.0,39.98524,-88.0,-39.98524,-52.0,0.0,39.52387,-72.0,-39.52387,-52.0,118.8792,79.20150000000001,-40.0,-39.67766999999999,-84.0,15.87106,31.742130000000003,0.0,-15.87106,-40.0
2721,event_002721.csv,0.0,39.98524,-68.0,-39.98524,-60.0,0.0,39.52387,-88.0,-39.52387,92.0,118.8792,79.20150000000001,24.0,-39.67766999999999,-12.0,23.80659,23.806600000000003,0.0,-7.93553,-20.0
2722,event_002722.csv,0.0,39.98524,4.0,-39.98524,164.0,0.0,39.52387,-72.0,-39.52387,-84.0,118.8792,79.20150000000001,104.0,-39.67766999999999,-16.0,23.80659,23.806600000000003,0.0,-15.871058999999999,-36.0
2723,event_002723.csv,0.0,39.98524,-96.0,-39.98524,36.0,0.0,39.52387,64.0,-39.52387,-68.0,118.8792,79.20150000000001,-40.0,-39.67766999999999,-60.0,23.80659,23.806600000000003,0.0,-7.93553,-64.0
2724,event_002724.csv,0.0,39.98524,-80.0,-39.98524,-52.0,0.0,39.52387,-96.0,-39.52387,-52.0,118.8792,79.20150000000001,8.0,-79.35533,36.0,23.80659,23.806600000000003,0.0,-15.871058999999999,-28.0
2725,event_002725.csv,0.0,79.97047,-56.0,0.0,-100.0,0.0,39.52387,-8.0,-39.52387,-100.0,118.8792,79.20150000000001,8.0,-39.67766999999999,-84.0,23.80659,23.806600000000003,0.0,-15.871058999999999,-36.0
2726,event_002726.csv,0.0,39.98524,-88.0,-39.98524,-84.0,0.0,39.52387,8.0,-39.52387,-92.0,118.8792,79.20150000000001,16.0,-39.67766999999999,36.0,23.80659,23.806600000000003,0.0,-15.871058999999999,-64.0
2727,event_002727.csv,0.0,39.98524,-40.0,-39.98524,-44.0,0.0,39.52387,-96.0,-39.52387,-28.0,118.8792,79.20150000000001,144.0,-39.67766999999999,-76.0,23.80659,23.806600000000003,0.0,-23.80659,-40.0
2728,event_002728.csv,0.0,39.98524,-100.0,0.0,-96.0,0.0,39.52387,-64.0,-39.52387,-76.0,118.8792,79.20150000000001,-52.0,-79.35533,-4.0,23.80659,23.806600000000003,0.0,-23.80659,20.0
2729,event_002729.csv,0.0,39.98524,-100.0,-39.98524,152.0,0.0,39.52387,-76.0,-39.52387,56.0,118.8792,79.20150000000001,-76.0,-79.35533,-8.0,23.80659,23.806600000000003,0.0,-15.871058999999999,-80.0
2730,event_002730.csv,0.0,79.97047,96.0,-39.98524,172.0,0.0,39.52387,32.0,-39.52387,-44.0,118.8792,79.20150000000001,16.0,-39.67766999999999,-56.0,23.80659,23.806600000000003,0.0,-15.871058999999999,-36.0
2731,event_002731.csv,0.0,39.98524,-56.0,-39.98524,-72.0,0.0,39.52387,-96.0,-39.52387,-84.0,118.8792,79.20150000000001,76.0,-39.67766999999999,12.0,23.80659,23.806600000000003,0.0,-15.871058999999999,-40.0
2732,event_002732.csv,0.0,39.98524,-96.0,-39.98524,84.0,0.0,39.52387,-80.0,-39.52387,-100.0,118.8792,79.20150000000001,152.0,-79.35533,-44.0,23.80659,23.806600000000003,0.0,-15.871058999999999,-36.0
2733,event_002733.csv,0.0,39.98524,-68.0,-39.98524,84.0,0.0,39.52387,-96.0,-39.52387,-84.0,118.8792,79.20150000000001,72.0,-39.67766999999999,-96.0,23.80659,23.806600000000003,0.0,-15.871058999999999,-36.0
2734,event_002734.csv,0.0,39.98524,-100.0,0.0,-96.0,0.0,39.52387,-100.0,-39.52387,128.0,118.8792,356.7913,188.0,-39.67766999999999,-76.0,23.80659,23.806600000000003,0.0,-15.871058999999999,-40.0
2735,event_002735.csv,0.0,39.98524,-44.0,-39.98524,12.0,0.0,39.52387,-88.0,-39.52387,20.0,118.8792,118.8792,20.0,-118.8792,-4.0,23.80659,23.806600000000003,0.0,-7.93553,-72.0
2736,event_002736.csv,0.0,39.98524,-96.0,-39.98524,-44.0,0.0,39.52387,-48.0,0.0,-100.0,138.71800000000002,59.36269999999999,-40.0,-99.19413000000002,-60.0,15.87106,31.742130000000003,0.0,-15.87106,-36.0
2737,event_002737.csv,0.0,39.98524,-80.0,-39.98524,188.0,0.0,39.52387,-80.0,-39.52387,-84.0,118.8792,79.20150000000001,16.0,-39.67766999999999,-56.0,23.80659,23.806600000000003,0.0,-15.871058999999999,-40.0
2738,event_002738.csv,0.0,39.98524,-100.0,-39.98524,100.0,0.0,39.52387,-44.0,-39.52387,-88.0,118.8792,79.20150000000001,-52.0,0.0,-88.0,23.80659,23.806600000000003,0.0,-7.93553,-64.0
2739,event_002739.csv,0.0,79.97047,36.0,-39.98524,-36.0,0.0,39.52387,-96.0,-39.52387,-60.0,118.8792,79.20150000000001,20.0,-39.67766999999999,-12.0,23.80659,23.806600000000003,0.0,-15.871058999999999,-36.0
2740,event_002740.csv,0.0,39.98524,-100.0,0.0,-96.0,0.0,39.52387,-92.0,-39.52387,-48.0,118.8792,79.20150000000001,-84.0,-79.35533,36.0,31.74213,15.871060000000003,0.0,-23.806599,24.0
2741,event_002741.csv,0.0,39.98524,-96.0,-39.98524,-4.0,0.0,39.52387,-88.0,-39.52387,-12.0,158.5568,39.5239,-28.0,-79.35527,-20.0,23.80659,23.806600000000003,0.0,-15.871058999999999,-40.0
2742,event_002742.csv,0.0,39.98524,-88.0,-39.98524,-100.0,0.0,39.52387,-80.0,-39.52387,-60.0,118.8792,79.20150000000001,16.0,-79.35533,124.0,15.87106,31.742130000000003,0.0,-7.935529,-40.0
2743,event_002743.csv,0.0,39.98524,-32.0,0.0,-100.0,0.0,39.52387,24.0,-39.52387,-100.0,118.8792,118.8792,8.0,-39.67766999999999,-96.0,23.80659,23.806600000000003,0.0,-15.871058999999999,-48.0
2744,event_002744.csv,0.0,39.98524,-72.0,-39.98524,-28.0,0.0,39.52387,-96.0,-39.52387,-84.0,118.8792,79.20150000000001,8.0,-39.67766999999999,-44.0,23.80659,23.806600000000003,0.0,-15.871058999999999,-36.0
2745,event_002745.csv,0.0,39.98524,-80.0,0.0,-100.0,0.0,39.52387,88.0,-39.52387,-100.0,118.8792,118.8792,48.0,-79.35533,28.0,23.80659,23.806600000000003,0.0,-7.93553,-36.0
2746,event_002746.csv,0.0,39.98524,-100.0,-39.98524,-60.0,0.0,39.52387,-52.0,-39.52387,-76.0,118.8792,118.8792,152.0,-39.67766999999999,-84.0,23.80659,23.806600000000003,0.0,-15.871058999999999,-60.0
2747,event_002747.csv,0.0,39.98524,-96.0,0.0,-100.0,0.0,39.52387,8.0,-39.52387,-68.0,118.8792,79.20150000000001,12.0,-79.35533,32.0,31.74213,15.871060000000003,0.0,-15.87107,16.0
2748,event_002748.csv,0.0,39.98524,-84.0,-39.98524,-100.0,0.0,39.52387,-48.0,-39.52387,-20.0,118.8792,118.8792,112.0,-79.35533,136.0,23.80659,23.806600000000003,0.0,-7.93553,20.0
2749,event_002749.csv,0.0,39.98524,-96.0,-39.98524,-36.0,0.0,39.52387,-72.0,-39.52387,-4.0,118.8792,79.20150000000001,-64.0,-79.35533,36.0,23.80659,23.806600000000003,0.0,-15.871058999999999,20.0
2750,event_002750.csv,0.0,39.98524,-96.0,-39.98524,-56.0,0.0,39.52387,-100.0,-39.52387,24.0,118.8792,79.20150000000001,60.0,-39.67766999999999,-72.0,23.80659,23.806600000000003,0.0,-7.93553,8.0
2751,event_002751.csv,0.0,39.98524,-92.0,-39.98524,28.0,0.0,39.52387,-72.0,-39.52387,-36.0,158.5568,39.5239,-96.0,-79.35527,124.0,23.80659,23.806600000000003,0.0,-15.871058999999999,-40.0
2752,event_002752.csv,0.0,39.98524,-16.0,0.0,-100.0,0.0,39.52387,-40.0,0.0,-100.0,158.5568,39.5239,-56.0,-79.35527,0.0,23.80659,23.806600000000003,0.0,-7.93553,-52.0
2753,event_002753.csv,0.0,39.98524,-28.0,-39.98524,80.0,0.0,39.52387,-68.0,-39.52387,-80.0,158.5568,79.20159999999998,148.0,-79.35527,-48.0,23.80659,23.806600000000003,0.0,-15.871058999999999,-40.0
2754,event_002754.csv,0.0,39.98524,-56.0,-39.98524,-28.0,0.0,39.52387,-96.0,-39.52387,-92.0,118.8792,79.20150000000001,-88.0,-39.67766999999999,4.0,23.80659,23.806600000000003,0.0,-15.871058999999999,-36.0
2755,event_002755.csv,0.0,39.98524,-68.0,0.0,-100.0,0.0,39.52387,-56.0,-39.52387,-100.0,118.8792,79.20150000000001,-88.0,-39.67766999999999,-76.0,23.80659,23.806600000000003,0.0,-15.871058999999999,-48.0
2756,event_002756.csv,0.0,39.98524,-68.0,0.0,-100.0,0.0,39.52387,-96.0,-39.52387,-84.0,118.8792,79.20150000000001,104.0,-39.67766999999999,-100.0,23.80659,23.806600000000003,0.0,-15.871058999999999,-36.0
2757,event_002757.csv,0.0,39.98524,-100.0,-39.98524,188.0,0.0,39.52387,-88.0,-39.52387,-36.0,118.8792,79.20150000000001,-8.0,-39.67766999999999,-28.0,31.74213,15.871060000000003,0.0,-15.87107,-36.0
2758,event_002758.csv,0.0,39.98524,-84.0,-39.98524,152.0,0.0,39.52387,-4.0,-39.52387,-56.0,118.8792,79.20150000000001,60.0,-79.35533,176.0,23.80659,23.806600000000003,0.0,-15.871058999999999,-40.0
2759,event_002759.csv,0.0,39.98524,-92.0,-39.98524,-56.0,0.0,39.52387,-92.0,-39.52387,-48.0,158.5568,79.20159999999998,96.0,-79.35527,-56.0,23.80659,31.742130000000003,12.0,-15.871058999999999,-24.0
2760,event_002760.csv,0.0,39.98524,16.0,-39.98524,-8.0,0.0,39.52387,-52.0,-39.52387,-96.0,138.71800000000002,59.36269999999999,12.0,-99.19413000000002,120.0,23.80659,23.806600000000003,0.0,-7.93553,-40.0
2761,event_002761.csv,0.0,39.98524,-88.0,-39.98524,20.0,0.0,39.52387,-96.0,-39.52387,20.0,158.5568,79.20159999999998,104.0,-79.35527,-64.0,23.80659,23.806600000000003,0.0,-15.871058999999999,-40.0
2762,event_002762.csv,0.0,39.98524,-36.0,-39.98524,-44.0,0.0,39.52387,-96.0,-39.52387,92.0,118.8792,118.8792,12.0,-79.35533,-100.0,23.80659,23.806600000000003,0.0,-15.871058999999999,20.0
2763,event_002763.csv,0.0,39.98524,-84.0,0.0,-100.0,0.0,39.52387,-52.0,-39.52387,168.0,118.8792,79.20150000000001,-72.0,-39.67766999999999,-88.0,23.80659,23.806600000000003,0.0,-15.871058999999999,-28.0
2764,event_002764.csv,0.0,39.98524,-92.0,-39.98524,-52.0,0.0,39.52387,-88.0,-39.52387,28.0,118.8792,673.9050000000001,4.0,-79.35533,-72.0,23.80659,23.806600000000003,0.0,-7.93553,-92.0
2765,event_002765.csv,0.0,39.98524,-92.0,0.0,-100.0,0.0,39.52387,48.0,-39.52387,-100.0,118.8792,79.20150000000001,-40.0,-39.67766999999999,-56.0,23.80659,23.806600000000003,0.0,-15.871058999999999,-36.0
2766,event_002766.csv,0.0,39.98524,-92.0,0.0,-100.0,0.0,39.52387,-76.0,-39.52387,-88.0,118.8792,79.20150000000001,16.0,-79.35533,116.0,23.80659,23.806600000000003,0.0,-15.871058999999999,-48.0
2767,event_002767.csv,0.0,39.98524,-72.0,-39.98524,-100.0,0.0,39.52387,-56.0,-39.52387,-44.0,118.8792,158.55679999999998,-100.0,-39.67766999999999,-8.0,23.80659,23.806600000000003,0.0,-7.93553,-48.0
2768,event_002768.csv,0.0,39.98524,-84.0,-39.98524,-72.0,0.0,39.52387,-52.0,-39.52387,-80.0,118.8792,79.20150000000001,140.0,-79.35533,-8.0,23.80659,23.806600000000003,0.0,-15.871058999999999,20.0
2769,event_002769.csv,0.0,39.98524,-100.0,-39.98524,-40.0,0.0,39.52387,-60.0,-39.52387,-48.0,138.71800000000002,59.36269999999999,16.0,-59.51647000000001,-76.0,23.80659,23.806600000000003,0.0,-15.871058999999999,-64.0
2770,event_002770.csv,0.0,39.98524,-88.0,-39.98524,-92.0,0.0,39.52387,-64.0,-39.52387,-100.0,138.71800000000002,59.36269999999999,-36.0,-99.19413000000002,176.0,31.74213,15.871060000000003,0.0,-23.806599,-36.0
2771,event_002771.csv,0.0,39.98524,-96.0,-39.98524,12.0,0.0,39.52387,-88.0,-39.52387,68.0,118.8792,79.20150000000001,16.0,-39.67766999999999,-8.0,23.80659,23.806600000000003,0.0,-15.871058999999999,-40.0
2772,event_002772.csv,0.0,39.98524,-72.0,-39.98524,-44.0,0.0,39.52387,-24.0,-39.52387,-100.0,158.5568,39.5239,56.0,-79.35527,32.0,23.80659,23.806600000000003,0.0,-7.93553,-52.0
2773,event_002773.csv,0.0,39.98524,-72.0,0.0,-100.0,0.0,39.52387,-8.0,-39.52387,-12.0,118.8792,79.20150000000001,16.0,-39.67766999999999,-76.0,27.77436,19.83883,0.0,-11.903300000000002,20.0
2774,event_002774.csv,0.0,39.98524,-96.0,0.0,-100.0,0.0,39.52387,-72.0,-39.52387,-100.0,118.8792,79.20150000000001,144.0,-39.67766999999999,-92.0,23.80659,23.806600000000003,0.0,-7.93553,68.0
2775,event_002775.csv,0.0,39.98524,-80.0,-39.98524,-88.0,0.0,39.52387,-64.0,-39.52387,-36.0,118.8792,79.20150000000001,4.0,-39.67766999999999,-12.0,23.80659,23.806600000000003,0.0,-15.871058999999999,-40.0
2776,event_002776.csv,0.0,39.98524,-100.0,-39.98524,40.0,0.0,39.52387,-92.0,-39.52387,16.0,158.5568,39.5239,12.0,-79.35527,120.0,23.80659,23.806600000000003,0.0,-7.93553,-48.0
2777,event_002777.csv,0.0,39.98524,-92.0,-39.98524,200.0,0.0,39.52387,-36.0,-39.52387,-80.0,118.8792,79.20150000000001,20.0,-79.35533,128.0,23.80659,23.806600000000003,0.0,-15.871058999999999,-48.0
2778,event_002778.csv,0.0,39.98524,-64.0,-39.98524,-16.0,0.0,39.52387,-100.0,-39.52387,-8.0,118.8792,118.8792,148.0,-79.35533,124.0,23.80659,23.806600000000003,0.0,-15.871058999999999,-40.0
2779,event_002779.csv,0.0,39.98524,-36.0,-39.98524,160.0,0.0,39.52387,0.0,-39.52387,-92.0,118.8792,79.20150000000001,8.0,-39.67766999999999,-76.0,23.80659,23.806600000000003,0.0,-7.93553,-92.0
2780,event_002780.csv,0.0,39.98524,-88.0,-39.98524,-28.0,0.0,39.52387,-72.0,-39.52387,-60.0,118.8792,79.20150000000001,-40.0,-79.35533,-12.0,23.80659,23.806600000000003,0.0,-15.871058999999999,-40.0
2781,event_002781.csv,0.0,39.98524,-88.0,-39.98524,148.0,0.0,39.52387,-88.0,-39.52387,-92.0,118.8792,79.20150000000001,-4.0,-39.67766999999999,-32.0,23.80659,23.806600000000003,0.0,-7.93553,-64.0
2782,event_002782.csv,0.0,39.98524,-100.0,-39.98524,-76.0,0.0,39.52387,-88.0,-39.52387,-68.0,118.8792,118.8792,-40.0,-118.8792,-12.0,23.80659,23.806600000000003,0.0,-15.871058999999999,-28.0
2783,event_002783.csv,0.0,39.98524,-96.0,0.0,-100.0,0.0,39.52387,-56.0,-39.52387,100.0,118.8792,79.20150000000001,-96.0,-39.67766999999999,-4.0,23.80659,23.806600000000003,0.0,-15.871058999999999,-40.0
2784,event_002784.csv,0.0,39.98524,-80.0,0.0,-100.0,0.0,39.52387,-56.0,-39.52387,-60.0,118.8792,79.20150000000001,8.0,-79.35533,-20.0,23.80659,23.806600000000003,0.0,-15.871058999999999,20.0
2785,event_002785.csv,0.0,39.98524,-100.0,-39.98524,76.0,0.0,39.52387,-16.0,-39.52387,-60.0,118.8792,79.20150000000001,-72.0,-39.67766999999999,-92.0,15.87106,31.742130000000003,0.0,-7.935529,-52.0
2786,event_002786.csv,0.0,39.98524,-68.0,-39.98524,72.0,0.0,39.52387,-92.0,-39.52387,-88.0,118.8792,118.8792,60.0,-79.35533,32.0,23.80659,23.806600000000003,0.0,-7.93553,-48.0
2787,event_002787.csv,0.0,39.98524,-100.0,-39.98524,112.0,0.0,39.52387,-100.0,-39.52387,120.0,118.8792,79.20150000000001,-28.0,-39.67766999999999,-64.0,23.80659,23.806600000000003,0.0,-15.871058999999999,-40.0
2788,event_002788.csv,0.0,39.98524,-88.0,-39.98524,-12.0,0.0,39.52387,-72.0,-39.52387,-44.0,118.8792,79.20150000000001,16.0,-39.67766999999999,-60.0,23.80659,23.806600000000003,0.0,-15.871058999999999,-28.0
2789,event_002789.csv,0.0,39.98524,-68.0,0.0,-100.0,0.0,39.52387,-80.0,-39.52387,-68.0,118.8792,79.20150000000001,-24.0,-79.35533,44.0,31.74213,15.871060000000003,0.0,-23.806599,28.0
2790,event_002790.csv,0.0,79.97047,116.0,0.0,-100.0,0.0,39.52387,-68.0,-39.52387,40.0,118.8792,118.8792,20.0,-39.67766999999999,-96.0,15.87106,31.742130000000003,0.0,-15.87106,-28.0
2791,event_002791.csv,0.0,39.98524,-100.0,-39.98524,136.0,0.0,39.52387,-100.0,-39.52387,56.0,118.8792,79.20150000000001,-52.0,-79.35533,-8.0,23.80659,23.806600000000003,0.0,-15.871058999999999,-40.0
2792,event_002792.csv,0.0,39.98524,-36.0,-39.98524,56.0,0.0,39.52387,-92.0,-39.52387,-48.0,118.8792,396.46900000000005,-52.0,-39.67766999999999,28.0,23.80659,23.806600000000003,0.0,-7.93553,-84.0
2793,event_002793.csv,0.0,39.98524,-96.0,-39.98524,-20.0,0.0,39.52387,-56.0,-39.52387,-68.0,118.8792,79.20150000000001,-48.0,-39.67766999999999,-36.0,23.80659,23.806600000000003,0.0,-15.871058999999999,-52.0
2794,event_002794.csv,0.0,39.98524,-88.0,0.0,-100.0,0.0,39.52387,-56.0,-39.52387,-68.0,118.8792,79.20150000000001,-72.0,-39.67766999999999,-12.0,23.80659,23.806600000000003,0.0,-15.871058999999999,-28.0
2795,event_002795.csv,0.0,39.98524,-76.0,0.0,-100.0,0.0,39.52387,-96.0,-39.52387,-76.0,118.8792,79.20150000000001,8.0,-79.35533,124.0,23.80659,23.806600000000003,0.0,-15.871058999999999,-52.0
2796,event_002796.csv,0.0,39.98524,-96.0,0.0,-100.0,0.0,39.52387,-96.0,-39.52387,-76.0,118.8792,79.20150000000001,-80.0,-79.35533,124.0,23.80659,23.806600000000003,0.0,-15.871058999999999,-36.0
2797,event_002797.csv,0.0,39.98524,-100.0,0.0,-96.0,0.0,39.52387,-64.0,-39.52387,-92.0,158.5568,79.20159999999998,120.0,-119.03293000000001,36.0,23.80659,23.806600000000003,0.0,-7.93553,-24.0
2798,event_002798.csv,0.0,39.98524,-92.0,-39.98524,-84.0,0.0,39.52387,-96.0,-39.52387,-92.0,118.8792,79.20150000000001,-80.0,-79.35533,-100.0,31.74213,15.871060000000003,0.0,-15.87107,20.0
2799,event_002799.csv,0.0,39.98524,-96.0,0.0,-100.0,0.0,39.52387,-88.0,-39.52387,28.0,118.8792,118.8792,16.0,-39.67766999999999,-12.0,31.74213,15.871060000000003,0.0,-23.806599,-36.0
2800,event_002800.csv,0.0,39.98524,-100.0,-39.98524,-8.0,0.0,39.52387,-84.0,-39.52387,144.0,158.5568,39.5239,140.0,-79.35527,-56.0,23.80659,23.806600000000003,0.0,-15.871058999999999,-40.0
2801,event_002801.csv,0.0,39.98524,-96.0,-39.98524,-100.0,0.0,39.52387,-80.0,-39.52387,60.0,118.8792,79.20150000000001,8.0,-39.67766999999999,-84.0,23.80659,23.806600000000003,0.0,-23.80659,-36.0
2802,event_002802.csv,0.0,39.98524,-96.0,-39.98524,116.0,0.0,39.52387,-96.0,-39.52387,-92.0,118.8792,79.20150000000001,-40.0,-39.67766999999999,-76.0,23.80659,23.806600000000003,0.0,-15.871058999999999,-52.0
2803,event_002803.csv,0.0,39.98524,-100.0,0.0,-96.0,0.0,39.52387,64.0,-39.52387,68.0,118.8792,79.20150000000001,8.0,-79.35533,-4.0,23.80659,23.806600000000003,0.0,-15.871058999999999,20.0
2804,event_002804.csv,0.0,39.98524,-76.0,-39.98524,-100.0,0.0,39.52387,-96.0,-39.52387,-92.0,118.8792,79.20150000000001,-40.0,-39.67766999999999,-76.0,23.80659,23.806600000000003,0.0,-7.93553,-52.0
2805,event_002805.csv,0.0,39.98524,-100.0,0.0,-96.0,0.0,39.52387,-100.0,-39.52387,-8.0,118.8792,79.20150000000001,4.0,-39.67766999999999,-96.0,27.77436,19.83883,0.0,-19.838829,8.0
2806,event_002806.csv,0.0,39.98524,-84.0,0.0,-100.0,0.0,39.52387,-92.0,-39.52387,16.0,118.8792,79.20150000000001,-92.0,-79.35533,120.0,23.80659,23.806600000000003,0.0,-7.93553,-88.0
2807,event_002807.csv,0.0,39.98524,-96.0,0.0,-100.0,0.0,39.52387,-88.0,-39.52387,-84.0,118.8792,79.20150000000001,4.0,-79.35533,32.0,23.80659,23.806600000000003,0.0,-15.871058999999999,-40.0
2808,event_002808.csv,0.0,39.98524,-80.0,-39.98524,52.0,0.0,39.52387,-24.0,-39.52387,-28.0,118.8792,118.8792,16.0,-79.35533,36.0,23.80659,23.806600000000003,0.0,-15.871058999999999,20.0
2809,event_002809.csv,0.0,39.98524,-88.0,-39.98524,132.0,0.0,39.52387,-96.0,-39.52387,76.0,118.8792,79.20150000000001,-40.0,-39.67766999999999,-92.0,23.80659,23.806600000000003,0.0,-15.871058999999999,-52.0
2810,event_002810.csv,0.0,79.97047,36.0,0.0,-100.0,0.0,39.52387,-100.0,-39.52387,0.0,118.8792,79.20150000000001,-28.0,-79.35533,0.0,23.80659,23.806600000000003,0.0,-7.93553,-64.0
2811,event_002811.csv,0.0,39.98524,-76.0,-39.98524,16.0,0.0,39.52387,-68.0,-39.52387,-24.0,118.8792,79.20150000000001,20.0,-79.35533,-16.0,23.80659,23.806600000000003,0.0,-15.871058999999999,-36.0
2812,event_002812.csv,0.0,39.98524,-48.0,-39.98524,24.0,0.0,39.52387,-92.0,-39.52387,32.0,158.5568,4841.4432,8.0,-39.67760000000001,-96.0,-15.87106,63.48425,0.0,-15.87107,-20.0
2813,event_002813.csv,0.0,39.98524,-100.0,-39.98524,-28.0,0.0,39.52387,-92.0,-39.52387,-80.0,118.8792,79.20150000000001,12.0,-79.35533,120.0,23.80659,23.806600000000003,0.0,-15.871058999999999,8.0
2814,event_002814.csv,0.0,39.98524,-100.0,0.0,-96.0,0.0,39.52387,-36.0,-39.52387,-16.0,118.8792,79.20150000000001,76.0,-79.35533,168.0,23.80659,23.806600000000003,0.0,-15.871058999999999,-64.0
2815,event_002815.csv,0.0,39.98524,-88.0,0.0,-100.0,0.0,39.52387,-48.0,-39.52387,-100.0,118.8792,79.20150000000001,-40.0,-39.67766999999999,-68.0,23.80659,23.806600000000003,0.0,-15.871058999999999,-52.0
2816,event_002816.csv,0.0,39.98524,-76.0,-39.98524,192.0,0.0,39.52387,-76.0,-39.52387,0.0,118.8792,79.20150000000001,24.0,-39.67766999999999,-100.0,23.80659,23.806600000000003,0.0,-7.93553,-56.0
2817,event_002817.csv,0.0,39.98524,-100.0,-39.98524,104.0,0.0,39.52387,-100.0,-39.52387,-64.0,118.8792,79.20150000000001,-52.0,-39.67766999999999,-72.0,23.80659,23.806600000000003,0.0,-15.871058999999999,-36.0
2818,event_002818.csv,0.0,39.98524,-100.0,-39.98524,-60.0,0.0,39.52387,144.0,-39.52387,-52.0,118.8792,118.8792,56.0,-39.67766999999999,-68.0,31.74213,15.871060000000003,0.0,-15.87107,-40.0
2819,event_002819.csv,0.0,39.98524,-8.0,-39.98524,-40.0,0.0,39.52387,-52.0,-39.52387,-96.0,158.5568,39.5239,16.0,-79.35527,-56.0,23.80659,23.806600000000003,0.0,-15.871058999999999,8.0
2820,event_002820.csv,0.0,39.98524,-96.0,0.0,-100.0,0.0,39.52387,-84.0,-39.52387,-80.0,118.8792,79.20150000000001,52.0,-79.35533,164.0,23.80659,23.806600000000003,0.0,-15.871058999999999,8.0
2821,event_002821.csv,0.0,39.98524,-100.0,0.0,-92.0,0.0,39.52387,-60.0,-39.52387,-96.0,118.8792,79.20150000000001,-84.0,-39.67766999999999,-24.0,23.80659,23.806600000000003,0.0,-7.93553,-52.0
2822,event_002822.csv,0.0,39.98524,-76.0,-39.98524,-64.0,0.0,39.52387,-80.0,-39.52387,-40.0,118.8792,79.20150000000001,-28.0,-39.67766999999999,-80.0,23.80659,23.806600000000003,0.0,-15.871058999999999,-40.0
2823,event_002823.csv,0.0,39.98524,-88.0,-39.98524,-60.0,0.0,39.52387,-80.0,-39.52387,-92.0,158.5568,39.5239,-72.0,-119.03293000000001,36.0,23.80659,23.806600000000003,0.0,-15.871058999999999,28.0
2824,event_002824.csv,0.0,39.98524,-92.0,-39.98524,-100.0,0.0,39.52387,-72.0,-39.52387,-76.0,118.8792,118.8792,16.0,-39.67766999999999,-8.0,23.80659,23.806600000000003,0.0,-15.871058999999999,20.0
2825,event_002825.csv,0.0,39.98524,-96.0,-39.98524,180.0,0.0,39.52387,-48.0,-39.52387,-84.0,118.8792,79.20150000000001,184.0,-39.67766999999999,-52.0,31.74213,15.871060000000003,0.0,-15.87107,-4.0
2826,event_002826.csv,0.0,39.98524,-100.0,-39.98524,-28.0,0.0,39.52387,-96.0,-39.52387,-36.0,138.71800000000002,59.36269999999999,8.0,-59.51647000000001,-60.0,15.87106,31.742130000000003,0.0,-7.935529,16.0
2827,event_002827.csv,0.0,39.98524,-72.0,-39.98524,-64.0,0.0,39.52387,-96.0,-39.52387,-24.0,118.8792,118.8792,20.0,-39.67766999999999,-8.0,23.80659,23.806600000000003,0.0,-15.871058999999999,-24.0
2828,event_002828.csv,0.0,79.97047,-48.0,0.0,-92.0,0.0,39.52387,-32.0,-39.52387,-4.0,118.8792,79.20150000000001,-52.0,-39.67766999999999,-76.0,23.80659,23.806600000000003,0.0,-15.871058999999999,-8.0
2829,event_002829.csv,0.0,39.98524,-84.0,-39.98524,-24.0,0.0,79.20153,124.0,-39.52387,-64.0,118.8792,79.20150000000001,16.0,-39.67766999999999,-48.0,23.80659,23.806600000000003,0.0,-7.93553,-92.0
2830,event_002830.csv,0.0,39.98524,-100.0,0.0,-92.0,0.0,39.52387,-12.0,-39.52387,-96.0,118.8792,118.8792,12.0,-79.35533,-8.0,23.80659,23.806600000000003,0.0,-15.871058999999999,-48.0
2831,event_002831.csv,0.0,39.98524,-72.0,-39.98524,-84.0,0.0,39.52387,-84.0,-39.52387,8.0,118.8792,118.8792,164.0,-79.35533,80.0,23.80659,23.806600000000003,0.0,-7.93553,72.0
2832,event_002832.csv,0.0,39.98524,-84.0,-39.98524,36.0,0.0,39.52387,-32.0,-39.52387,-52.0,118.8792,118.8792,16.0,-39.67766999999999,-96.0,15.87106,31.742130000000003,0.0,-15.87106,-28.0
2833,event_002833.csv,0.0,39.98524,-100.0,-39.98524,196.0,0.0,39.52387,-64.0,-39.52387,-60.0,118.8792,317.1137,100.0,-39.67766999999999,-64.0,23.80659,23.806600000000003,0.0,-15.871058999999999,20.0
2834,event_002834.csv,0.0,39.98524,-92.0,0.0,-100.0,0.0,39.52387,16.0,-39.52387,-40.0,118.8792,79.20150000000001,-16.0,-79.35533,124.0,23.80659,23.806600000000003,0.0,-15.871058999999999,-36.0
2835,event_002835.csv,0.0,39.98524,-80.0,0.0,-100.0,0.0,39.52387,-76.0,-39.52387,-56.0,118.8792,79.20150000000001,148.0,-79.35533,-44.0,23.80659,23.806600000000003,0.0,-7.93553,-48.0
2836,event_002836.csv,0.0,79.97047,-68.0,0.0,-96.0,0.0,39.52387,-100.0,-39.52387,-28.0,118.8792,79.20150000000001,-40.0,-39.67766999999999,-96.0,23.80659,23.806600000000003,0.0,-15.871058999999999,-24.0
2837,event_002837.csv,0.0,39.98524,-100.0,0.0,-96.0,0.0,39.52387,-92.0,-39.52387,0.0,118.8792,79.20150000000001,12.0,-39.67766999999999,-76.0,23.80659,23.806600000000003,0.0,-15.871058999999999,-36.0
2838,event_002838.csv,0.0,39.98524,-84.0,-39.98524,-96.0,0.0,39.52387,-80.0,-39.52387,200.0,118.8792,158.55679999999998,12.0,-118.8792,32.0,23.80659,23.806600000000003,0.0,-15.871058999999999,16.0
2839,event_002839.csv,0.0,39.98524,-92.0,-39.98524,-68.0,0.0,39.52387,-88.0,-39.52387,4.0,158.5568,79.20159999999998,144.0,-79.35527,-44.0,23.80659,23.806600000000003,0.0,-23.80659,20.0
2840,event_002840.csv,0.0,39.98524,-100.0,-39.98524,36.0,0.0,39.52387,-80.0,-39.52387,-92.0,118.8792,79.20150000000001,4.0,-39.67766999999999,-12.0,23.80659,23.806600000000003,0.0,-7.93553,-36.0
2841,event_002841.csv,0.0,39.98524,-96.0,0.0,-100.0,0.0,39.52387,-92.0,-39.52387,-8.0,118.8792,118.8792,12.0,-79.35533,120.0,23.80659,23.806600000000003,0.0,-23.80659,-40.0
2842,event_002842.csv,0.0,39.98524,-88.0,0.0,-100.0,0.0,39.52387,-64.0,-39.52387,-100.0,118.8792,118.8792,144.0,-39.67766999999999,-80.0,23.80659,23.806600000000003,0.0,-15.871058999999999,-36.0
2843,event_002843.csv,0.0,39.98524,-48.0,-39.98524,-16.0,0.0,39.52387,-84.0,-39.52387,-24.0,118.8792,79.20150000000001,-28.0,-39.67766999999999,-68.0,23.80659,23.806600000000003,0.0,-15.871058999999999,8.0
2844,event_002844.csv,0.0,39.98524,-100.0,-39.98524,148.0,0.0,39.52387,-80.0,-39.52387,-4.0,158.5568,39.5239,-36.0,-79.35527,-20.0,23.80659,23.806600000000003,0.0,-15.871058999999999,-36.0
2845,event_002845.csv,0.0,39.98524,-80.0,0.0,-100.0,0.0,39.52387,-88.0,-39.52387,-52.0,118.8792,79.20150000000001,16.0,-39.67766999999999,-92.0,23.80659,23.806600000000003,0.0,-7.93553,-52.0
2846,event_002846.csv,0.0,39.98524,-88.0,-39.98524,-28.0,0.0,39.52387,8.0,-39.52387,-84.0,158.5568,79.20159999999998,152.0,-79.35527,-84.0,23.80659,23.806600000000003,0.0,-15.871058999999999,-36.0
2847,event_002847.csv,0.0,39.98524,-28.0,-39.98524,-80.0,0.0,39.52387,-100.0,-39.52387,32.0,118.8792,79.20150000000001,20.0,-39.67766999999999,-32.0,31.74213,15.871060000000003,0.0,-15.87107,8.0
2848,event_002848.csv,0.0,39.98524,-88.0,0.0,-100.0,0.0,39.52387,-36.0,-39.52387,-24.0,158.5568,39.5239,-28.0,-79.35527,-8.0,23.80659,23.806600000000003,0.0,-15.871058999999999,-40.0
2849,event_002849.csv,0.0,39.98524,-84.0,-39.98524,0.0,0.0,39.52387,-20.0,-39.52387,-92.0,158.5568,79.20159999999998,52.0,-158.5568,80.0,31.74213,15.871060000000003,0.0,-23.806599,24.0
2850,event_002850.csv,0.0,39.98524,32.0,-39.98524,28.0,0.0,39.52387,-16.0,-39.52387,-60.0,118.8792,79.20150000000001,-76.0,-79.35533,-8.0,31.74213,15.871060000000003,0.0,-15.87107,-64.0
2851,event_002851.csv,0.0,39.98524,-92.0,-39.98524,60.0,0.0,39.52387,-96.0,-39.52387,-76.0,118.8792,79.20150000000001,12.0,-39.67766999999999,-84.0,23.80659,23.806600000000003,0.0,-15.871058999999999,-40.0
2852,event_002852.csv,0.0,39.98524,-64.0,-39.98524,-100.0,0.0,39.52387,-72.0,-39.52387,4.0,158.5568,39.5239,-40.0,-119.03293000000001,36.0,23.80659,23.806600000000003,0.0,-15.871058999999999,-36.0
2853,event_002853.csv,0.0,559.9471,4.0,0.0,-100.0,0.0,39.52387,72.0,-39.52387,-84.0,118.8792,4881.1208,4.0,-39.67766999999999,-40.0,7.935531,71.450539,8.0,-23.806591,-12.0
2854,event_002854.csv,0.0,39.98524,-80.0,0.0,-100.0,0.0,39.52387,-64.0,-39.52387,-44.0,118.8792,79.20150000000001,16.0,-39.67766999999999,-12.0,15.87106,31.742130000000003,0.0,-15.87106,-36.0
2855,event_002855.csv,0.0,39.98524,-72.0,-39.98524,16.0,0.0,39.52387,-84.0,-39.52387,-72.0,118.8792,158.55679999999998,148.0,-79.35533,0.0,23.80659,23.806600000000003,0.0,-23.80659,32.0
2856,event_002856.csv,0.0,39.98524,-96.0,-39.98524,-92.0,0.0,39.52387,-72.0,-39.52387,-84.0,118.8792,79.20150000000001,8.0,-39.67766999999999,36.0,23.80659,23.806600000000003,0.0,-15.871058999999999,-40.0
2857,event_002857.csv,0.0,39.98524,-100.0,-39.98524,-24.0,0.0,39.52387,-92.0,-39.52387,-80.0,118.8792,118.8792,12.0,-118.8792,-8.0,7.935531,39.677659000000006,0.0,-23.806591,20.0
2858,event_002858.csv,0.0,39.98524,-76.0,-39.98524,112.0,0.0,39.52387,-68.0,-39.52387,-8.0,118.8792,79.20150000000001,20.0,-39.67766999999999,-8.0,15.87106,31.742130000000003,0.0,-7.935529,-40.0
2859,event_002859.csv,0.0,39.98524,-80.0,0.0,-100.0,0.0,39.52387,-88.0,-39.52387,-60.0,118.8792,79.20150000000001,-80.0,-39.67766999999999,-68.0,31.74213,15.871060000000003,0.0,-7.93554,-76.0
2860,event_002860.csv,0.0,39.98524,-84.0,-39.98524,52.0,0.0,39.52387,-96.0,-39.52387,-68.0,118.8792,79.20150000000001,8.0,-39.67766999999999,-80.0,23.80659,23.806600000000003,0.0,-23.80659,16.0
2861,event_002861.csv,0.0,39.98524,-96.0,-39.98524,-44.0,0.0,39.52387,-96.0,-39.52387,-60.0,158.5568,39.5239,-40.0,-79.35527,176.0,23.80659,23.806600000000003,0.0,-7.93553,-52.0
2862,event_002862.csv,0.0,39.98524,-100.0,-39.98524,132.0,0.0,39.52387,-72.0,-39.52387,-28.0,118.8792,118.8792,144.0,-39.67766999999999,-92.0,23.80659,23.806600000000003,0.0,-15.871058999999999,-28.0
2863,event_002863.csv,0.0,39.98524,-80.0,-39.98524,-68.0,0.0,39.52387,-72.0,-39.52387,-44.0,118.8792,79.20150000000001,-40.0,-39.67766999999999,-12.0,23.80659,23.806600000000003,0.0,-15.871058999999999,-36.0
2864,event_002864.csv,0.0,39.98524,-72.0,-39.98524,80.0,0.0,39.52387,-92.0,-39.52387,-96.0,158.5568,39.5239,-40.0,-79.35527,-100.0,31.74213,15.871060000000003,0.0,-15.87107,-52.0
2865,event_002865.csv,0.0,39.98524,-96.0,-39.98524,76.0,0.0,39.52387,-68.0,-39.52387,-100.0,158.5568,39.5239,12.0,-79.35527,-100.0,23.80659,23.806600000000003,0.0,-15.871058999999999,-36.0
2866,event_002866.csv,0.0,39.98524,-72.0,0.0,-100.0,0.0,79.20153,48.0,-39.52387,-68.0,118.8792,79.20150000000001,-48.0,-39.67766999999999,-72.0,23.80659,23.806600000000003,0.0,-7.93553,-8.0
2867,event_002867.csv,0.0,39.98524,-76.0,-39.98524,92.0,0.0,39.52387,-56.0,-39.52387,-76.0,158.5568,39.5239,16.0,-79.35527,-92.0,23.80659,23.806600000000003,0.0,-15.871058999999999,-40.0
2868,event_002868.csv,0.0,39.98524,-80.0,0.0,-100.0,0.0,39.52387,-40.0,-39.52387,68.0,118.8792,118.8792,20.0,-79.35533,44.0,19.838825,27.774365000000003,0.0,-11.903293999999999,-64.0
2869,event_002869.csv,0.0,39.98524,-80.0,0.0,-100.0,0.0,39.52387,-100.0,-39.52387,-40.0,118.8792,79.20150000000001,-52.0,-39.67766999999999,84.0,23.80659,23.806600000000003,0.0,-15.871058999999999,-48.0
2870,event_002870.csv,0.0,39.98524,-100.0,-39.98524,-96.0,0.0,39.52387,-76.0,-39.52387,-72.0,118.8792,79.20150000000001,20.0,-39.67766999999999,-100.0,15.87106,31.742130000000003,0.0,-15.87106,8.0
2871,event_002871.csv,0.0,39.98524,-88.0,-39.98524,116.0,0.0,39.52387,-8.0,-39.52387,-68.0,138.71800000000002,99.04039999999998,64.0,-99.19413000000002,36.0,23.80659,23.806600000000003,0.0,-7.93553,12.0
2872,event_002872.csv,0.0,39.98524,-76.0,-39.98524,128.0,0.0,39.52387,-44.0,-39.52387,-72.0,118.8792,79.20150000000001,-44.0,-39.67766999999999,-8.0,23.80659,23.806600000000003,0.0,-23.80659,-40.0
2873,event_002873.csv,0.0,39.98524,-88.0,0.0,-100.0,0.0,39.52387,-64.0,-39.52387,-76.0,118.8792,39.67760000000001,-96.0,-79.35533,128.0,31.74213,15.871060000000003,0.0,-15.87107,-28.0
2874,event_002874.csv,0.0,39.98524,-72.0,-39.98524,-12.0,0.0,39.52387,-72.0,-39.52387,-84.0,118.8792,79.20150000000001,88.0,-39.67766999999999,-76.0,23.80659,23.806600000000003,0.0,-15.871058999999999,-4.0
2875,event_002875.csv,0.0,39.98524,-100.0,-39.98524,24.0,0.0,79.20153,-92.0,-39.52387,-8.0,118.8792,79.20150000000001,20.0,-39.67766999999999,-12.0,15.87106,31.742130000000003,0.0,-15.87106,-40.0
2876,event_002876.csv,0.0,39.98524,-96.0,-39.98524,-68.0,0.0,39.52387,-88.0,-39.52387,-76.0,118.8792,79.20150000000001,8.0,-79.35533,44.0,23.80659,23.806600000000003,0.0,-15.871058999999999,-36.0
2877,event_002877.csv,0.0,39.98524,-100.0,-39.98524,-48.0,0.0,39.52387,-92.0,-39.52387,-96.0,118.8792,118.8792,16.0,-79.35533,-8.0,23.80659,23.806600000000003,0.0,-23.80659,24.0
2878,event_002878.csv,0.0,39.98524,-84.0,0.0,-100.0,0.0,39.52387,-68.0,-39.52387,-56.0,118.8792,158.55679999999998,108.0,-79.35533,72.0,23.80659,23.806600000000003,0.0,-15.871058999999999,-32.0
2879,event_002879.csv,0.0,39.98524,-84.0,-39.98524,-60.0,0.0,39.52387,-100.0,-39.52387,16.0,118.8792,4881.1208,-4.0,-39.67766999999999,-40.0,-15.87106,103.19266,4.0,-15.87107,-16.0
2880,event_002880.csv,0.0,39.98524,-48.0,-39.98524,-4.0,0.0,39.52387,-88.0,-39.52387,-76.0,118.8792,79.20150000000001,-32.0,-79.35533,156.0,31.74213,15.871060000000003,0.0,-15.87107,-32.0
2881,event_002881.csv,0.0,39.98524,-80.0,-39.98524,136.0,0.0,39.52387,-88.0,-39.52387,-60.0,158.5568,39.5239,16.0,-79.35527,-56.0,23.80659,23.806600000000003,0.0,-15.871058999999999,-28.0
2882,event_002882.csv,0.0,39.98524,-96.0,0.0,-100.0,0.0,39.52387,-40.0,-39.52387,-28.0,118.8792,79.20150000000001,-40.0,-39.67766999999999,-100.0,23.80659,23.806600000000003,0.0,-7.93553,-64.0
2883,event_002883.csv,0.0,39.98524,-96.0,0.0,-100.0,0.0,39.52387,-72.0,0.0,-100.0,118.8792,79.20150000000001,152.0,-79.35533,172.0,23.80659,23.806600000000003,0.0,-23.80659,-36.0
2884,event_002884.csv,0.0,39.98524,-76.0,-39.98524,64.0,0.0,39.52387,-36.0,-39.52387,-88.0,118.8792,79.20150000000001,56.0,-79.35533,40.0,31.74213,23.806590000000003,44.0,-15.87107,-8.0
2885,event_002885.csv,0.0,39.98524,-80.0,0.0,-100.0,0.0,39.52387,-80.0,-39.52387,-76.0,118.8792,79.20150000000001,-28.0,-39.67766999999999,-68.0,23.80659,23.806600000000003,0.0,-15.871058999999999,-16.0
2886,event_002886.csv,0.0,39.98524,-100.0,-39.98524,36.0,0.0,39.52387,-88.0,-39.52387,76.0,118.8792,79.20150000000001,-40.0,-39.67766999999999,-60.0,23.80659,23.806600000000003,0.0,-15.871058999999999,-28.0
2887,event_002887.csv,0.0,39.98524,-88.0,0.0,-100.0,0.0,39.52387,-72.0,-39.52387,12.0,118.8792,79.20150000000001,24.0,-39.67766999999999,0.0,23.80659,23.806600000000003,0.0,-15.871058999999999,-36.0
2888,event_002888.csv,0.0,39.98524,-80.0,-39.98524,200.0,0.0,39.52387,-12.0,-39.52387,152.0,118.8792,634.3811000000001,200.0,-39.67766999999999,-12.0,23.80659,23.806600000000003,0.0,-7.93553,-64.0
2889,event_002889.csv,0.0,39.98524,-96.0,-39.98524,-88.0,0.0,39.52387,56.0,-39.52387,40.0,158.5568,39.5239,140.0,-79.35527,-20.0,23.80659,23.806600000000003,0.0,-7.93553,-36.0
2890,event_002890.csv,0.0,39.98524,-92.0,-39.98524,48.0,0.0,39.52387,-84.0,-39.52387,-64.0,118.8792,118.8792,104.0,-39.67766999999999,-4.0,23.80659,23.806600000000003,0.0,-15.871058999999999,-48.0
2891,event_002891.csv,0.0,39.98524,-40.0,-39.98524,-44.0,0.0,39.52387,-56.0,-39.52387,-36.0,118.8792,79.20150000000001,8.0,-39.67766999999999,-12.0,23.80659,23.806600000000003,0.0,-15.871058999999999,20.0
2892,event_002892.csv,0.0,39.98524,-80.0,-39.98524,-44.0,0.0,39.52387,16.0,-39.52387,-76.0,118.8792,79.20150000000001,-40.0,-39.67766999999999,-12.0,23.80659,23.806600000000003,0.0,-15.871058999999999,-40.0
2893,event_002893.csv,0.0,39.98524,-96.0,-39.98524,188.0,0.0,39.52387,-80.0,-39.52387,-84.0,118.8792,79.20150000000001,-28.0,-39.67766999999999,-44.0,23.80659,23.806600000000003,0.0,-15.871058999999999,-28.0
2894,event_002894.csv,0.0,39.98524,-92.0,0.0,-100.0,0.0,39.52387,-84.0,-39.52387,-88.0,118.8792,79.20150000000001,56.0,-79.35533,176.0,23.80659,23.806600000000003,0.0,-7.93553,-64.0
2895,event_002895.csv,0.0,39.98524,-72.0,0.0,-100.0,0.0,79.20153,-100.0,-39.52387,24.0,118.8792,79.20150000000001,-36.0,-39.67766999999999,-88.0,23.80659,23.806600000000003,0.0,-15.871058999999999,20.0
2896,event_002896.csv,0.0,39.98524,-76.0,-39.98524,-4.0,0.0,39.52387,-88.0,-39.52387,-36.0,118.8792,79.20150000000001,-32.0,-39.67766999999999,-92.0,31.74213,15.871060000000003,0.0,-15.87107,-68.0
2897,event_002897.csv,0.0,39.98524,-88.0,0.0,-100.0,0.0,39.52387,-96.0,-39.52387,-76.0,118.8792,118.8792,-76.0,-79.35533,116.0,23.80659,23.806600000000003,0.0,-15.871058999999999,-72.0
2898,event_002898.csv,0.0,39.98524,-100.0,-39.98524,-92.0,0.0,39.52387,-96.0,-39.52387,-84.0,118.8792,79.20150000000001,-64.0,-118.8792,-36.0,23.80659,23.806600000000003,0.0,-7.93553,-60.0
2899,event_002899.csv,0.0,39.98524,-96.0,0.0,-100.0,0.0,79.20153,8.0,-39.52387,172.0,118.8792,79.20150000000001,-40.0,-39.67766999999999,-60.0,23.80659,23.806600000000003,0.0,-7.93553,-76.0
2900,event_002900.csv,0.0,39.98524,-84.0,0.0,-100.0,0.0,79.20153,60.0,0.0,-100.0,118.8792,4881.1208,-8.0,-39.67766999999999,-72.0,-39.67766,95.22638,0.0,-23.837349999999994,-20.0
2901,event_002901.csv,0.0,39.98524,-84.0,-39.98524,-24.0,0.0,39.52387,-92.0,-39.52387,-16.0,118.8792,118.8792,140.0,-79.35533,36.0,23.80659,23.806600000000003,0.0,-15.871058999999999,-40.0
2902,event_002902.csv,0.0,39.98524,-96.0,-39.98524,-68.0,0.0,39.52387,-88.0,-39.52387,16.0,118.8792,79.20150000000001,32.0,-39.67766999999999,-72.0,23.80659,23.806600000000003,0.0,-7.93553,-76.0
2903,event_002903.csv,0.0,39.98524,-92.0,-39.98524,-96.0,0.0,39.52387,-44.0,-39.52387,-72.0,118.8792,79.20150000000001,-60.0,-79.35533,172.0,23.80659,23.806600000000003,0.0,-15.871058999999999,-40.0
2904,event_002904.csv,0.0,39.98524,-80.0,-39.98524,108.0,0.0,39.52387,-56.0,-39.52387,-36.0,118.8792,79.20150000000001,16.0,-39.67766999999999,-88.0,23.80659,23.806600000000003,0.0,-15.871058999999999,-36.0
2905,event_002905.csv,0.0,39.98524,-100.0,-39.98524,104.0,0.0,39.52387,-52.0,-39.52387,-68.0,118.8792,79.20150000000001,-84.0,-79.35533,120.0,23.80659,23.806600000000003,0.0,-15.871058999999999,-36.0
2906,event_002906.csv,0.0,39.98524,-80.0,-39.98524,188.0,0.0,39.52387,-96.0,-39.52387,-28.0,118.8792,79.20150000000001,4.0,-39.67766999999999,76.0,23.80659,23.806600000000003,0.0,-15.871058999999999,-36.0
2907,event_002907.csv,0.0,39.98524,-32.0,-39.98524,-4.0,0.0,0.0,-100.0,-39.52387,-36.0,158.5568,39.5239,16.0,-79.35527,-12.0,23.80659,23.806600000000003,0.0,-7.93553,-92.0
2908,event_002908.csv,0.0,39.98524,-44.0,-39.98524,52.0,0.0,39.52387,-96.0,0.0,-100.0,118.8792,4881.1208,0.0,0.0,-92.0,-7.935531,87.321601,8.0,-23.806599,-12.0
2909,event_002909.csv,0.0,39.98524,-72.0,-39.98524,-92.0,0.0,39.52387,-88.0,-39.52387,-100.0,118.8792,118.8792,76.0,-39.67766999999999,-68.0,39.67766,7.93553,0.0,-15.871070000000003,20.0
2910,event_002910.csv,0.0,39.98524,-96.0,0.0,-100.0,0.0,39.52387,-88.0,-39.52387,92.0,118.8792,79.20150000000001,144.0,-39.67766999999999,-4.0,23.80659,23.806600000000003,0.0,-7.93553,-52.0
2911,event_002911.csv,0.0,39.98524,-92.0,-39.98524,-36.0,0.0,39.52387,-64.0,-39.52387,-92.0,118.8792,4876.5068,4.0,-39.67766999999999,-100.0,-7.935531,55.548721,0.0,-7.935529,-84.0
2912,event_002912.csv,0.0,39.98524,-92.0,0.0,-100.0,0.0,39.52387,-84.0,-39.52387,-88.0,158.5568,39.5239,-40.0,-79.35527,-56.0,23.80659,23.806600000000003,0.0,-23.80659,-40.0
2913,event_002913.csv,0.0,39.98524,-80.0,-39.98524,-20.0,0.0,39.52387,-56.0,-39.52387,-36.0,118.8792,79.20150000000001,12.0,-39.67766999999999,-56.0,23.80659,23.806600000000003,0.0,-7.93553,-84.0
2914,event_002914.csv,0.0,39.98524,-76.0,-39.98524,32.0,0.0,39.52387,-68.0,-39.52387,-88.0,118.8792,79.20150000000001,4.0,-79.35533,36.0,23.80659,23.806600000000003,0.0,-15.871058999999999,24.0
2915,event_002915.csv,0.0,39.98524,-64.0,-39.98524,-12.0,0.0,39.52387,-48.0,-39.52387,-100.0,118.8792,79.20150000000001,136.0,-39.67766999999999,-92.0,23.80659,23.806600000000003,0.0,-7.93553,-40.0
2916,event_002916.csv,0.0,39.98524,-44.0,-39.98524,124.0,0.0,39.52387,-96.0,-39.52387,-92.0,118.8792,39.67760000000001,-96.0,-79.35533,28.0,31.74213,15.871060000000003,0.0,-15.87107,-52.0
2917,event_002917.csv,0.0,39.98524,-96.0,-39.98524,-84.0,0.0,39.52387,56.0,-39.52387,-20.0,118.8792,79.20150000000001,140.0,-39.67766999999999,76.0,15.87106,31.742130000000003,0.0,-15.87106,-36.0
2918,event_002918.csv,0.0,39.98524,-64.0,-39.98524,-68.0,0.0,39.52387,-88.0,-39.52387,-84.0,118.8792,277.43600000000004,-64.0,-79.35533,-100.0,15.87106,31.742130000000003,0.0,-15.87106,-20.0
2919,event_002919.csv,0.0,39.98524,-92.0,0.0,-100.0,0.0,39.52387,-92.0,-39.52387,-72.0,118.8792,118.8792,68.0,-39.67766999999999,-100.0,23.80659,23.806600000000003,0.0,-15.871058999999999,8.0
2920,event_002920.csv,0.0,39.98524,-96.0,-39.98524,36.0,0.0,39.52387,-88.0,-39.52387,-100.0,118.8792,79.20150000000001,12.0,-39.67766999999999,-44.0,23.80659,23.806600000000003,0.0,-15.871058999999999,8.0
2921,event_002921.csv,0.0,39.98524,-100.0,-39.98524,-76.0,0.0,39.52387,24.0,-39.52387,-4.0,118.8792,79.20150000000001,56.0,-39.67766999999999,-100.0,23.80659,23.806600000000003,0.0,-15.871058999999999,8.0
2922,event_002922.csv,0.0,39.98524,-96.0,-39.98524,-12.0,0.0,39.52387,48.0,-39.52387,-60.0,118.8792,118.8792,-28.0,-118.8792,-12.0,23.80659,23.806600000000003,0.0,-15.871058999999999,-28.0
2923,event_002923.csv,0.0,39.98524,-84.0,-39.98524,84.0,0.0,39.52387,-96.0,-39.52387,-92.0,118.8792,118.8792,144.0,-79.35533,0.0,15.87106,31.742130000000003,0.0,-7.935529,-36.0
2924,event_002924.csv,0.0,39.98524,-88.0,-39.98524,-32.0,0.0,39.52387,-88.0,-39.52387,-68.0,118.8792,118.8792,8.0,-39.67766999999999,-76.0,23.80659,23.806600000000003,0.0,-23.80659,20.0
2925,event_002925.csv,0.0,39.98524,-64.0,-39.98524,196.0,0.0,39.52387,-96.0,-39.52387,-12.0,118.8792,4881.1208,0.0,-39.67766999999999,-24.0,0.0,87.3216,8.0,-15.87106,-12.0
2926,event_002926.csv,0.0,39.98524,-100.0,-39.98524,-76.0,0.0,39.52387,-32.0,-39.52387,-100.0,118.8792,118.8792,80.0,-79.35533,-44.0,23.80659,23.806600000000003,0.0,-15.871058999999999,20.0
2927,event_002927.csv,0.0,39.98524,-80.0,-39.98524,172.0,0.0,39.52387,-68.0,-39.52387,-28.0,118.8792,79.20150000000001,-56.0,-39.67766999999999,-80.0,23.80659,23.806600000000003,0.0,-15.871058999999999,-52.0
2928,event_002928.csv,0.0,39.98524,-100.0,-39.98524,-88.0,0.0,39.52387,-92.0,-39.52387,64.0,118.8792,79.20150000000001,12.0,-39.67766999999999,-96.0,15.87106,31.742130000000003,0.0,-15.87106,20.0
2929,event_002929.csv,0.0,39.98524,-80.0,-39.98524,28.0,0.0,39.52387,-96.0,-39.52387,-84.0,118.8792,79.20150000000001,-76.0,-79.35533,44.0,31.74213,15.871060000000003,0.0,-15.87107,-68.0
2930,event_002930.csv,0.0,39.98524,-56.0,-39.98524,24.0,0.0,39.52387,-64.0,-39.52387,-84.0,118.8792,118.8792,148.0,-39.67766999999999,44.0,23.80659,23.806600000000003,0.0,-23.80659,20.0
2931,event_002931.csv,0.0,39.98524,-68.0,0.0,-100.0,0.0,39.52387,-88.0,-39.52387,-68.0,118.8792,79.20150000000001,140.0,-39.67766999999999,-12.0,23.80659,23.806600000000003,0.0,-15.871058999999999,28.0
2932,event_002932.csv,0.0,39.98524,-100.0,-39.98524,84.0,0.0,39.52387,-72.0,-39.52387,-36.0,158.5568,39.5239,-40.0,-79.35527,60.0,23.80659,23.806600000000003,0.0,-7.93553,-20.0
2933,event_002933.csv,0.0,39.98524,-64.0,-39.98524,-28.0,0.0,39.52387,-88.0,-39.52387,-36.0,118.8792,118.8792,148.0,-39.67766999999999,36.0,7.935531,39.677659000000006,0.0,-7.935531,-40.0
2934,event_002934.csv,0.0,39.98524,-100.0,-39.98524,-28.0,0.0,39.52387,-64.0,-39.52387,-92.0,118.8792,118.8792,-40.0,-39.67766999999999,-60.0,23.80659,23.806600000000003,0.0,-15.871058999999999,-40.0
2935,event_002935.csv,0.0,39.98524,-92.0,-39.98524,-84.0,0.0,39.52387,-96.0,-39.52387,52.0,158.5568,39.5239,64.0,-79.35527,76.0,23.80659,23.806600000000003,0.0,-7.93553,-8.0
2936,event_002936.csv,0.0,39.98524,-72.0,-39.98524,-44.0,0.0,39.52387,-96.0,-39.52387,-68.0,118.8792,79.20150000000001,-40.0,-39.67766999999999,-12.0,23.80659,23.806600000000003,0.0,-15.871058999999999,-40.0
2937,event_002937.csv,0.0,39.98524,-88.0,0.0,-100.0,0.0,39.52387,-84.0,-39.52387,-48.0,118.8792,39.67760000000001,-92.0,-39.67766999999999,-40.0,23.80659,23.806600000000003,0.0,-7.93553,-48.0
2938,event_002938.csv,0.0,39.98524,-68.0,0.0,-100.0,0.0,39.52387,-96.0,-39.52387,-20.0,118.8792,79.20150000000001,-52.0,-79.35533,32.0,23.80659,23.806600000000003,0.0,-15.871058999999999,16.0
2939,event_002939.csv,0.0,39.98524,-100.0,0.0,-84.0,0.0,39.52387,-72.0,-39.52387,-84.0,118.8792,79.20150000000001,144.0,-79.35533,120.0,23.80659,23.806600000000003,0.0,-23.80659,-36.0
2940,event_002940.csv,0.0,39.98524,-96.0,-39.98524,28.0,0.0,39.52387,-80.0,-39.52387,-92.0,158.5568,79.20159999999998,60.0,-158.5568,88.0,23.80659,23.806600000000003,0.0,-7.93553,-72.0
2941,event_002941.csv,0.0,39.98524,-76.0,-39.98524,24.0,0.0,39.52387,-100.0,-39.52387,136.0,118.8792,79.20150000000001,-92.0,-39.67766999999999,32.0,23.80659,23.806600000000003,0.0,-15.871058999999999,-40.0
2942,event_002942.csv,0.0,39.98524,-76.0,0.0,-100.0,0.0,39.52387,-88.0,-39.52387,-100.0,118.8792,79.20150000000001,-60.0,-79.35533,-44.0,31.74213,15.871060000000003,0.0,-15.87107,-92.0
2943,event_002943.csv,0.0,39.98524,-72.0,0.0,-100.0,0.0,39.52387,-96.0,-39.52387,-100.0,118.8792,79.20150000000001,8.0,-79.35533,180.0,23.80659,23.806600000000003,0.0,-7.93553,-52.0
2944,event_002944.csv,0.0,39.98524,-76.0,0.0,-100.0,0.0,39.52387,-100.0,-39.52387,-84.0,118.8792,79.20150000000001,-32.0,-39.67766999999999,-88.0,23.80659,23.806600000000003,0.0,-15.871058999999999,-40.0
2945,event_002945.csv,0.0,39.98524,-100.0,-39.98524,-64.0,0.0,39.52387,-92.0,-39.52387,-80.0,118.8792,79.20150000000001,148.0,-39.67766999999999,-80.0,23.80659,23.806600000000003,0.0,-7.93553,-40.0
2946,event_002946.csv,0.0,39.98524,-92.0,-39.98524,120.0,0.0,39.52387,-88.0,-39.52387,-92.0,118.8792,4881.1208,-4.0,0.0,-100.0,-15.87106,103.19266,8.0,-7.93553,-16.0
2947,event_002947.csv,0.0,39.98524,-88.0,-39.98524,-60.0,0.0,39.52387,-88.0,-39.52387,12.0,118.8792,79.20150000000001,-72.0,-39.67766999999999,36.0,23.80659,31.742130000000003,0.0,-15.871058999999999,20.0
2948,event_002948.csv,0.0,39.98524,-72.0,-39.98524,20.0,0.0,39.52387,-32.0,-39.52387,-40.0,118.8792,79.20150000000001,104.0,-79.35533,124.0,23.80659,23.806600000000003,0.0,-7.93553,-40.0
2949,event_002949.csv,0.0,39.98524,-96.0,0.0,-100.0,0.0,39.52387,-64.0,-39.52387,-68.0,158.5568,39.5239,8.0,-119.03293000000001,180.0,23.80659,23.806600000000003,0.0,-7.93553,-52.0
2950,event_002950.csv,0.0,39.98524,-96.0,-39.98524,-68.0,0.0,79.20153,128.0,-39.52387,-60.0,118.8792,79.20150000000001,16.0,-79.35533,36.0,23.80659,23.806600000000003,0.0,-15.871058999999999,20.0
2951,event_002951.csv,0.0,39.98524,-56.0,0.0,-100.0,0.0,39.52387,-4.0,-39.52387,-80.0,118.8792,79.20150000000001,-28.0,-39.67766999999999,-32.0,23.80659,23.806600000000003,0.0,-7.93553,-96.0
2952,event_002952.csv,0.0,39.98524,-84.0,0.0,-100.0,0.0,39.52387,-80.0,-39.52387,-60.0,118.8792,118.8792,60.0,-79.35533,32.0,23.80659,23.806600000000003,0.0,-15.871058999999999,28.0
2953,event_002953.csv,0.0,39.98524,-88.0,0.0,-100.0,0.0,39.52387,56.0,-39.52387,-68.0,118.8792,79.20150000000001,-96.0,-79.35533,40.0,23.80659,23.806600000000003,0.0,-7.93553,-8.0
2954,event_002954.csv,0.0,39.98524,-72.0,0.0,-100.0,0.0,39.52387,-16.0,-39.52387,-100.0,118.8792,356.7913,8.0,-39.67766999999999,-76.0,19.838825,27.774365000000003,0.0,-19.838825,-40.0
2955,event_002955.csv,0.0,39.98524,-72.0,-39.98524,-20.0,0.0,39.52387,-96.0,-39.52387,-84.0,118.8792,118.8792,16.0,-79.35533,-4.0,23.80659,23.806600000000003,0.0,-15.871058999999999,28.0
2956,event_002956.csv,0.0,39.98524,-92.0,-39.98524,-100.0,0.0,39.52387,-64.0,-39.52387,-76.0,118.8792,79.20150000000001,16.0,-39.67766999999999,-24.0,23.80659,23.806600000000003,0.0,-15.871058999999999,-52.0
2957,event_002957.csv,0.0,39.98524,-56.0,0.0,-100.0,0.0,39.52387,-24.0,-39.52387,60.0,118.8792,79.20150000000001,-72.0,-39.67766999999999,-100.0,23.80659,23.806600000000003,0.0,-15.871058999999999,-36.0
2958,event_002958.csv,0.0,159.9409,-4.0,0.0,-96.0,0.0,39.52387,-100.0,-39.52387,40.0,158.5568,4841.4432,0.0,-39.67760000000001,-88.0,0.0,103.1927,12.0,-23.80659,-12.0
2959,event_002959.csv,0.0,39.98524,-96.0,0.0,-100.0,0.0,39.52387,-24.0,-39.52387,-68.0,118.8792,79.20150000000001,16.0,-39.67766999999999,120.0,23.80659,23.806600000000003,0.0,-15.871058999999999,-52.0
2960,event_002960.csv,0.0,39.98524,-72.0,-39.98524,76.0,0.0,39.52387,-56.0,-39.52387,-60.0,118.8792,79.20150000000001,8.0,-39.67766999999999,-100.0,23.80659,23.806600000000003,0.0,-15.871058999999999,-28.0
2961,event_002961.csv,0.0,39.98524,-100.0,0.0,-96.0,0.0,39.52387,-56.0,-39.52387,-100.0,138.71800000000002,59.36269999999999,-40.0,-59.51647000000001,-12.0,23.80659,23.806600000000003,0.0,-7.93553,-64.0
2962,event_002962.csv,0.0,39.98524,-32.0,0.0,-100.0,0.0,39.52387,-64.0,-39.52387,4.0,118.8792,79.20150000000001,-56.0,-39.67766999999999,-12.0,23.80659,23.806600000000003,0.0,-23.80659,-40.0
2963,event_002963.csv,0.0,39.98524,-88.0,-39.98524,-48.0,0.0,118.8792,108.0,-39.52387,80.0,118.8792,79.20150000000001,16.0,-39.67766999999999,160.0,23.80659,23.806600000000003,0.0,-7.93553,-64.0
2964,event_002964.csv,0.0,39.98524,-40.0,-39.98524,180.0,0.0,39.52387,-96.0,-39.52387,-52.0,118.8792,79.20150000000001,12.0,-39.67766999999999,-96.0,23.80659,23.806600000000003,0.0,-15.871058999999999,-52.0
2965,event_002965.csv,0.0,39.98524,-56.0,0.0,-100.0,0.0,39.52387,72.0,-39.52387,-92.0,118.8792,79.20150000000001,56.0,-39.67766999999999,-44.0,23.80659,23.806600000000003,0.0,-7.93553,-40.0
2966,event_002966.csv,0.0,39.98524,-48.0,0.0,-100.0,0.0,39.52387,0.0,-39.52387,-60.0,118.8792,79.20150000000001,-32.0,-79.35533,44.0,31.74213,15.871060000000003,0.0,-23.806599,-28.0
2967,event_002967.csv,0.0,39.98524,-72.0,-39.98524,-48.0,0.0,39.52387,-68.0,-39.52387,-64.0,118.8792,79.20150000000001,-24.0,-39.67766999999999,-96.0,23.80659,23.806600000000003,0.0,-15.871058999999999,-48.0
2968,event_002968.csv,0.0,39.98524,-96.0,0.0,-100.0,0.0,39.52387,-92.0,-39.52387,-60.0,118.8792,79.20150000000001,144.0,-39.67766999999999,-84.0,23.80659,23.806600000000003,0.0,-15.871058999999999,-36.0
2969,event_002969.csv,0.0,39.98524,-80.0,-39.98524,-100.0,0.0,39.52387,-100.0,-39.52387,-60.0,118.8792,79.20150000000001,16.0,-79.35533,-100.0,23.80659,23.806600000000003,0.0,-15.871058999999999,-8.0
2970,event_002970.csv,0.0,39.98524,-88.0,-39.98524,8.0,0.0,39.52387,-48.0,-39.52387,-92.0,118.8792,118.8792,-28.0,-79.35533,-56.0,23.80659,23.806600000000003,0.0,-15.871058999999999,-60.0
2971,event_002971.csv,0.0,39.98524,-100.0,0.0,-96.0,0.0,39.52387,-100.0,-39.52387,-72.0,138.71800000000002,138.71799999999996,12.0,-99.19413000000002,-80.0,23.80659,23.806600000000003,0.0,-15.871058999999999,24.0
2972,event_002972.csv,0.0,39.98524,-100.0,-39.98524,40.0,0.0,39.52387,-92.0,-39.52387,28.0,118.8792,118.8792,16.0,-158.40307,40.0,23.80659,31.742130000000003,0.0,-23.80659,16.0
2973,event_002973.csv,0.0,39.98524,-100.0,-39.98524,-12.0,0.0,39.52387,-96.0,-39.52387,-28.0,138.71800000000002,59.36269999999999,16.0,-59.51647000000001,32.0,23.80659,23.806600000000003,0.0,-7.93553,-52.0
2974,event_002974.csv,0.0,39.98524,-96.0,-39.98524,60.0,0.0,39.52387,-96.0,-39.52387,12.0,118.8792,118.8792,152.0,-79.35533,172.0,23.80659,23.806600000000003,0.0,-23.80659,-36.0
2975,event_002975.csv,0.0,39.98524,-64.0,-39.98524,40.0,0.0,39.52387,-88.0,-39.52387,-76.0,158.5568,79.20159999999998,16.0,-79.35527,-88.0,23.80659,23.806600000000003,0.0,-15.871058999999999,20.0
2976,event_002976.csv,0.0,39.98524,-92.0,-39.98524,-48.0,0.0,39.52387,4.0,-39.52387,-24.0,158.5568,79.20159999999998,52.0,-119.03293000000001,32.0,23.80659,23.806600000000003,0.0,-15.871058999999999,20.0
2977,event_002977.csv,0.0,39.98524,-80.0,-39.98524,28.0,0.0,79.20153,-96.0,-39.52387,28.0,118.8792,79.20150000000001,64.0,-39.67766999999999,-44.0,23.80659,23.806600000000003,0.0,-15.871058999999999,-28.0
2978,event_002978.csv,0.0,39.98524,-36.0,-39.98524,36.0,0.0,39.52387,-96.0,-39.52387,-12.0,118.8792,79.20150000000001,12.0,-79.35533,84.0,31.74213,15.871060000000003,0.0,-15.87107,68.0
2979,event_002979.csv,0.0,39.98524,-100.0,-39.98524,176.0,0.0,39.52387,-12.0,-39.52387,120.0,118.8792,79.20150000000001,56.0,-39.67766999999999,-100.0,23.80659,23.806600000000003,0.0,-15.871058999999999,-40.0
2980,event_002980.csv,0.0,39.98524,-76.0,0.0,-100.0,0.0,39.52387,-44.0,-39.52387,-88.0,118.8792,79.20150000000001,8.0,-79.35533,40.0,23.80659,23.806600000000003,0.0,-15.871058999999999,24.0
2981,event_002981.csv,0.0,39.98524,-92.0,-39.98524,24.0,0.0,39.52387,-88.0,0.0,-100.0,118.8792,118.8792,144.0,-39.67766999999999,-68.0,23.80659,23.806600000000003,0.0,-15.871058999999999,-36.0
2982,event_002982.csv,0.0,39.98524,-92.0,-39.98524,-36.0,0.0,39.52387,-40.0,-39.52387,-36.0,158.5568,79.20159999999998,108.0,-158.5568,140.0,31.74213,15.871060000000003,0.0,-15.87107,68.0
2983,event_002983.csv,0.0,39.98524,-80.0,-39.98524,-76.0,0.0,39.52387,-56.0,-39.52387,-84.0,118.8792,79.20150000000001,-8.0,-39.67766999999999,-48.0,23.80659,23.806600000000003,0.0,-7.93553,-36.0
2984,event_002984.csv,0.0,39.98524,-96.0,-39.98524,24.0,0.0,39.52387,-88.0,-39.52387,84.0,118.8792,79.20150000000001,-64.0,-39.67766999999999,-52.0,23.80659,23.806600000000003,0.0,-15.871058999999999,20.0
2985,event_002985.csv,0.0,39.98524,-92.0,-39.98524,-52.0,0.0,39.52387,-80.0,-39.52387,-36.0,118.8792,79.20150000000001,-80.0,-39.67766999999999,-12.0,23.80659,23.806600000000003,0.0,-15.871058999999999,-64.0
2986,event_002986.csv,0.0,39.98524,-76.0,0.0,-100.0,0.0,39.52387,-96.0,-39.52387,12.0,118.8792,118.8792,8.0,-79.35533,-12.0,23.80659,23.806600000000003,0.0,-15.871058999999999,-36.0
2987,event_002987.csv,0.0,79.97047,152.0,-39.98524,-84.0,0.0,39.52387,-100.0,0.0,-96.0,138.71800000000002,138.71799999999996,8.0,-138.71800000000002,-4.0,23.80659,23.806600000000003,0.0,-23.80659,-20.0
2988,event_002988.csv,0.0,39.98524,-100.0,0.0,-96.0,0.0,39.52387,-8.0,-39.52387,-36.0,118.8792,118.8792,24.0,-39.67766999999999,-92.0,23.80659,23.806600000000003,0.0,-7.93553,-40.0
2989,event_002989.csv,0.0,39.98524,-84.0,-39.98524,-28.0,0.0,39.52387,-64.0,-39.52387,-60.0,118.8792,79.20150000000001,-36.0,-79.35533,-12.0,31.74213,15.871060000000003,0.0,-15.87107,12.0
2990,event_002990.csv,0.0,39.98524,-56.0,-39.98524,52.0,0.0,39.52387,-8.0,-39.52387,-84.0,118.8792,118.8792,20.0,-79.35533,0.0,23.80659,23.806600000000003,0.0,-15.871058999999999,-8.0
2991,event_002991.csv,0.0,39.98524,-56.0,-39.98524,156.0,0.0,39.52387,-88.0,-39.52387,-100.0,118.8792,79.20150000000001,16.0,-39.67766999999999,-68.0,15.87106,31.742130000000003,0.0,-7.935529,-36.0
2992,event_002992.csv,0.0,39.98524,-48.0,0.0,-100.0,0.0,39.52387,12.0,-39.52387,-96.0,158.5568,39.5239,-52.0,-79.35527,-88.0,31.74213,15.871060000000003,0.0,-15.87107,-64.0
2993,event_002993.csv,0.0,39.98524,-100.0,0.0,-96.0,0.0,39.52387,-72.0,-39.52387,-36.0,118.8792,79.20150000000001,-56.0,-79.35533,-12.0,23.80659,23.806600000000003,0.0,-23.80659,20.0
2994,event_002994.csv,0.0,39.98524,-44.0,-39.98524,24.0,0.0,39.52387,-12.0,-39.52387,64.0,118.8792,79.20150000000001,-68.0,-79.35533,-12.0,23.80659,23.806600000000003,0.0,-15.871058999999999,-64.0
2995,event_002995.csv,0.0,39.98524,-80.0,-39.98524,108.0,0.0,39.52387,-80.0,-39.52387,76.0,118.8792,79.20150000000001,8.0,-39.67766999999999,-96.0,23.80659,23.806600000000003,0.0,-7.93553,-100.0
2996,event_002996.csv,0.0,39.98524,-32.0,-39.98524,28.0,0.0,39.52387,-56.0,-39.52387,-12.0,118.8792,79.20150000000001,148.0,-39.67766999999999,40.0,23.80659,23.806600000000003,0.0,-15.871058999999999,-36.0
2997,event_002997.csv,0.0,39.98524,-96.0,-39.98524,72.0,0.0,39.52387,-100.0,-39.52387,-88.0,158.5568,39.5239,12.0,-119.03293000000001,32.0,23.80659,23.806600000000003,0.0,-15.871058999999999,24.0
2998,event_002998.csv,0.0,39.98524,-60.0,-39.98524,112.0,0.0,79.20153,196.0,-39.52387,-40.0,158.5568,79.20159999999998,136.0,-119.03293000000001,40.0,23.80659,23.806600000000003,0.0,-7.93553,-88.0
2999,event_002999.csv,0.0,39.98524,-56.0,-39.98524,-84.0,0.0,39.52387,-80.0,-39.52387,-76.0,158.5568,79.20159999999998,140.0,-119.03293000000001,120.0,23.80659,23.806600000000003,0.0,-7.93553,-52.0
3000,event_003000.csv,0.0,39.98524,-92.0,-39.98524,0.0,0.0,39.52387,-88.0,-39.52387,-16.0,118.8792,79.20150000000001,-92.0,-39.67766999999999,-32.0,23.80659,23.806600000000003,0.0,-15.871058999999999,20.0
3001,event_003001.csv,0.0,39.98524,-88.0,-39.98524,-76.0,0.0,39.52387,-64.0,0.0,-100.0,118.8792,118.8792,32.0,-79.35533,-12.0,23.80659,23.806600000000003,0.0,-15.871058999999999,-52.0
3002,event_003002.csv,0.0,39.98524,-92.0,0.0,-100.0,0.0,39.52387,-56.0,-39.52387,12.0,118.8792,118.8792,-72.0,-79.35533,-84.0,31.74213,15.871060000000003,0.0,-15.87107,-68.0
3003,event_003003.csv,0.0,39.98524,-92.0,-39.98524,-72.0,0.0,39.52387,44.0,-39.52387,-48.0,118.8792,118.8792,156.0,-39.67766999999999,-56.0,23.80659,23.806600000000003,0.0,-15.871058999999999,20.0
3004,event_003004.csv,0.0,39.98524,-100.0,-39.98524,-88.0,0.0,39.52387,-76.0,-39.52387,64.0,118.8792,79.20150000000001,-32.0,-39.67766999999999,-48.0,23.80659,23.806600000000003,0.0,-7.93553,-56.0
3005,event_003005.csv,0.0,39.98524,-100.0,-39.98524,16.0,0.0,39.52387,-100.0,-39.52387,-72.0,118.8792,79.20150000000001,4.0,-39.67766999999999,-12.0,23.80659,23.806600000000003,0.0,-15.871058999999999,-40.0
3006,event_003006.csv,0.0,39.98524,-92.0,0.0,-100.0,0.0,39.52387,-8.0,-39.52387,-44.0,118.8792,118.8792,192.0,-39.67766999999999,-68.0,23.80659,23.806600000000003,0.0,-15.871058999999999,-36.0
3007,event_003007.csv,0.0,39.98524,-96.0,-39.98524,56.0,0.0,39.52387,-4.0,-39.52387,-80.0,118.8792,79.20150000000001,140.0,-39.67766999999999,-96.0,23.80659,23.806600000000003,0.0,-7.93553,-64.0
3008,event_003008.csv,0.0,39.98524,-88.0,-39.98524,-100.0,0.0,39.52387,-72.0,-39.52387,-100.0,118.8792,79.20150000000001,20.0,-39.67766999999999,-56.0,15.87106,31.742130000000003,0.0,-15.87106,-36.0
3009,event_003009.csv,0.0,39.98524,-96.0,-39.98524,-52.0,0.0,79.20153,164.0,-39.52387,-92.0,118.8792,118.8792,-80.0,-79.35533,-60.0,23.80659,23.806600000000003,0.0,-23.80659,20.0
3010,event_003010.csv,0.0,39.98524,-76.0,-39.98524,-84.0,0.0,39.52387,-72.0,-39.52387,-68.0,158.5568,39.5239,-96.0,-79.35527,-56.0,15.87106,31.742130000000003,0.0,-7.935529,-28.0
3011,event_003011.csv,0.0,39.98524,-92.0,0.0,-100.0,0.0,39.52387,-84.0,-39.52387,-32.0,118.8792,79.20150000000001,12.0,-79.35533,80.0,23.80659,23.806600000000003,0.0,-15.871058999999999,28.0
3012,event_003012.csv,0.0,39.98524,-88.0,-39.98524,44.0,0.0,39.52387,-48.0,-39.52387,-92.0,158.5568,39.5239,16.0,-119.03293000000001,168.0,23.80659,23.806600000000003,0.0,-15.871058999999999,-8.0
3013,event_003013.csv,0.0,39.98524,-80.0,-39.98524,92.0,0.0,39.52387,-56.0,-39.52387,-100.0,118.8792,79.20150000000001,-80.0,-79.35533,-8.0,23.80659,23.806600000000003,0.0,-15.871058999999999,-40.0
3014,event_003014.csv,0.0,39.98524,-80.0,0.0,-100.0,0.0,39.52387,-56.0,-39.52387,-92.0,118.8792,79.20150000000001,20.0,-39.67766999999999,-4.0,23.80659,23.806600000000003,0.0,-7.93553,-52.0
3015,event_003015.csv,0.0,39.98524,-96.0,-39.98524,44.0,0.0,39.52387,-72.0,-39.52387,-60.0,158.5568,39.5239,16.0,-119.03293000000001,-4.0,23.80659,23.806600000000003,0.0,-15.871058999999999,20.0
3016,event_003016.csv,0.0,39.98524,-80.0,-39.98524,76.0,0.0,39.52387,-88.0,-39.52387,-44.0,118.8792,79.20150000000001,8.0,-39.67766999999999,-4.0,23.80659,23.806600000000003,0.0,-7.93553,-64.0
3017,event_003017.csv,0.0,39.98524,-72.0,0.0,-100.0,0.0,39.52387,-96.0,-39.52387,-68.0,118.8792,118.8792,152.0,-39.67766999999999,-20.0,23.80659,23.806600000000003,0.0,-23.80659,-36.0
3018,event_003018.csv,0.0,39.98524,-60.0,0.0,-100.0,0.0,39.52387,-12.0,-39.52387,-96.0,118.8792,79.20150000000001,8.0,-39.67766999999999,-64.0,31.74213,15.871060000000003,0.0,-15.87107,-40.0
3019,event_003019.csv,0.0,39.98524,-76.0,-39.98524,-100.0,0.0,39.52387,-72.0,-39.52387,-84.0,118.8792,79.20150000000001,32.0,-79.35533,4.0,23.80659,23.806600000000003,0.0,-7.93553,-36.0
3020,event_003020.csv,0.0,39.98524,-32.0,-39.98524,-84.0,0.0,39.52387,56.0,-39.52387,-60.0,118.8792,79.20150000000001,16.0,-39.67766999999999,-68.0,23.80659,23.806600000000003,0.0,-23.80659,-28.0
3021,event_003021.csv,0.0,39.98524,-68.0,-39.98524,-44.0,0.0,39.52387,-80.0,-39.52387,-4.0,118.8792,79.20150000000001,104.0,-39.67766999999999,-76.0,23.80659,23.806600000000003,0.0,-15.871058999999999,20.0
3022,event_003022.csv,0.0,39.98524,-96.0,-39.98524,-60.0,0.0,39.52387,-32.0,-39.52387,-68.0,118.8792,79.20150000000001,-40.0,-39.67766999999999,-92.0,23.80659,23.806600000000003,0.0,-23.80659,20.0
3023,event_003023.csv,0.0,39.98524,-92.0,0.0,-100.0,0.0,39.52387,-92.0,-39.52387,-88.0,118.8792,79.20150000000001,-60.0,-79.35533,40.0,23.80659,23.806600000000003,0.0,-15.871058999999999,24.0
3024,event_003024.csv,0.0,39.98524,-68.0,-39.98524,56.0,0.0,39.52387,-84.0,-39.52387,-16.0,118.8792,79.20150000000001,-28.0,-39.67766999999999,-56.0,23.80659,23.806600000000003,0.0,-23.80659,-24.0
3025,event_003025.csv,0.0,39.98524,-96.0,-39.98524,-52.0,0.0,39.52387,-100.0,-39.52387,12.0,118.8792,79.20150000000001,96.0,-39.67766999999999,-52.0,15.87106,31.742130000000003,0.0,-7.935529,-40.0
3026,event_003026.csv,0.0,39.98524,-72.0,-39.98524,132.0,0.0,39.52387,-72.0,-39.52387,4.0,118.8792,79.20150000000001,-72.0,-79.35533,-92.0,15.87106,31.742130000000003,0.0,-15.87106,-36.0
3027,event_003027.csv,0.0,79.97047,132.0,-39.98524,24.0,0.0,79.20153,116.0,-39.52387,-88.0,158.5568,39.5239,60.0,-79.35527,-88.0,23.80659,23.806600000000003,0.0,-15.871058999999999,-40.0
3028,event_003028.csv,0.0,39.98524,-96.0,0.0,-100.0,0.0,39.52387,-80.0,-39.52387,-92.0,118.8792,79.20150000000001,144.0,-39.67766999999999,-20.0,23.80659,23.806600000000003,0.0,-15.871058999999999,-28.0
3029,event_003029.csv,0.0,39.98524,-56.0,-39.98524,-36.0,0.0,39.52387,-88.0,0.0,-100.0,118.8792,118.8792,76.0,-79.35533,92.0,23.80659,23.806600000000003,0.0,-15.871058999999999,172.0
3030,event_003030.csv,0.0,39.98524,-96.0,-39.98524,-4.0,0.0,39.52387,-88.0,-39.52387,20.0,118.8792,118.8792,16.0,-118.8792,-4.0,23.80659,23.806600000000003,0.0,-15.871058999999999,20.0
3031,event_003031.csv,0.0,39.98524,-96.0,0.0,-100.0,0.0,39.52387,-52.0,-39.52387,-56.0,118.8792,79.20150000000001,140.0,-39.67766999999999,-72.0,23.80659,23.806600000000003,0.0,-7.93553,-52.0
3032,event_003032.csv,0.0,39.98524,-92.0,-39.98524,24.0,0.0,39.52387,-100.0,-39.52387,72.0,158.5568,39.5239,-84.0,-79.35527,-24.0,23.80659,23.806600000000003,0.0,-15.871058999999999,16.0
3033,event_003033.csv,0.0,39.98524,-88.0,-39.98524,-100.0,0.0,39.52387,-80.0,-39.52387,36.0,118.8792,79.20150000000001,16.0,-39.67766999999999,-92.0,15.87106,31.742130000000003,0.0,-23.806591,-40.0
3034,event_003034.csv,0.0,39.98524,-64.0,-39.98524,-84.0,0.0,39.52387,40.0,-39.52387,-84.0,118.8792,79.20150000000001,20.0,-39.67766999999999,-4.0,23.80659,23.806600000000003,0.0,-7.93553,-48.0
3035,event_003035.csv,0.0,39.98524,-100.0,0.0,-96.0,0.0,39.52387,-92.0,-39.52387,-64.0,158.5568,39.5239,-52.0,-119.03293000000001,40.0,15.87106,31.742130000000003,0.0,-7.935529,-40.0
3036,event_003036.csv,0.0,39.98524,-80.0,0.0,-100.0,0.0,39.52387,-88.0,-39.52387,-92.0,158.5568,39.5239,-64.0,-79.35527,-76.0,23.80659,23.806600000000003,0.0,-7.93553,-52.0
3037,event_003037.csv,0.0,39.98524,-92.0,-39.98524,-68.0,0.0,39.52387,-72.0,-39.52387,196.0,118.8792,79.20150000000001,192.0,-39.67766999999999,24.0,23.80659,23.806600000000003,0.0,-7.93553,4.0
3038,event_003038.csv,0.0,39.98524,-8.0,-39.98524,-52.0,0.0,39.52387,96.0,-39.52387,-100.0,118.8792,79.20150000000001,8.0,-79.35533,36.0,23.80659,23.806600000000003,0.0,-15.871058999999999,20.0
3039,event_003039.csv,0.0,39.98524,-88.0,-39.98524,4.0,0.0,39.52387,-96.0,-39.52387,108.0,118.8792,79.20150000000001,-40.0,-39.67766999999999,-96.0,31.74213,15.871060000000003,0.0,-15.87107,-64.0
3040,event_003040.csv,0.0,39.98524,-80.0,-39.98524,-100.0,0.0,39.52387,-96.0,-39.52387,-28.0,118.8792,79.20150000000001,56.0,-39.67766999999999,-48.0,23.80659,23.806600000000003,0.0,-15.871058999999999,32.0
3041,event_003041.csv,0.0,39.98524,-92.0,-39.98524,124.0,0.0,39.52387,-24.0,-39.52387,-68.0,118.8792,79.20150000000001,-76.0,-39.67766999999999,-56.0,23.80659,23.806600000000003,0.0,-15.871058999999999,-52.0
3042,event_003042.csv,0.0,39.98524,-100.0,0.0,-96.0,0.0,79.20153,64.0,-39.52387,44.0,118.8792,79.20150000000001,8.0,-39.67766999999999,-96.0,23.80659,23.806600000000003,0.0,-23.80659,20.0
3043,event_003043.csv,0.0,39.98524,-84.0,-39.98524,8.0,0.0,39.52387,-84.0,-39.52387,-80.0,118.8792,79.20150000000001,12.0,-39.67766999999999,-88.0,23.80659,23.806600000000003,0.0,-15.871058999999999,-40.0
3044,event_003044.csv,0.0,39.98524,-84.0,0.0,-100.0,0.0,39.52387,-72.0,-39.52387,-68.0,118.8792,79.20150000000001,148.0,-39.67766999999999,-60.0,23.80659,23.806600000000003,0.0,-15.871058999999999,-40.0
3045,event_003045.csv,0.0,39.98524,-92.0,-39.98524,-68.0,0.0,39.52387,-56.0,-39.52387,28.0,118.8792,158.55679999999998,104.0,-118.8792,28.0,15.87106,31.742130000000003,0.0,-15.87106,20.0
3046,event_003046.csv,0.0,39.98524,-80.0,-39.98524,-100.0,0.0,39.52387,-72.0,-39.52387,-92.0,118.8792,79.20150000000001,-64.0,-79.35533,-8.0,23.80659,23.806600000000003,0.0,-7.93553,-20.0
3047,event_003047.csv,0.0,39.98524,-40.0,-39.98524,100.0,0.0,39.52387,-80.0,-39.52387,-28.0,118.8792,79.20150000000001,-40.0,-39.67766999999999,-4.0,23.80659,23.806600000000003,0.0,-15.871058999999999,-28.0
3048,event_003048.csv,0.0,39.98524,-40.0,-39.98524,20.0,0.0,39.52387,-4.0,-39.52387,-92.0,118.8792,79.20150000000001,184.0,-39.67766999999999,-92.0,31.74213,15.871060000000003,0.0,-15.87107,-20.0
3049,event_003049.csv,0.0,39.98524,-92.0,0.0,-100.0,0.0,39.52387,-64.0,-39.52387,-92.0,158.5568,39.5239,4.0,-79.35527,52.0,23.80659,23.806600000000003,0.0,-15.871058999999999,8.0
3050,event_003050.csv,0.0,39.98524,-88.0,0.0,-100.0,0.0,39.52387,-88.0,-39.52387,-20.0,158.5568,39.5239,-40.0,-79.35527,-12.0,23.80659,23.806600000000003,0.0,-15.871058999999999,-40.0
3051,event_003051.csv,0.0,79.97047,80.0,-39.98524,-76.0,0.0,39.52387,-96.0,-39.52387,-68.0,118.8792,118.8792,24.0,-118.8792,0.0,23.80659,23.806600000000003,0.0,-15.871058999999999,-20.0
3052,event_003052.csv,0.0,39.98524,-84.0,0.0,-100.0,0.0,39.52387,-80.0,-39.52387,-52.0,118.8792,118.8792,8.0,-79.35533,92.0,23.80659,23.806600000000003,0.0,-15.871058999999999,4.0
3053,event_003053.csv,0.0,39.98524,-16.0,-39.98524,-60.0,0.0,39.52387,-64.0,-39.52387,-52.0,158.5568,39.5239,-88.0,-119.03293000000001,-12.0,23.80659,23.806600000000003,0.0,-15.871058999999999,36.0
3054,event_003054.csv,0.0,39.98524,-80.0,-39.98524,-36.0,0.0,39.52387,-24.0,-39.52387,-28.0,158.5568,79.20159999999998,144.0,-79.35527,40.0,23.80659,23.806600000000003,0.0,-23.80659,20.0
3055,event_003055.csv,0.0,79.97047,132.0,0.0,-100.0,0.0,39.52387,-52.0,-39.52387,-80.0,118.8792,79.20150000000001,-40.0,-39.67766999999999,-24.0,23.80659,23.806600000000003,0.0,-7.93553,-64.0
3056,event_003056.csv,0.0,39.98524,-92.0,-39.98524,-100.0,0.0,39.52387,-88.0,-39.52387,-84.0,118.8792,79.20150000000001,16.0,-39.67766999999999,-12.0,23.80659,23.806600000000003,0.0,-15.871058999999999,20.0
3057,event_003057.csv,0.0,39.98524,-100.0,0.0,-96.0,0.0,39.52387,-88.0,-39.52387,-68.0,118.8792,79.20150000000001,-80.0,-39.67766999999999,168.0,23.80659,23.806600000000003,0.0,-15.871058999999999,-36.0
3058,event_003058.csv,0.0,39.98524,-88.0,-39.98524,-44.0,0.0,39.52387,-48.0,-39.52387,-92.0,118.8792,118.8792,8.0,-39.67766999999999,-12.0,23.80659,23.806600000000003,0.0,-15.871058999999999,-36.0
3059,event_003059.csv,0.0,39.98524,-96.0,-39.98524,108.0,0.0,39.52387,-96.0,-39.52387,-76.0,158.5568,39.5239,16.0,-119.03293000000001,172.0,23.80659,23.806600000000003,0.0,-15.871058999999999,8.0
3060,event_003060.csv,0.0,39.98524,-88.0,0.0,-100.0,0.0,39.52387,140.0,-39.52387,-72.0,118.8792,158.55679999999998,20.0,-118.8792,-8.0,15.87106,31.742130000000003,0.0,-23.806591,24.0
3061,event_003061.csv,0.0,39.98524,-64.0,-39.98524,108.0,0.0,39.52387,-72.0,-39.52387,-100.0,118.8792,79.20150000000001,-40.0,-39.67766999999999,-20.0,23.80659,23.806600000000003,0.0,-15.871058999999999,-48.0
3062,event_003062.csv,0.0,79.97047,-12.0,-39.98524,60.0,0.0,39.52387,-96.0,-39.52387,-92.0,118.8792,79.20150000000001,-80.0,-39.67766999999999,-8.0,23.80659,23.806600000000003,0.0,-15.871058999999999,20.0
3063,event_003063.csv,0.0,39.98524,-96.0,-39.98524,92.0,0.0,39.52387,-96.0,-39.52387,-36.0,118.8792,79.20150000000001,-96.0,-79.35533,-4.0,23.80659,23.806600000000003,0.0,-15.871058999999999,-36.0
3064,event_003064.csv,0.0,39.98524,-92.0,0.0,-100.0,0.0,39.52387,-24.0,-39.52387,-100.0,118.8792,79.20150000000001,-48.0,-39.67766999999999,44.0,23.80659,23.806600000000003,0.0,-15.871058999999999,20.0
3065,event_003065.csv,0.0,39.98524,-56.0,-39.98524,52.0,0.0,39.52387,-96.0,-39.52387,-100.0,118.8792,436.14660000000003,80.0,-39.67766999999999,-100.0,23.80659,23.806600000000003,0.0,-15.871058999999999,-36.0
3066,event_003066.csv,0.0,39.98524,-96.0,0.0,-100.0,0.0,39.52387,-64.0,-39.52387,-92.0,118.8792,79.20150000000001,-76.0,-39.67766999999999,-100.0,23.80659,23.806600000000003,0.0,-15.871058999999999,8.0
3067,event_003067.csv,0.0,39.98524,-100.0,-39.98524,132.0,0.0,39.52387,-80.0,-39.52387,-100.0,118.8792,79.20150000000001,-72.0,-79.35533,-48.0,23.80659,23.806600000000003,0.0,-23.80659,-60.0
3068,event_003068.csv,0.0,39.98524,-80.0,0.0,-100.0,0.0,39.52387,-48.0,-39.52387,84.0,118.8792,79.20150000000001,-72.0,-79.35533,-52.0,23.80659,23.806600000000003,0.0,-7.93553,-68.0
3069,event_003069.csv,0.0,39.98524,-40.0,0.0,-100.0,0.0,39.52387,-100.0,-39.52387,-28.0,118.8792,79.20150000000001,-40.0,-39.67766999999999,-60.0,23.80659,23.806600000000003,0.0,-7.93553,-64.0
3070,event_003070.csv,0.0,39.98524,-76.0,-39.98524,64.0,0.0,39.52387,-36.0,-39.52387,-88.0,118.8792,79.20150000000001,-40.0,-79.35533,120.0,23.80659,23.806600000000003,0.0,-15.871058999999999,-36.0
3071,event_003071.csv,0.0,79.97047,-76.0,0.0,-100.0,0.0,39.52387,-100.0,-39.52387,0.0,118.8792,79.20150000000001,12.0,-79.35533,40.0,23.80659,23.806600000000003,0.0,-23.80659,28.0
3072,event_003072.csv,0.0,39.98524,28.0,-39.98524,16.0,0.0,39.52387,-96.0,-39.52387,-84.0,118.8792,79.20150000000001,144.0,-39.67766999999999,-60.0,23.80659,23.806600000000003,0.0,-15.871058999999999,-36.0
3073,event_003073.csv,0.0,39.98524,-96.0,0.0,-100.0,0.0,39.52387,-96.0,-39.52387,-52.0,138.71800000000002,99.04039999999998,76.0,-59.51647000000001,-60.0,23.80659,23.806600000000003,0.0,-15.871058999999999,20.0
3074,event_003074.csv,0.0,39.98524,-80.0,-39.98524,-84.0,0.0,39.52387,-80.0,-39.52387,-84.0,158.5568,39.5239,-16.0,-119.03293000000001,28.0,23.80659,23.806600000000003,0.0,-15.871058999999999,20.0
3075,event_003075.csv,0.0,39.98524,-40.0,0.0,-100.0,0.0,39.52387,-72.0,-39.52387,-100.0,118.8792,79.20150000000001,-48.0,-39.67766999999999,-4.0,23.80659,23.806600000000003,0.0,-15.871058999999999,28.0
3076,event_003076.csv,0.0,39.98524,-80.0,-39.98524,28.0,0.0,39.52387,-56.0,-39.52387,-76.0,118.8792,79.20150000000001,-80.0,-39.67766999999999,-100.0,23.80659,23.806600000000003,0.0,-7.93553,-72.0
3077,event_003077.csv,0.0,39.98524,-96.0,-39.98524,-52.0,0.0,39.52387,-72.0,-39.52387,-92.0,118.8792,79.20150000000001,16.0,-39.67766999999999,-20.0,23.80659,23.806600000000003,0.0,-15.871058999999999,20.0
3078,event_003078.csv,0.0,39.98524,-92.0,0.0,-100.0,0.0,39.52387,-64.0,-39.52387,52.0,118.8792,79.20150000000001,104.0,-39.67766999999999,-68.0,23.80659,23.806600000000003,0.0,-15.871058999999999,20.0
3079,event_003079.csv,0.0,39.98524,-88.0,-39.98524,-92.0,0.0,39.52387,-40.0,-39.52387,-92.0,118.8792,79.20150000000001,16.0,-39.67766999999999,-12.0,23.80659,23.806600000000003,0.0,-15.871058999999999,-40.0
3080,event_003080.csv,0.0,39.98524,-96.0,0.0,-100.0,0.0,79.20153,52.0,-39.52387,-48.0,118.8792,79.20150000000001,28.0,-39.67766999999999,-88.0,23.80659,23.806600000000003,0.0,-7.93553,-40.0
3081,event_003081.csv,0.0,39.98524,-96.0,-39.98524,-52.0,0.0,39.52387,8.0,-39.52387,-12.0,158.5568,39.5239,48.0,-79.35527,-100.0,23.80659,23.806600000000003,0.0,-7.93553,-52.0
3082,event_003082.csv,0.0,39.98524,-84.0,-39.98524,-96.0,0.0,79.20153,144.0,-39.52387,-84.0,118.8792,79.20150000000001,-40.0,-79.35533,-12.0,23.80659,23.806600000000003,0.0,-15.871058999999999,-40.0
3083,event_003083.csv,0.0,39.98524,-88.0,-39.98524,-52.0,0.0,39.52387,-48.0,-39.52387,-92.0,138.71800000000002,19.838799999999992,-96.0,-59.51647000000001,-100.0,23.80659,23.806600000000003,0.0,-7.93553,-64.0
3084,event_003084.csv,0.0,39.98524,-76.0,-39.98524,-36.0,0.0,39.52387,24.0,-39.52387,-100.0,118.8792,79.20150000000001,4.0,-79.35533,-84.0,31.74213,15.871060000000003,0.0,-15.87107,16.0
3085,event_003085.csv,0.0,39.98524,-100.0,-39.98524,88.0,0.0,39.52387,-100.0,-39.52387,-96.0,118.8792,79.20150000000001,68.0,-39.67766999999999,-8.0,23.80659,23.806600000000003,0.0,-15.871058999999999,4.0
3086,event_003086.csv,0.0,39.98524,-96.0,-39.98524,140.0,0.0,39.52387,-56.0,-39.52387,-36.0,118.8792,79.20150000000001,8.0,-79.35533,-12.0,23.80659,31.742130000000003,0.0,-7.93553,-64.0
3087,event_003087.csv,0.0,39.98524,-44.0,-39.98524,12.0,0.0,79.20153,-56.0,-39.52387,36.0,118.8792,79.20150000000001,68.0,-39.67766999999999,-100.0,23.80659,23.806600000000003,0.0,-15.871058999999999,-36.0
3088,event_003088.csv,0.0,39.98524,-64.0,-39.98524,4.0,0.0,39.52387,-24.0,-39.52387,84.0,118.8792,39.67760000000001,-100.0,-39.67766999999999,-80.0,23.80659,23.806600000000003,0.0,-15.871058999999999,-36.0
3089,event_003089.csv,0.0,39.98524,-80.0,0.0,-100.0,0.0,39.52387,-96.0,-39.52387,-92.0,118.8792,79.20150000000001,-48.0,-39.67766999999999,-4.0,23.80659,23.806600000000003,0.0,-15.871058999999999,-36.0
3090,event_003090.csv,0.0,39.98524,-88.0,-39.98524,-100.0,0.0,39.52387,-72.0,-39.52387,-76.0,118.8792,118.8792,-40.0,-39.67766999999999,-8.0,23.80659,23.806600000000003,0.0,-23.80659,20.0
3091,event_003091.csv,0.0,39.98524,-96.0,0.0,-100.0,0.0,39.52387,-64.0,0.0,-100.0,118.8792,79.20150000000001,16.0,-39.67766999999999,-24.0,23.80659,23.806600000000003,0.0,-15.871058999999999,-52.0
3092,event_003092.csv,0.0,39.98524,-72.0,-39.98524,116.0,0.0,39.52387,-56.0,-39.52387,-68.0,118.8792,79.20150000000001,-40.0,-39.67766999999999,164.0,23.80659,23.806600000000003,0.0,-15.871058999999999,-36.0
3093,event_003093.csv,0.0,39.98524,-96.0,-39.98524,44.0,0.0,39.52387,-96.0,-39.52387,-68.0,118.8792,79.20150000000001,-88.0,-39.67766999999999,-12.0,23.80659,23.806600000000003,0.0,-7.93553,-64.0
3094,event_003094.csv,0.0,39.98524,-68.0,0.0,-100.0,0.0,79.20153,52.0,0.0,-100.0,118.8792,79.20150000000001,-100.0,-39.67766999999999,-56.0,23.80659,23.806600000000003,0.0,-15.871058999999999,-40.0
3095,event_003095.csv,0.0,39.98524,-96.0,0.0,-100.0,0.0,39.52387,-56.0,-39.52387,-100.0,138.71800000000002,99.04039999999998,168.0,-99.19413000000002,132.0,31.74213,15.871060000000003,0.0,-15.87107,-84.0
3096,event_003096.csv,0.0,39.98524,-96.0,-39.98524,-100.0,0.0,39.52387,-88.0,-39.52387,-92.0,118.8792,118.8792,16.0,-39.67766999999999,-52.0,23.80659,23.806600000000003,0.0,-15.871058999999999,-36.0
3097,event_003097.csv,0.0,39.98524,-96.0,0.0,-100.0,0.0,39.52387,-72.0,-39.52387,-100.0,118.8792,79.20150000000001,-84.0,-39.67766999999999,-100.0,23.80659,23.806600000000003,0.0,-23.80659,-24.0
3098,event_003098.csv,0.0,39.98524,-76.0,0.0,-100.0,0.0,39.52387,-44.0,-39.52387,-64.0,118.8792,79.20150000000001,20.0,-39.67766999999999,-8.0,23.80659,23.806600000000003,0.0,-7.93553,-64.0
3099,event_003099.csv,0.0,39.98524,-84.0,-39.98524,-40.0,0.0,39.52387,-100.0,-39.52387,16.0,118.8792,79.20150000000001,8.0,-39.67766999999999,-92.0,23.80659,23.806600000000003,0.0,-15.871058999999999,-40.0
3100,event_003100.csv,0.0,39.98524,-100.0,-39.98524,-32.0,0.0,39.52387,-20.0,-39.52387,-88.0,158.5568,39.5239,20.0,-119.03293000000001,80.0,23.80659,23.806600000000003,0.0,-7.93553,-8.0
3101,event_003101.csv,0.0,39.98524,-56.0,-39.98524,112.0,0.0,39.52387,-68.0,-39.52387,-64.0,118.8792,79.20150000000001,-28.0,-39.67766999999999,-80.0,23.80659,23.806600000000003,0.0,-15.871058999999999,76.0
3102,event_003102.csv,0.0,39.98524,-72.0,-39.98524,20.0,0.0,39.52387,-96.0,-39.52387,-44.0,118.8792,79.20150000000001,8.0,-79.35533,36.0,31.74213,15.871060000000003,0.0,-15.87107,12.0
3103,event_003103.csv,0.0,39.98524,-100.0,0.0,-92.0,0.0,39.52387,-96.0,-39.52387,-100.0,118.8792,79.20150000000001,8.0,-79.35533,36.0,23.80659,23.806600000000003,0.0,-7.93553,-76.0
3104,event_003104.csv,0.0,39.98524,-80.0,0.0,-100.0,0.0,39.52387,-84.0,-39.52387,-36.0,158.5568,39.5239,-40.0,-119.03293000000001,-12.0,23.80659,23.806600000000003,0.0,-15.871058999999999,20.0
3105,event_003105.csv,0.0,39.98524,-88.0,0.0,-100.0,0.0,39.52387,-72.0,-39.52387,-68.0,118.8792,79.20150000000001,-88.0,-79.35533,-60.0,23.80659,23.806600000000003,0.0,-7.93553,-64.0
3106,event_003106.csv,0.0,39.98524,-92.0,-39.98524,140.0,0.0,39.52387,-96.0,-39.52387,-100.0,118.8792,79.20150000000001,-96.0,-79.35533,124.0,15.87106,31.742130000000003,0.0,-15.87106,-36.0
3107,event_003107.csv,0.0,39.98524,-60.0,-39.98524,64.0,0.0,39.52387,-84.0,-39.52387,48.0,118.8792,79.20150000000001,148.0,-39.67766999999999,32.0,31.74213,15.871060000000003,0.0,-15.87107,-36.0
3108,event_003108.csv,0.0,39.98524,-96.0,0.0,-100.0,0.0,39.52387,-76.0,-39.52387,-88.0,118.8792,118.8792,-16.0,-79.35533,-40.0,31.74213,15.871060000000003,0.0,-15.87107,-16.0
3109,event_003109.csv,0.0,39.98524,-88.0,-39.98524,148.0,0.0,39.52387,-56.0,-39.52387,-76.0,118.8792,118.8792,140.0,-39.67766999999999,-92.0,23.80659,23.806600000000003,0.0,-7.93553,-60.0
3110,event_003110.csv,0.0,39.98524,-96.0,-39.98524,88.0,0.0,39.52387,-88.0,-39.52387,-20.0,118.8792,118.8792,16.0,-79.35533,124.0,23.80659,23.806600000000003,0.0,-15.871058999999999,20.0
3111,event_003111.csv,0.0,39.98524,-72.0,-39.98524,-44.0,0.0,39.52387,-80.0,-39.52387,-36.0,118.8792,79.20150000000001,-40.0,-39.67766999999999,-44.0,23.80659,23.806600000000003,0.0,-7.93553,-52.0
3112,event_003112.csv,0.0,39.98524,-64.0,-39.98524,140.0,0.0,39.52387,-24.0,-39.52387,-76.0,118.8792,317.1137,-16.0,-39.67766999999999,-40.0,31.74213,15.871060000000003,0.0,-15.87107,-20.0
3113,event_003113.csv,0.0,39.98524,-60.0,-39.98524,-24.0,0.0,39.52387,-52.0,-39.52387,-96.0,118.8792,79.20150000000001,-68.0,-79.35533,168.0,23.80659,23.806600000000003,0.0,-15.871058999999999,-40.0
3114,event_003114.csv,0.0,39.98524,-76.0,0.0,-100.0,0.0,39.52387,-64.0,-39.52387,-44.0,158.5568,39.5239,-40.0,-79.35527,-36.0,23.80659,23.806600000000003,0.0,-7.93553,-92.0
3115,event_003115.csv,0.0,39.98524,-32.0,0.0,-100.0,0.0,39.52387,-48.0,-39.52387,-28.0,118.8792,79.20150000000001,16.0,-39.67766999999999,-56.0,23.80659,23.806600000000003,0.0,-15.871058999999999,-40.0
3116,event_003116.csv,0.0,39.98524,-84.0,0.0,-100.0,0.0,39.52387,-100.0,-39.52387,-88.0,158.5568,39.5239,108.0,-79.35527,-96.0,23.80659,23.806600000000003,0.0,-15.871058999999999,16.0
3117,event_003117.csv,0.0,39.98524,-88.0,-39.98524,-28.0,0.0,39.52387,-80.0,-39.52387,-68.0,118.8792,79.20150000000001,24.0,-39.67766999999999,-92.0,23.80659,23.806600000000003,0.0,-15.871058999999999,-68.0
3118,event_003118.csv,0.0,39.98524,-48.0,-39.98524,108.0,0.0,39.52387,-16.0,-39.52387,-100.0,118.8792,79.20150000000001,-80.0,-79.35533,76.0,23.80659,23.806600000000003,0.0,-15.871058999999999,24.0
3119,event_003119.csv,0.0,39.98524,-88.0,0.0,-100.0,0.0,39.52387,56.0,-39.52387,-92.0,118.8792,118.8792,-24.0,-79.35533,-44.0,27.77436,19.83883,0.0,-11.903300000000002,-24.0
3120,event_003120.csv,0.0,39.98524,-80.0,-39.98524,-20.0,0.0,79.20153,-56.0,-39.52387,28.0,118.8792,158.55679999999998,64.0,-79.35533,44.0,23.80659,23.806600000000003,0.0,-7.93553,-92.0
3121,event_003121.csv,0.0,39.98524,-76.0,0.0,-100.0,0.0,39.52387,-92.0,-39.52387,168.0,118.8792,79.20150000000001,20.0,-39.67766999999999,-48.0,23.80659,23.806600000000003,0.0,-7.93553,-64.0
3122,event_003122.csv,0.0,39.98524,-80.0,0.0,-100.0,0.0,39.52387,-88.0,-39.52387,60.0,118.8792,79.20150000000001,140.0,-39.67766999999999,-96.0,23.80659,23.806600000000003,0.0,-15.871058999999999,-36.0
3123,event_003123.csv,0.0,39.98524,-92.0,-39.98524,72.0,0.0,39.52387,-76.0,-39.52387,-72.0,118.8792,79.20150000000001,20.0,-79.35533,-8.0,31.74213,15.871060000000003,0.0,-23.806599,-28.0
3124,event_003124.csv,0.0,39.98524,-96.0,0.0,-100.0,0.0,39.52387,-96.0,0.0,-100.0,118.8792,79.20150000000001,144.0,-39.67766999999999,-100.0,23.80659,23.806600000000003,0.0,-15.871058999999999,-36.0
3125,event_003125.csv,0.0,39.98524,-68.0,-39.98524,-92.0,0.0,39.52387,-72.0,-39.52387,-60.0,118.8792,79.20150000000001,144.0,-79.35533,36.0,15.87106,31.742130000000003,0.0,-7.935529,-60.0
3126,event_003126.csv,0.0,39.98524,-40.0,0.0,-100.0,0.0,39.52387,-72.0,-39.52387,-76.0,118.8792,79.20150000000001,-48.0,-39.67766999999999,56.0,31.74213,15.871060000000003,0.0,-15.87107,-28.0
3127,event_003127.csv,0.0,39.98524,-100.0,0.0,-96.0,0.0,79.20153,80.0,-39.52387,-100.0,158.5568,39.5239,-4.0,-79.35527,36.0,23.80659,23.806600000000003,0.0,-15.871058999999999,-40.0
3128,event_003128.csv,0.0,39.98524,-80.0,0.0,-100.0,0.0,39.52387,36.0,-39.52387,28.0,118.8792,158.55679999999998,148.0,-79.35533,80.0,23.80659,23.806600000000003,0.0,-15.871058999999999,-40.0
3129,event_003129.csv,0.0,39.98524,-92.0,-39.98524,-72.0,0.0,39.52387,-52.0,-39.52387,-64.0,118.8792,317.1137,140.0,-39.67766999999999,-24.0,23.80659,23.806600000000003,0.0,-15.871058999999999,20.0
3130,event_003130.csv,0.0,39.98524,-80.0,-39.98524,200.0,0.0,39.52387,-80.0,-39.52387,-100.0,158.5568,79.20159999999998,152.0,-79.35527,-12.0,23.80659,23.806600000000003,0.0,-15.871058999999999,-40.0
3131,event_003131.csv,0.0,39.98524,-100.0,-39.98524,68.0,0.0,39.52387,-16.0,-39.52387,-84.0,118.8792,79.20150000000001,104.0,-39.67766999999999,-64.0,23.80659,23.806600000000003,0.0,-15.871058999999999,-52.0
3132,event_003132.csv,0.0,39.98524,-84.0,-39.98524,80.0,0.0,39.52387,-92.0,-39.52387,-8.0,158.5568,79.20159999999998,148.0,-79.35527,-8.0,23.80659,23.806600000000003,0.0,-15.871058999999999,-40.0
3133,event_003133.csv,0.0,39.98524,-96.0,0.0,-100.0,0.0,39.52387,-80.0,-39.52387,-68.0,118.8792,79.20150000000001,140.0,-39.67766999999999,-60.0,23.80659,23.806600000000003,0.0,-15.871058999999999,-28.0
3134,event_003134.csv,0.0,39.98524,-96.0,0.0,-100.0,0.0,39.52387,-72.0,-39.52387,76.0,158.5568,39.5239,152.0,-79.35527,-52.0,27.77436,19.83883,0.0,-19.838829,-28.0
3135,event_003135.csv,0.0,39.98524,-60.0,0.0,-100.0,0.0,39.52387,-56.0,-39.52387,-68.0,158.5568,39.5239,-40.0,-79.35527,-68.0,15.87106,31.742130000000003,0.0,-15.87106,-28.0
3136,event_003136.csv,0.0,39.98524,-88.0,-39.98524,76.0,0.0,39.52387,-88.0,-39.52387,-52.0,118.8792,79.20150000000001,16.0,-79.35533,-4.0,23.80659,23.806600000000003,0.0,-7.93553,-20.0
3137,event_003137.csv,0.0,39.98524,-64.0,-39.98524,-84.0,0.0,39.52387,-8.0,-39.52387,-36.0,118.8792,79.20150000000001,16.0,-39.67766999999999,-12.0,23.80659,23.806600000000003,0.0,-15.871058999999999,-24.0
3138,event_003138.csv,0.0,39.98524,-84.0,0.0,-100.0,0.0,39.52387,-44.0,-39.52387,-88.0,118.8792,118.8792,92.0,-39.67766999999999,-88.0,31.74213,15.871060000000003,0.0,-15.87107,-36.0
3139,event_003139.csv,0.0,39.98524,-88.0,-39.98524,20.0,0.0,39.52387,48.0,-39.52387,-52.0,118.8792,79.20150000000001,152.0,-79.35533,172.0,23.80659,23.806600000000003,0.0,-15.871058999999999,-40.0
3140,event_003140.csv,0.0,39.98524,-64.0,-39.98524,108.0,0.0,39.52387,-64.0,-39.52387,-28.0,118.8792,79.20150000000001,24.0,-39.67766999999999,-60.0,23.80659,23.806600000000003,0.0,-23.80659,-28.0
3141,event_003141.csv,0.0,39.98524,-100.0,-39.98524,8.0,0.0,39.52387,-32.0,-39.52387,-80.0,138.71800000000002,59.36269999999999,12.0,-99.19413000000002,40.0,31.74213,15.871060000000003,0.0,-15.87107,-88.0
3142,event_003142.csv,0.0,39.98524,-20.0,-39.98524,-76.0,0.0,39.52387,152.0,-39.52387,-28.0,118.8792,79.20150000000001,-28.0,-39.67766999999999,-4.0,15.87106,31.742130000000003,0.0,-15.87106,20.0
3143,event_003143.csv,0.0,39.98524,-96.0,-39.98524,-52.0,0.0,39.52387,-40.0,-39.52387,-92.0,118.8792,118.8792,108.0,-79.35533,28.0,31.74213,15.871060000000003,0.0,-7.93554,-80.0
3144,event_003144.csv,0.0,39.98524,-88.0,-39.98524,-100.0,0.0,39.52387,-48.0,-39.52387,68.0,118.8792,79.20150000000001,-88.0,-39.67766999999999,-8.0,23.80659,23.806600000000003,0.0,-23.80659,-36.0
3145,event_003145.csv,0.0,39.98524,-96.0,-39.98524,132.0,0.0,39.52387,0.0,-39.52387,-68.0,118.8792,118.8792,8.0,-39.67766999999999,-44.0,23.80659,23.806600000000003,0.0,-15.871058999999999,20.0
3146,event_003146.csv,0.0,39.98524,-100.0,-39.98524,-12.0,0.0,39.52387,-52.0,-39.52387,124.0,118.8792,118.8792,60.0,-118.8792,32.0,31.74213,15.871060000000003,0.0,-23.806599,20.0
3147,event_003147.csv,0.0,39.98524,-96.0,-39.98524,-100.0,0.0,39.52387,-96.0,-39.52387,-80.0,118.8792,79.20150000000001,-48.0,-39.67766999999999,-20.0,23.80659,23.806600000000003,0.0,-23.80659,-36.0
3148,event_003148.csv,0.0,39.98524,-96.0,-39.98524,-52.0,0.0,39.52387,-88.0,-39.52387,68.0,118.8792,79.20150000000001,16.0,-79.35533,44.0,23.80659,23.806600000000003,0.0,-15.871058999999999,20.0
3149,event_003149.csv,0.0,39.98524,-84.0,-39.98524,-92.0,0.0,39.52387,-80.0,-39.52387,-84.0,118.8792,79.20150000000001,-24.0,-39.67766999999999,-84.0,23.80659,23.806600000000003,0.0,-7.93553,-92.0
3150,event_003150.csv,0.0,39.98524,-88.0,-39.98524,148.0,0.0,39.52387,0.0,-39.52387,44.0,118.8792,79.20150000000001,8.0,-39.67766999999999,-12.0,23.80659,23.806600000000003,0.0,-15.871058999999999,-48.0
3151,event_003151.csv,0.0,39.98524,-80.0,-39.98524,44.0,0.0,39.52387,-8.0,-39.52387,-60.0,118.8792,79.20150000000001,-80.0,-39.67766999999999,-92.0,31.74213,15.871060000000003,0.0,-15.87107,-52.0
3152,event_003152.csv,0.0,39.98524,-64.0,-39.98524,-96.0,0.0,39.52387,-72.0,-39.52387,-88.0,118.8792,79.20150000000001,20.0,-39.67766999999999,-100.0,23.80659,23.806600000000003,0.0,-15.871058999999999,-36.0
3153,event_003153.csv,0.0,39.98524,-96.0,-39.98524,-4.0,0.0,39.52387,-48.0,-39.52387,-100.0,118.8792,79.20150000000001,16.0,-39.67766999999999,-36.0,31.74213,15.871060000000003,0.0,-15.87107,-52.0
3154,event_003154.csv,0.0,39.98524,-100.0,-39.98524,116.0,0.0,39.52387,-96.0,-39.52387,-84.0,118.8792,118.8792,200.0,-39.67766999999999,-64.0,15.87106,31.742130000000003,0.0,-15.87106,-40.0
3155,event_003155.csv,0.0,39.98524,-96.0,-39.98524,108.0,0.0,79.20153,-24.0,0.0,-100.0,158.5568,79.20159999999998,-100.0,-119.03293000000001,-68.0,23.80659,23.806600000000003,0.0,-15.871058999999999,-40.0
3156,event_003156.csv,0.0,39.98524,-76.0,0.0,-100.0,0.0,39.52387,-40.0,-39.52387,-60.0,118.8792,79.20150000000001,24.0,-39.67766999999999,-8.0,23.80659,23.806600000000003,0.0,-15.871058999999999,-36.0
3157,event_003157.csv,0.0,39.98524,-24.0,-39.98524,76.0,0.0,39.52387,-96.0,-39.52387,-76.0,158.5568,39.5239,-40.0,-79.35527,-60.0,23.80659,23.806600000000003,0.0,-15.871058999999999,-40.0
3158,event_003158.csv,0.0,39.98524,-80.0,-39.98524,-44.0,0.0,39.52387,-80.0,-39.52387,-84.0,158.5568,39.5239,-20.0,-119.03293000000001,-36.0,23.80659,23.806600000000003,0.0,-15.871058999999999,28.0
3159,event_003159.csv,0.0,39.98524,-84.0,-39.98524,-56.0,0.0,39.52387,-100.0,-39.52387,-88.0,118.8792,118.8792,-28.0,-39.67766999999999,0.0,23.80659,23.806600000000003,0.0,-15.871058999999999,-40.0
3160,event_003160.csv,0.0,39.98524,-92.0,-39.98524,-44.0,0.0,39.52387,-64.0,-39.52387,-4.0,118.8792,118.8792,8.0,-39.67766999999999,-60.0,27.77436,19.83883,0.0,-11.903300000000002,-28.0
3161,event_003161.csv,0.0,39.98524,-100.0,0.0,-96.0,0.0,39.52387,-28.0,-39.52387,-72.0,118.8792,79.20150000000001,4.0,-79.35533,84.0,23.80659,31.742130000000003,44.0,-15.871058999999999,4.0
3162,event_003162.csv,0.0,39.98524,-72.0,0.0,-100.0,0.0,39.52387,-76.0,-39.52387,-96.0,118.8792,198.2345,200.0,-39.67766999999999,-64.0,23.80659,23.806600000000003,0.0,-7.93553,8.0
3163,event_003163.csv,0.0,39.98524,-80.0,-39.98524,68.0,0.0,39.52387,-80.0,-39.52387,-92.0,158.5568,39.5239,8.0,-79.35527,0.0,23.80659,23.806600000000003,0.0,-15.871058999999999,-40.0
3164,event_003164.csv,0.0,39.98524,-56.0,-39.98524,132.0,0.0,39.52387,24.0,-39.52387,-56.0,118.8792,79.20150000000001,56.0,-79.35533,36.0,15.87106,31.742130000000003,0.0,-7.935529,-40.0
3165,event_003165.csv,0.0,39.98524,-88.0,-39.98524,192.0,0.0,39.52387,-68.0,-39.52387,-56.0,158.5568,79.20159999999998,152.0,-119.03293000000001,48.0,23.80659,23.806600000000003,0.0,-15.871058999999999,20.0
3166,event_003166.csv,0.0,39.98524,-84.0,-39.98524,-92.0,0.0,79.20153,120.0,0.0,-100.0,118.8792,118.8792,12.0,-79.35533,-12.0,23.80659,23.806600000000003,0.0,-23.80659,-36.0
3167,event_003167.csv,0.0,39.98524,-40.0,-39.98524,-20.0,0.0,39.52387,-48.0,-39.52387,-4.0,118.8792,79.20150000000001,144.0,-39.67766999999999,-100.0,31.74213,15.871060000000003,0.0,-15.87107,-52.0
3168,event_003168.csv,0.0,39.98524,-88.0,0.0,-100.0,0.0,39.52387,-88.0,-39.52387,-92.0,138.71800000000002,59.36269999999999,-72.0,-99.19413000000002,116.0,23.80659,23.806600000000003,0.0,-23.80659,20.0
3169,event_003169.csv,0.0,39.98524,-96.0,-39.98524,-4.0,0.0,39.52387,-88.0,-39.52387,-44.0,118.8792,79.20150000000001,-80.0,-79.35533,92.0,23.80659,23.806600000000003,0.0,-15.871058999999999,20.0
3170,event_003170.csv,0.0,39.98524,-64.0,-39.98524,-36.0,0.0,39.52387,-56.0,-39.52387,196.0,118.8792,79.20150000000001,140.0,-39.67766999999999,-100.0,23.80659,23.806600000000003,0.0,-15.871058999999999,-36.0
3171,event_003171.csv,0.0,39.98524,-96.0,-39.98524,-36.0,0.0,39.52387,-80.0,-39.52387,180.0,118.8792,118.8792,16.0,-39.67766999999999,-8.0,23.80659,31.742130000000003,0.0,-23.80659,20.0
3172,event_003172.csv,0.0,39.98524,-80.0,-39.98524,-36.0,0.0,39.52387,-88.0,-39.52387,-76.0,118.8792,79.20150000000001,-80.0,-39.67766999999999,-16.0,31.74213,15.871060000000003,0.0,-15.87107,-20.0
3173,event_003173.csv,0.0,39.98524,-84.0,-39.98524,-28.0,0.0,39.52387,-100.0,-39.52387,-32.0,118.8792,79.20150000000001,140.0,-39.67766999999999,-56.0,23.80659,23.806600000000003,0.0,-23.80659,-40.0
3174,event_003174.csv,0.0,39.98524,-88.0,-39.98524,96.0,0.0,39.52387,-20.0,-39.52387,-80.0,118.8792,118.8792,56.0,-79.35533,80.0,31.74213,23.806590000000003,44.0,-15.87107,-4.0
3175,event_003175.csv,0.0,39.98524,-96.0,0.0,-100.0,0.0,39.52387,-80.0,-39.52387,92.0,118.8792,356.7913,-40.0,-79.35533,36.0,31.74213,15.871060000000003,0.0,-15.87107,-80.0
3176,event_003176.csv,0.0,39.98524,-88.0,-39.98524,84.0,0.0,39.52387,-72.0,-39.52387,16.0,118.8792,158.55679999999998,64.0,-158.40307,40.0,23.80659,23.806600000000003,0.0,-15.871058999999999,24.0
3177,event_003177.csv,0.0,39.98524,32.0,-39.98524,-20.0,0.0,39.52387,-72.0,-39.52387,-76.0,158.5568,39.5239,16.0,-79.35527,-92.0,31.74213,15.871060000000003,0.0,-15.87107,-56.0
3178,event_003178.csv,0.0,39.98524,-80.0,-39.98524,-28.0,0.0,39.52387,-80.0,-39.52387,-100.0,118.8792,79.20150000000001,-40.0,-39.67766999999999,-44.0,23.80659,23.806600000000003,0.0,-23.80659,-36.0
3179,event_003179.csv,0.0,39.98524,-88.0,-39.98524,-16.0,0.0,39.52387,-32.0,-39.52387,124.0,118.8792,79.20150000000001,-52.0,-79.35533,92.0,23.80659,23.806600000000003,0.0,-15.871058999999999,20.0
3180,event_003180.csv,0.0,39.98524,-96.0,-39.98524,-24.0,0.0,39.52387,-88.0,-39.52387,-44.0,118.8792,79.20150000000001,16.0,-39.67766999999999,-56.0,23.80659,23.806600000000003,0.0,-7.93553,-40.0
3181,event_003181.csv,0.0,39.98524,-68.0,-39.98524,-8.0,0.0,39.52387,-92.0,-39.52387,24.0,118.8792,39.67760000000001,-100.0,-39.67766999999999,-12.0,23.80659,23.806600000000003,0.0,-7.93553,-64.0
3182,event_003182.csv,0.0,39.98524,-64.0,-39.98524,-100.0,0.0,39.52387,-56.0,-39.52387,-92.0,118.8792,79.20150000000001,8.0,-39.67766999999999,-76.0,23.80659,23.806600000000003,0.0,-7.93553,-64.0
3183,event_003183.csv,0.0,39.98524,-48.0,-39.98524,164.0,0.0,39.52387,-96.0,-39.52387,-68.0,118.8792,39.67760000000001,-72.0,-79.35533,124.0,23.80659,23.806600000000003,0.0,-15.871058999999999,-40.0
3184,event_003184.csv,0.0,39.98524,-80.0,-39.98524,-96.0,0.0,39.52387,-80.0,-39.52387,28.0,158.5568,39.5239,-72.0,-79.35527,-96.0,27.77436,19.83883,0.0,-11.903300000000002,-52.0
3185,event_003185.csv,0.0,39.98524,-88.0,-39.98524,44.0,0.0,79.20153,100.0,-39.52387,-8.0,118.8792,79.20150000000001,-40.0,-79.35533,0.0,23.80659,23.806600000000003,0.0,-15.871058999999999,-40.0
3186,event_003186.csv,0.0,39.98524,-96.0,-39.98524,8.0,0.0,39.52387,-100.0,-39.52387,-48.0,118.8792,118.8792,140.0,-39.67766999999999,-88.0,27.77436,19.83883,0.0,-11.903300000000002,-40.0
3187,event_003187.csv,0.0,39.98524,-92.0,0.0,-100.0,0.0,39.52387,-68.0,-39.52387,112.0,118.8792,118.8792,-28.0,-79.35533,48.0,23.80659,23.806600000000003,0.0,-15.871058999999999,32.0
3188,event_003188.csv,0.0,39.98524,-92.0,0.0,-100.0,0.0,39.52387,-64.0,-39.52387,-76.0,118.8792,79.20150000000001,8.0,-79.35533,36.0,23.80659,23.806600000000003,0.0,-7.93553,-76.0
3189,event_003189.csv,0.0,39.98524,-72.0,0.0,-100.0,0.0,39.52387,-60.0,-39.52387,-56.0,118.8792,118.8792,148.0,-79.35533,40.0,23.80659,23.806600000000003,0.0,-7.93553,16.0
3190,event_003190.csv,0.0,39.98524,-80.0,0.0,-100.0,0.0,39.52387,-88.0,-39.52387,-12.0,118.8792,79.20150000000001,-24.0,-39.67766999999999,-100.0,31.74213,15.871060000000003,0.0,-15.87107,-52.0
3191,event_003191.csv,0.0,39.98524,-64.0,-39.98524,-88.0,0.0,39.52387,-92.0,-39.52387,-80.0,158.5568,4841.4432,-4.0,-39.67760000000001,-88.0,7.935531,190.545069,12.0,-39.677661,-8.0
3192,event_003192.csv,0.0,39.98524,-84.0,-39.98524,56.0,0.0,39.52387,-76.0,-39.52387,-88.0,118.8792,118.8792,60.0,-79.35533,40.0,23.80659,23.806600000000003,0.0,-15.871058999999999,32.0
3193,event_003193.csv,0.0,39.98524,-80.0,-39.98524,-88.0,0.0,39.52387,-96.0,-39.52387,-4.0,118.8792,79.20150000000001,148.0,-79.35533,124.0,23.80659,23.806600000000003,0.0,-15.871058999999999,-28.0
3194,event_003194.csv,0.0,39.98524,104.0,-39.98524,24.0,0.0,39.52387,-36.0,-39.52387,-80.0,118.8792,79.20150000000001,16.0,-39.67766999999999,-48.0,23.80659,23.806600000000003,0.0,-15.871058999999999,20.0
3195,event_003195.csv,0.0,39.98524,-92.0,0.0,-100.0,0.0,39.52387,-64.0,-39.52387,-20.0,118.8792,79.20150000000001,-40.0,-79.35533,-100.0,23.80659,23.806600000000003,0.0,-15.871058999999999,-64.0
3196,event_003196.csv,0.0,39.98524,-96.0,-39.98524,-52.0,0.0,39.52387,-56.0,-39.52387,-12.0,118.8792,79.20150000000001,112.0,-39.67766999999999,-68.0,23.80659,23.806600000000003,0.0,-7.93553,-36.0
3197,event_003197.csv,0.0,39.98524,-88.0,-39.98524,100.0,0.0,39.52387,-32.0,-39.52387,-100.0,118.8792,79.20150000000001,-40.0,-79.35533,172.0,23.80659,23.806600000000003,0.0,-15.871058999999999,-52.0
3198,event_003198.csv,0.0,39.98524,-88.0,-39.98524,48.0,0.0,39.52387,-92.0,-39.52387,-16.0,118.8792,118.8792,92.0,-39.67766999999999,-56.0,23.80659,23.806600000000003,0.0,-15.871058999999999,-40.0
3199,event_003199.csv,0.0,39.98524,-100.0,0.0,-96.0,0.0,39.52387,-64.0,-39.52387,-92.0,118.8792,79.20150000000001,-24.0,-79.35533,116.0,23.80659,23.806600000000003,0.0,-7.93553,-40.0
3200,event_003200.csv,0.0,39.98524,-52.0,-39.98524,168.0,0.0,39.52387,52.0,-39.52387,-72.0,118.8792,79.20150000000001,-68.0,-39.67766999999999,-96.0,23.80659,23.806600000000003,0.0,-15.871058999999999,-40.0
3201,event_003201.csv,0.0,39.98524,-88.0,0.0,-100.0,0.0,39.52387,-4.0,-39.52387,-72.0,118.8792,118.8792,-36.0,-79.35533,-52.0,23.80659,23.806600000000003,0.0,-15.871058999999999,-40.0
3202,event_003202.csv,0.0,39.98524,-92.0,0.0,-100.0,0.0,39.52387,-60.0,-39.52387,-96.0,118.8792,118.8792,148.0,-39.67766999999999,40.0,23.80659,23.806600000000003,0.0,-15.871058999999999,-40.0
3203,event_003203.csv,0.0,39.98524,-40.0,-39.98524,-100.0,0.0,39.52387,-96.0,-39.52387,-92.0,118.8792,79.20150000000001,-80.0,-39.67766999999999,-56.0,23.80659,23.806600000000003,0.0,-15.871058999999999,20.0
3204,event_003204.csv,0.0,39.98524,-92.0,-39.98524,20.0,0.0,39.52387,-80.0,-39.52387,36.0,118.8792,79.20150000000001,16.0,-39.67766999999999,-100.0,19.838825,27.774365000000003,0.0,-19.838825,20.0
3205,event_003205.csv,0.0,39.98524,-96.0,-39.98524,76.0,0.0,39.52387,-96.0,-39.52387,-92.0,118.8792,79.20150000000001,-96.0,-79.35533,172.0,23.80659,23.806600000000003,0.0,-15.871058999999999,-40.0
3206,event_003206.csv,0.0,39.98524,-76.0,-39.98524,-32.0,0.0,39.52387,-20.0,-39.52387,-88.0,118.8792,79.20150000000001,4.0,-39.67766999999999,32.0,31.74213,15.871060000000003,0.0,-15.87107,8.0
3207,event_003207.csv,0.0,39.98524,-100.0,-39.98524,-20.0,0.0,39.52387,-48.0,-39.52387,12.0,158.5568,79.20159999999998,148.0,-79.35527,-84.0,23.80659,23.806600000000003,0.0,-15.871058999999999,-36.0
3208,event_003208.csv,0.0,39.98524,-84.0,-39.98524,192.0,0.0,39.52387,-100.0,-39.52387,-72.0,118.8792,79.20150000000001,4.0,-39.67766999999999,28.0,23.80659,23.806600000000003,0.0,-15.871058999999999,-48.0
3209,event_003209.csv,0.0,39.98524,-96.0,-39.98524,12.0,0.0,79.20153,88.0,-39.52387,-92.0,118.8792,118.8792,144.0,-79.35533,-44.0,23.80659,23.806600000000003,0.0,-7.93553,-100.0
3210,event_003210.csv,0.0,39.98524,-72.0,0.0,-100.0,0.0,39.52387,-96.0,-39.52387,-28.0,118.8792,79.20150000000001,8.0,-79.35533,36.0,23.80659,23.806600000000003,0.0,-15.871058999999999,-48.0
3211,event_003211.csv,0.0,39.98524,-88.0,-39.98524,-44.0,0.0,39.52387,-48.0,-39.52387,-36.0,118.8792,79.20150000000001,-72.0,-79.35533,-52.0,23.80659,31.742130000000003,0.0,-15.871058999999999,20.0
3212,event_003212.csv,0.0,39.98524,-100.0,0.0,-92.0,0.0,39.52387,-72.0,-39.52387,-12.0,118.8792,118.8792,8.0,-39.67766999999999,-80.0,15.87106,31.742130000000003,0.0,-15.87106,-36.0
3213,event_003213.csv,0.0,39.98524,-96.0,0.0,-100.0,0.0,39.52387,-40.0,-39.52387,-60.0,118.8792,79.20150000000001,16.0,-79.35533,-4.0,23.80659,23.806600000000003,0.0,-15.871058999999999,28.0
3214,event_003214.csv,0.0,39.98524,-60.0,-39.98524,-96.0,0.0,39.52387,-100.0,-39.52387,-28.0,118.8792,79.20150000000001,16.0,-39.67766999999999,-68.0,23.80659,23.806600000000003,0.0,-15.871058999999999,-36.0
3215,event_003215.csv,0.0,39.98524,-96.0,-39.98524,-4.0,0.0,39.52387,-56.0,-39.52387,-36.0,118.8792,39.67760000000001,-96.0,-79.35533,-8.0,31.74213,15.871060000000003,0.0,-23.806599,20.0
3216,event_003216.csv,0.0,39.98524,-96.0,-39.98524,172.0,0.0,39.52387,-72.0,-39.52387,-88.0,118.8792,79.20150000000001,-92.0,-79.35533,-12.0,19.838825,27.774365000000003,0.0,-11.903293999999999,-8.0
3217,event_003217.csv,0.0,39.98524,-100.0,-39.98524,-8.0,0.0,79.20153,68.0,0.0,-100.0,118.8792,79.20150000000001,60.0,-39.67766999999999,-12.0,23.80659,23.806600000000003,0.0,-7.93553,-48.0
3218,event_003218.csv,0.0,39.98524,-92.0,0.0,-100.0,0.0,79.20153,128.0,-39.52387,12.0,118.8792,79.20150000000001,-52.0,-39.67766999999999,-68.0,23.80659,23.806600000000003,0.0,-15.871058999999999,-36.0
3219,event_003219.csv,0.0,39.98524,-32.0,-39.98524,-100.0,0.0,39.52387,-80.0,-39.52387,-68.0,118.8792,79.20150000000001,148.0,-39.67766999999999,-64.0,23.80659,23.806600000000003,0.0,-15.871058999999999,-36.0
3220,event_003220.csv,0.0,39.98524,-100.0,-39.98524,32.0,0.0,39.52387,-36.0,-39.52387,16.0,118.8792,79.20150000000001,-40.0,-39.67766999999999,-80.0,23.80659,23.806600000000003,0.0,-15.871058999999999,-40.0
3221,event_003221.csv,0.0,39.98524,-96.0,-39.98524,-88.0,0.0,39.52387,-92.0,-39.52387,-48.0,118.8792,79.20150000000001,-68.0,-39.67766999999999,-56.0,23.80659,23.806600000000003,0.0,-7.93553,-48.0
3222,event_003222.csv,0.0,39.98524,-48.0,-39.98524,-52.0,0.0,39.52387,-24.0,-39.52387,-76.0,118.8792,79.20150000000001,-80.0,-79.35533,188.0,23.80659,23.806600000000003,0.0,-7.93553,36.0
3223,event_003223.csv,0.0,39.98524,-96.0,0.0,-100.0,0.0,39.52387,-88.0,-39.52387,-92.0,118.8792,79.20150000000001,-80.0,-39.67766999999999,-20.0,23.80659,23.806600000000003,0.0,-7.93553,-64.0
3224,event_003224.csv,0.0,39.98524,-88.0,-39.98524,36.0,0.0,39.52387,-72.0,-39.52387,-92.0,138.71800000000002,59.36269999999999,-40.0,-99.19413000000002,36.0,23.80659,23.806600000000003,0.0,-15.871058999999999,-40.0
3225,event_003225.csv,0.0,39.98524,-84.0,-39.98524,-12.0,0.0,39.52387,-96.0,-39.52387,-28.0,118.8792,79.20150000000001,-8.0,-39.67766999999999,116.0,23.80659,23.806600000000003,0.0,-15.871058999999999,20.0
3226,event_003226.csv,0.0,39.98524,-80.0,-39.98524,4.0,0.0,39.52387,-80.0,-39.52387,28.0,158.5568,39.5239,16.0,-79.35527,-76.0,15.87106,31.742130000000003,0.0,-15.87106,-36.0
3227,event_003227.csv,0.0,39.98524,-88.0,-39.98524,188.0,0.0,39.52387,24.0,-39.52387,-76.0,118.8792,79.20150000000001,112.0,-39.67766999999999,-36.0,23.80659,23.806600000000003,0.0,-7.93553,-20.0
3228,event_003228.csv,0.0,39.98524,-96.0,-39.98524,112.0,0.0,39.52387,12.0,-39.52387,-40.0,118.8792,79.20150000000001,12.0,-39.67766999999999,48.0,23.80659,23.806600000000003,0.0,-15.871058999999999,-40.0
3229,event_003229.csv,0.0,39.98524,-68.0,0.0,-100.0,0.0,39.52387,-28.0,-39.52387,-64.0,118.8792,79.20150000000001,-60.0,-39.67766999999999,-76.0,23.80659,23.806600000000003,0.0,-7.93553,-48.0
3230,event_003230.csv,0.0,39.98524,-56.0,-39.98524,-92.0,0.0,39.52387,64.0,-39.52387,-92.0,118.8792,79.20150000000001,8.0,-39.67766999999999,-32.0,23.80659,23.806600000000003,0.0,-7.93553,-40.0
3231,event_003231.csv,0.0,39.98524,-100.0,0.0,-96.0,0.0,39.52387,-84.0,-39.52387,40.0,118.8792,79.20150000000001,-40.0,-39.67766999999999,-64.0,23.80659,23.806600000000003,0.0,-15.871058999999999,-40.0
3232,event_003232.csv,0.0,39.98524,-32.0,-39.98524,-68.0,0.0,39.52387,0.0,-39.52387,-76.0,118.8792,118.8792,-44.0,-79.35533,-68.0,23.80659,23.806600000000003,0.0,-7.93553,-76.0
3233,event_003233.csv,0.0,39.98524,-96.0,-39.98524,-36.0,0.0,39.52387,-88.0,-39.52387,-84.0,118.8792,79.20150000000001,-32.0,-39.67766999999999,-12.0,23.80659,23.806600000000003,0.0,-15.871058999999999,-40.0
3234,event_003234.csv,0.0,39.98524,-52.0,-39.98524,52.0,0.0,39.52387,-80.0,-39.52387,28.0,138.71800000000002,59.36269999999999,-64.0,-59.51647000000001,-92.0,23.80659,23.806600000000003,0.0,-15.871058999999999,-52.0
3235,event_003235.csv,0.0,39.98524,-92.0,0.0,-100.0,0.0,39.52387,-84.0,-39.52387,-80.0,118.8792,118.8792,-92.0,-39.67766999999999,-100.0,23.80659,23.806600000000003,0.0,-15.871058999999999,16.0
3236,event_003236.csv,0.0,39.98524,-56.0,-39.98524,-60.0,0.0,39.52387,-8.0,-39.52387,-92.0,118.8792,79.20150000000001,-40.0,-39.67766999999999,-20.0,23.80659,23.806600000000003,0.0,-15.871058999999999,-40.0
3237,event_003237.csv,0.0,39.98524,-80.0,-39.98524,-20.0,0.0,79.20153,96.0,-39.52387,196.0,158.5568,39.5239,-76.0,-79.35527,-52.0,23.80659,23.806600000000003,0.0,-15.871058999999999,20.0
3238,event_003238.csv,0.0,39.98524,-56.0,0.0,-100.0,0.0,39.52387,-56.0,-39.52387,-4.0,118.8792,79.20150000000001,8.0,-39.67766999999999,-100.0,23.80659,23.806600000000003,0.0,-23.80659,-40.0
3239,event_003239.csv,0.0,39.98524,-96.0,-39.98524,-92.0,0.0,39.52387,-72.0,-39.52387,-52.0,118.8792,79.20150000000001,-48.0,-118.8792,32.0,23.80659,23.806600000000003,0.0,-7.93553,12.0
3240,event_003240.csv,0.0,39.98524,-76.0,-39.98524,-80.0,0.0,39.52387,-92.0,-39.52387,-64.0,118.8792,118.8792,12.0,-118.8792,40.0,23.80659,23.806600000000003,0.0,-15.871058999999999,28.0
3241,event_003241.csv,0.0,39.98524,-100.0,-39.98524,152.0,0.0,39.52387,-28.0,-39.52387,-88.0,118.8792,79.20150000000001,92.0,-39.67766999999999,-12.0,23.80659,23.806600000000003,0.0,-7.93553,-48.0
3242,event_003242.csv,0.0,39.98524,-44.0,-39.98524,-96.0,0.0,39.52387,-92.0,-39.52387,-24.0,118.8792,79.20150000000001,-28.0,-39.67766999999999,76.0,31.74213,15.871060000000003,0.0,-15.87107,-40.0
3243,event_003243.csv,0.0,39.98524,-100.0,-39.98524,52.0,0.0,39.52387,-24.0,-39.52387,-100.0,158.5568,39.5239,-56.0,-119.03293000000001,-28.0,23.80659,23.806600000000003,0.0,-7.93553,-96.0
3244,event_003244.csv,0.0,39.98524,-84.0,-39.98524,-52.0,0.0,39.52387,8.0,-39.52387,-60.0,118.8792,79.20150000000001,8.0,-39.67766999999999,-76.0,23.80659,23.806600000000003,0.0,-7.93553,-36.0
3245,event_003245.csv,0.0,39.98524,-80.0,0.0,-100.0,0.0,39.52387,-96.0,-39.52387,132.0,158.5568,39.5239,84.0,-119.03293000000001,-8.0,15.87106,31.742130000000003,0.0,-15.87106,20.0
3246,event_003246.csv,0.0,39.98524,-92.0,0.0,-100.0,0.0,39.52387,-72.0,-39.52387,28.0,138.71800000000002,59.36269999999999,-52.0,-59.51647000000001,-68.0,23.80659,23.806600000000003,0.0,-15.871058999999999,-60.0
3247,event_003247.csv,0.0,39.98524,-40.0,0.0,-100.0,0.0,39.52387,-24.0,-39.52387,52.0,118.8792,79.20150000000001,12.0,-39.67766999999999,-60.0,23.80659,23.806600000000003,0.0,-7.93553,-52.0
3248,event_003248.csv,0.0,39.98524,-92.0,-39.98524,-100.0,0.0,39.52387,-64.0,-39.52387,-52.0,118.8792,79.20150000000001,64.0,-79.35533,124.0,23.80659,23.806600000000003,0.0,-15.871058999999999,-28.0
3249,event_003249.csv,0.0,39.98524,-88.0,-39.98524,80.0,0.0,39.52387,-12.0,-39.52387,-80.0,118.8792,79.20150000000001,20.0,-39.67766999999999,-12.0,23.80659,23.806600000000003,0.0,-7.93553,4.0
3250,event_003250.csv,0.0,39.98524,-96.0,-39.98524,-12.0,0.0,39.52387,-16.0,-39.52387,-100.0,158.5568,79.20159999999998,-40.0,-119.03293000000001,-12.0,23.80659,23.806600000000003,0.0,-15.871058999999999,-52.0
3251,event_003251.csv,0.0,39.98524,-72.0,0.0,-100.0,0.0,39.52387,-72.0,-39.52387,-84.0,118.8792,118.8792,24.0,-39.67766999999999,-76.0,23.80659,23.806600000000003,0.0,-15.871058999999999,-36.0
3252,event_003252.csv,0.0,39.98524,-92.0,-39.98524,-88.0,0.0,39.52387,-36.0,-39.52387,-80.0,118.8792,79.20150000000001,140.0,-39.67766999999999,-72.0,23.80659,23.806600000000003,0.0,-7.93553,-64.0
3253,event_003253.csv,0.0,39.98524,-56.0,0.0,-100.0,0.0,39.52387,-8.0,-39.52387,-76.0,118.8792,79.20150000000001,-36.0,-39.67766999999999,-76.0,23.80659,23.806600000000003,0.0,-15.871058999999999,-36.0
3254,event_003254.csv,0.0,39.98524,-96.0,-39.98524,76.0,0.0,39.52387,72.0,-39.52387,-92.0,118.8792,79.20150000000001,96.0,-79.35533,108.0,23.80659,23.806600000000003,0.0,-7.93553,-92.0
3255,event_003255.csv,0.0,39.98524,-24.0,0.0,-100.0,0.0,39.52387,-48.0,-39.52387,-52.0,118.8792,79.20150000000001,8.0,-79.35533,44.0,27.77436,19.83883,0.0,-19.838829,68.0
3256,event_003256.csv,0.0,39.98524,-72.0,-39.98524,-92.0,0.0,39.52387,-88.0,-39.52387,-84.0,118.8792,118.8792,-20.0,-79.35533,-36.0,23.80659,23.806600000000003,0.0,-15.871058999999999,-20.0
3257,event_003257.csv,0.0,39.98524,-64.0,-39.98524,96.0,0.0,39.52387,-28.0,-39.52387,-72.0,118.8792,79.20150000000001,160.0,-79.35533,40.0,23.80659,23.806600000000003,0.0,-15.871058999999999,-24.0
3258,event_003258.csv,0.0,39.98524,-56.0,0.0,-100.0,0.0,39.52387,-80.0,-39.52387,36.0,118.8792,79.20150000000001,60.0,-39.67766999999999,-96.0,23.80659,23.806600000000003,0.0,-15.871058999999999,-36.0
3259,event_003259.csv,0.0,39.98524,-56.0,-39.98524,-64.0,0.0,39.52387,-96.0,-39.52387,-84.0,158.5568,237.7584,-92.0,-79.35527,40.0,23.80659,23.806600000000003,0.0,-15.871058999999999,-28.0
3260,event_003260.csv,0.0,39.98524,-84.0,-39.98524,-92.0,0.0,39.52387,-96.0,-39.52387,44.0,138.71800000000002,59.36269999999999,8.0,-59.51647000000001,-16.0,23.80659,23.806600000000003,0.0,-15.871058999999999,16.0
3261,event_003261.csv,0.0,39.98524,-92.0,-39.98524,132.0,0.0,39.52387,-80.0,-39.52387,-100.0,158.5568,4841.4432,0.0,-39.67760000000001,-92.0,-15.87106,71.41978,0.0,-15.87107,-20.0
3262,event_003262.csv,0.0,39.98524,-64.0,-39.98524,172.0,0.0,79.20153,-48.0,-39.52387,68.0,118.8792,79.20150000000001,176.0,-39.67766999999999,-100.0,31.74213,15.871060000000003,0.0,-7.93554,4.0
3263,event_003263.csv,0.0,39.98524,-88.0,0.0,-100.0,0.0,39.52387,-96.0,-39.52387,-92.0,118.8792,79.20150000000001,-80.0,-79.35533,-100.0,27.77436,19.83883,0.0,-11.903300000000002,-28.0
3264,event_003264.csv,0.0,39.98524,-88.0,-39.98524,44.0,0.0,39.52387,-72.0,-39.52387,36.0,118.8792,79.20150000000001,-16.0,-39.67766999999999,-84.0,23.80659,23.806600000000003,0.0,-7.93553,-100.0
3265,event_003265.csv,0.0,39.98524,-76.0,0.0,-100.0,0.0,79.20153,-52.0,-39.52387,40.0,118.8792,79.20150000000001,60.0,-39.67766999999999,-76.0,31.74213,15.871060000000003,0.0,-15.87107,-8.0
3266,event_003266.csv,0.0,39.98524,-100.0,0.0,-96.0,0.0,39.52387,-88.0,-39.52387,-68.0,118.8792,396.46900000000005,8.0,-39.67766999999999,124.0,23.80659,23.806600000000003,0.0,-23.80659,-36.0
3267,event_003267.csv,0.0,39.98524,-84.0,0.0,-100.0,0.0,39.52387,-60.0,-39.52387,-64.0,118.8792,79.20150000000001,-68.0,-79.35533,-12.0,31.74213,15.871060000000003,0.0,-15.87107,-24.0
3268,event_003268.csv,0.0,39.98524,-72.0,-39.98524,-80.0,0.0,39.52387,-84.0,-39.52387,-72.0,118.8792,118.8792,12.0,-39.67766999999999,-100.0,23.80659,31.742130000000003,0.0,-15.871058999999999,-36.0
3269,event_003269.csv,0.0,39.98524,-88.0,-39.98524,-68.0,0.0,39.52387,-56.0,-39.52387,-100.0,118.8792,79.20150000000001,-68.0,-39.67766999999999,-96.0,23.80659,23.806600000000003,0.0,-7.93553,-24.0
3270,event_003270.csv,0.0,39.98524,-100.0,-39.98524,-16.0,0.0,39.52387,-52.0,-39.52387,-88.0,118.8792,79.20150000000001,-28.0,-79.35533,-16.0,15.87106,31.742130000000003,0.0,-15.87106,-28.0
3271,event_003271.csv,0.0,39.98524,-100.0,-39.98524,32.0,0.0,39.52387,-92.0,0.0,-100.0,118.8792,79.20150000000001,36.0,-79.35533,188.0,31.74213,23.806590000000003,12.0,-23.806599,32.0
3272,event_003272.csv,0.0,39.98524,-92.0,-39.98524,172.0,0.0,39.52387,-96.0,-39.52387,-52.0,118.8792,79.20150000000001,12.0,-39.67766999999999,-68.0,23.80659,23.806600000000003,0.0,-15.871058999999999,-52.0
3273,event_003273.csv,0.0,39.98524,-72.0,-39.98524,20.0,0.0,39.52387,-48.0,-39.52387,-92.0,118.8792,79.20150000000001,-72.0,-39.67766999999999,-92.0,23.80659,23.806600000000003,0.0,-23.80659,20.0
3274,event_003274.csv,0.0,39.98524,-72.0,-39.98524,160.0,0.0,39.52387,-56.0,-39.52387,-20.0,118.8792,79.20150000000001,88.0,-39.67766999999999,-76.0,23.80659,23.806600000000003,0.0,-7.93553,-48.0
3275,event_003275.csv,0.0,39.98524,-56.0,0.0,-100.0,0.0,39.52387,-88.0,-39.52387,-84.0,138.71800000000002,59.36269999999999,12.0,-59.51647000000001,36.0,23.80659,23.806600000000003,0.0,-7.93553,-52.0
3276,event_003276.csv,0.0,39.98524,-88.0,-39.98524,36.0,0.0,39.52387,-24.0,-39.52387,-52.0,118.8792,79.20150000000001,8.0,-39.67766999999999,-100.0,23.80659,23.806600000000003,0.0,-7.93553,-20.0
3277,event_003277.csv,0.0,39.98524,-100.0,-39.98524,164.0,0.0,39.52387,-44.0,-39.52387,-100.0,118.8792,79.20150000000001,12.0,-39.67766999999999,-60.0,23.80659,31.742130000000003,0.0,-15.871058999999999,-40.0
3278,event_003278.csv,0.0,39.98524,-80.0,-39.98524,-20.0,0.0,39.52387,-64.0,-39.52387,60.0,118.8792,79.20150000000001,-28.0,-79.35533,-8.0,23.80659,23.806600000000003,0.0,-15.871058999999999,-36.0
3279,event_003279.csv,0.0,39.98524,-92.0,-39.98524,72.0,0.0,39.52387,-88.0,-39.52387,-44.0,158.5568,0.0,-80.0,-79.35527,-100.0,23.80659,23.806600000000003,0.0,-15.871058999999999,-36.0
3280,event_003280.csv,0.0,39.98524,-72.0,-39.98524,76.0,0.0,39.52387,-24.0,-39.52387,-52.0,118.8792,317.1137,-100.0,-39.67766999999999,-8.0,23.80659,23.806600000000003,0.0,-15.871058999999999,-36.0
3281,event_003281.csv,0.0,39.98524,-84.0,-39.98524,-64.0,0.0,39.52387,-96.0,-39.52387,172.0,118.8792,79.20150000000001,8.0,-39.67766999999999,-76.0,23.80659,23.806600000000003,0.0,-7.93553,-76.0
3282,event_003282.csv,0.0,39.98524,-100.0,0.0,-92.0,0.0,39.52387,-92.0,-39.52387,-96.0,118.8792,79.20150000000001,60.0,-79.35533,120.0,23.80659,23.806600000000003,0.0,-7.93553,-52.0
3283,event_003283.csv,0.0,39.98524,-64.0,-39.98524,-100.0,0.0,39.52387,-56.0,-39.52387,-100.0,118.8792,118.8792,80.0,-39.67766999999999,-100.0,15.87106,31.742130000000003,0.0,-7.935529,-36.0
3284,event_003284.csv,0.0,39.98524,-96.0,-39.98524,-100.0,0.0,39.52387,-88.0,-39.52387,124.0,118.8792,79.20150000000001,80.0,-39.67766999999999,-24.0,23.80659,23.806600000000003,0.0,-7.93553,-40.0
3285,event_003285.csv,0.0,39.98524,-96.0,-39.98524,136.0,0.0,39.52387,-64.0,-39.52387,-92.0,118.8792,118.8792,20.0,-39.67766999999999,-84.0,23.80659,23.806600000000003,0.0,-15.871058999999999,-36.0
3286,event_003286.csv,0.0,39.98524,-68.0,-39.98524,4.0,0.0,39.52387,-56.0,-39.52387,28.0,138.71800000000002,59.36269999999999,-40.0,-59.51647000000001,-60.0,31.74213,15.871060000000003,0.0,-15.87107,-52.0
3287,event_003287.csv,0.0,39.98524,-80.0,0.0,-100.0,0.0,39.52387,-88.0,-39.52387,-92.0,118.8792,118.8792,144.0,-39.67766999999999,-56.0,31.74213,15.871060000000003,0.0,-23.806599,-40.0
3288,event_003288.csv,0.0,39.98524,-64.0,0.0,-100.0,0.0,39.52387,-96.0,-39.52387,-100.0,118.8792,79.20150000000001,8.0,-39.67766999999999,28.0,23.80659,23.806600000000003,0.0,-15.871058999999999,-28.0
3289,event_003289.csv,0.0,39.98524,-100.0,0.0,-96.0,0.0,39.52387,-72.0,-39.52387,-68.0,118.8792,118.8792,8.0,-79.35533,32.0,23.80659,23.806600000000003,0.0,-23.80659,20.0
3290,event_003290.csv,0.0,39.98524,-96.0,0.0,-100.0,0.0,39.52387,-80.0,-39.52387,-60.0,118.8792,79.20150000000001,-40.0,-39.67766999999999,-60.0,23.80659,23.806600000000003,0.0,-15.871058999999999,-40.0
3291,event_003291.csv,0.0,79.97047,96.0,-39.98524,188.0,0.0,39.52387,-88.0,-39.52387,-52.0,118.8792,39.67760000000001,-80.0,-39.67766999999999,-100.0,23.80659,23.806600000000003,0.0,-7.93553,-20.0
3292,event_003292.csv,0.0,39.98524,-96.0,-39.98524,-20.0,0.0,39.52387,-80.0,-39.52387,84.0,118.8792,79.20150000000001,-32.0,-79.35533,124.0,23.80659,23.806600000000003,0.0,-23.80659,-28.0
3293,event_003293.csv,0.0,39.98524,-72.0,0.0,-100.0,0.0,39.52387,16.0,-39.52387,-68.0,118.8792,79.20150000000001,-40.0,-39.67766999999999,-12.0,23.80659,23.806600000000003,0.0,-7.93553,-40.0
3294,event_003294.csv,0.0,39.98524,-52.0,-39.98524,64.0,0.0,39.52387,-84.0,-39.52387,-88.0,118.8792,79.20150000000001,20.0,-39.67766999999999,0.0,23.80659,23.806600000000003,0.0,-7.93553,-48.0
3295,event_003295.csv,0.0,39.98524,-84.0,-39.98524,84.0,0.0,39.52387,-80.0,-39.52387,-12.0,118.8792,79.20150000000001,-40.0,-79.35533,-12.0,23.80659,23.806600000000003,0.0,-15.871058999999999,-52.0
3296,event_003296.csv,0.0,119.9557,0.0,-39.98524,-68.0,0.0,317.2675,-8.0,-39.52387,196.0,118.8792,4881.1208,-8.0,0.0,-100.0,-31.74213,103.19267,0.0,-31.772879999999997,-20.0
3297,event_003297.csv,0.0,39.98524,-100.0,-39.98524,88.0,0.0,79.20153,-12.0,-39.52387,-56.0,118.8792,79.20150000000001,-52.0,-39.67766999999999,-16.0,23.80659,23.806600000000003,0.0,-7.93553,-64.0
3298,event_003298.csv,0.0,39.98524,-80.0,-39.98524,-24.0,0.0,39.52387,-80.0,-39.52387,-60.0,118.8792,79.20150000000001,-64.0,-79.35533,44.0,15.87106,31.742130000000003,0.0,-7.935529,-60.0
3299,event_003299.csv,0.0,39.98524,-80.0,-39.98524,140.0,0.0,39.52387,8.0,-39.52387,-44.0,118.8792,79.20150000000001,-64.0,-79.35533,-52.0,23.80659,23.806600000000003,0.0,-7.93553,-32.0
3300,event_003300.csv,0.0,39.98524,-100.0,-39.98524,32.0,0.0,39.52387,-84.0,-39.52387,-64.0,138.71800000000002,178.39569999999998,148.0,-178.24187,120.0,23.80659,23.806600000000003,0.0,-15.871058999999999,-40.0
3301,event_003301.csv,0.0,39.98524,-96.0,-39.98524,140.0,0.0,39.52387,-100.0,-39.52387,-84.0,118.8792,79.20150000000001,16.0,-79.35533,40.0,23.80659,23.806600000000003,0.0,-7.93553,20.0
3302,event_003302.csv,0.0,39.98524,-80.0,0.0,-100.0,0.0,39.52387,-88.0,-39.52387,-28.0,118.8792,79.20150000000001,-16.0,-39.67766999999999,36.0,23.80659,23.806600000000003,0.0,-15.871058999999999,20.0
3303,event_003303.csv,0.0,39.98524,-68.0,-39.98524,-72.0,0.0,39.52387,-92.0,-39.52387,-8.0,118.8792,3687.0998,8.0,-39.67766999999999,-100.0,7.935531,39.677659000000006,0.0,-7.935531,-80.0
3304,event_003304.csv,0.0,39.98524,-48.0,-39.98524,-28.0,0.0,39.52387,-80.0,-39.52387,-100.0,118.8792,79.20150000000001,-40.0,-39.67766999999999,-16.0,31.74213,15.871060000000003,0.0,-15.87107,-52.0
3305,event_003305.csv,0.0,39.98524,-96.0,0.0,-100.0,0.0,39.52387,-56.0,-39.52387,-76.0,118.8792,79.20150000000001,-88.0,-39.67766999999999,-12.0,23.80659,23.806600000000003,0.0,-15.871058999999999,-52.0
3306,event_003306.csv,0.0,39.98524,-44.0,-39.98524,-84.0,0.0,39.52387,-96.0,-39.52387,-68.0,118.8792,79.20150000000001,16.0,-39.67766999999999,-4.0,23.80659,23.806600000000003,0.0,-15.871058999999999,-36.0
3307,event_003307.csv,0.0,39.98524,-96.0,-39.98524,64.0,0.0,39.52387,-76.0,-39.52387,0.0,118.8792,79.20150000000001,4.0,-39.67766999999999,-64.0,23.80659,23.806600000000003,0.0,-15.871058999999999,64.0
3308,event_003308.csv,0.0,39.98524,-76.0,-39.98524,-96.0,0.0,39.52387,-100.0,-39.52387,-80.0,118.8792,118.8792,20.0,-39.67766999999999,-96.0,23.80659,23.806600000000003,0.0,-15.871058999999999,-36.0
3309,event_003309.csv,0.0,39.98524,-96.0,-39.98524,132.0,0.0,39.52387,-96.0,-39.52387,-36.0,118.8792,79.20150000000001,-52.0,-39.67766999999999,-16.0,23.80659,23.806600000000003,0.0,-15.871058999999999,-40.0
3310,event_003310.csv,0.0,39.98524,-96.0,0.0,-100.0,0.0,39.52387,-48.0,-39.52387,-84.0,118.8792,79.20150000000001,-40.0,-79.35533,124.0,23.80659,23.806600000000003,0.0,-15.871058999999999,-36.0
3311,event_003311.csv,0.0,39.98524,-96.0,-39.98524,96.0,0.0,39.52387,-64.0,-39.52387,-92.0,118.8792,79.20150000000001,8.0,-39.67766999999999,-12.0,23.80659,23.806600000000003,0.0,-15.871058999999999,20.0
3312,event_003312.csv,0.0,39.98524,-80.0,0.0,-100.0,0.0,39.52387,-100.0,-39.52387,44.0,118.8792,79.20150000000001,24.0,-39.67766999999999,-60.0,23.80659,23.806600000000003,0.0,-7.93553,-60.0
3313,event_003313.csv,0.0,39.98524,-84.0,0.0,-100.0,0.0,39.52387,-88.0,-39.52387,4.0,158.5568,79.20159999999998,8.0,-119.03293000000001,-12.0,23.80659,23.806600000000003,0.0,-15.871058999999999,-16.0
3314,event_003314.csv,0.0,39.98524,-88.0,-39.98524,-12.0,0.0,39.52387,-64.0,-39.52387,-84.0,118.8792,79.20150000000001,-28.0,-39.67766999999999,-8.0,23.80659,23.806600000000003,0.0,-15.871058999999999,-36.0
3315,event_003315.csv,0.0,39.98524,-56.0,0.0,-100.0,0.0,79.20153,-88.0,-39.52387,-36.0,158.5568,79.20159999999998,20.0,-79.35527,-12.0,23.80659,23.806600000000003,0.0,-23.80659,-36.0
3316,event_003316.csv,0.0,39.98524,-88.0,-39.98524,-44.0,0.0,39.52387,-48.0,-39.52387,-52.0,118.8792,79.20150000000001,8.0,-79.35533,84.0,23.80659,23.806600000000003,0.0,-15.871058999999999,28.0
3317,event_003317.csv,0.0,39.98524,-12.0,-39.98524,-60.0,0.0,39.52387,-40.0,-39.52387,-60.0,118.8792,79.20150000000001,-72.0,-79.35533,-12.0,31.74213,23.806590000000003,0.0,-15.87107,-40.0
3318,event_003318.csv,0.0,39.98524,-96.0,-39.98524,56.0,0.0,39.52387,-92.0,-39.52387,-28.0,118.8792,118.8792,-28.0,-118.8792,0.0,23.80659,31.742130000000003,0.0,-7.93553,-40.0
3319,event_003319.csv,0.0,39.98524,-92.0,0.0,-100.0,0.0,39.52387,-76.0,-39.52387,-24.0,158.5568,0.0,-76.0,-119.03293000000001,124.0,23.80659,23.806600000000003,0.0,-15.871058999999999,-64.0
3320,event_003320.csv,0.0,39.98524,-92.0,0.0,-100.0,0.0,39.52387,-52.0,-39.52387,24.0,118.8792,79.20150000000001,-28.0,-39.67766999999999,-96.0,23.80659,23.806600000000003,0.0,-7.93553,-52.0
3321,event_003321.csv,0.0,39.98524,-60.0,-39.98524,-16.0,0.0,39.52387,-92.0,-39.52387,112.0,118.8792,79.20150000000001,8.0,-39.67766999999999,-8.0,23.80659,23.806600000000003,0.0,-15.871058999999999,8.0
3322,event_003322.csv,0.0,39.98524,-80.0,-39.98524,-52.0,0.0,39.52387,-72.0,-39.52387,-60.0,118.8792,79.20150000000001,100.0,-79.35533,40.0,15.87106,31.742130000000003,0.0,-7.935529,-92.0
3323,event_003323.csv,0.0,39.98524,-96.0,-39.98524,76.0,0.0,39.52387,-88.0,-39.52387,68.0,158.5568,39.5239,-80.0,-79.35527,-56.0,23.80659,23.806600000000003,0.0,-15.871058999999999,-20.0
3324,event_003324.csv,0.0,39.98524,196.0,0.0,-100.0,0.0,39.52387,-56.0,-39.52387,-92.0,118.8792,79.20150000000001,20.0,-39.67766999999999,-68.0,23.80659,23.806600000000003,0.0,-15.871058999999999,-36.0
3325,event_003325.csv,0.0,39.98524,-96.0,-39.98524,100.0,0.0,39.52387,-56.0,-39.52387,-4.0,118.8792,158.55679999999998,12.0,-118.8792,-4.0,23.80659,23.806600000000003,0.0,-15.871058999999999,-24.0
3326,event_003326.csv,0.0,39.98524,-96.0,-39.98524,172.0,0.0,39.52387,-96.0,-39.52387,4.0,118.8792,39.67760000000001,-96.0,-79.35533,-84.0,23.80659,23.806600000000003,0.0,-15.871058999999999,20.0
3327,event_003327.csv,0.0,39.98524,-92.0,-39.98524,52.0,0.0,39.52387,-96.0,-39.52387,-28.0,118.8792,118.8792,160.0,-79.35533,-12.0,23.80659,31.742130000000003,0.0,-7.93553,-40.0
3328,event_003328.csv,0.0,39.98524,-100.0,0.0,-96.0,0.0,39.52387,-92.0,-39.52387,-56.0,118.8792,118.8792,56.0,-79.35533,32.0,31.74213,15.871060000000003,0.0,-15.87107,16.0
3329,event_003329.csv,0.0,39.98524,-100.0,-39.98524,-12.0,0.0,39.52387,-48.0,-39.52387,-36.0,118.8792,79.20150000000001,-40.0,-39.67766999999999,-60.0,23.80659,23.806600000000003,0.0,-15.871058999999999,-36.0
3330,event_003330.csv,0.0,39.98524,-68.0,-39.98524,196.0,0.0,39.52387,-96.0,-39.52387,-36.0,118.8792,79.20150000000001,-40.0,-79.35533,-64.0,23.80659,23.806600000000003,0.0,-15.871058999999999,20.0
3331,event_003331.csv,0.0,39.98524,-72.0,0.0,-100.0,0.0,39.52387,-96.0,-39.52387,-12.0,118.8792,79.20150000000001,24.0,-39.67766999999999,-84.0,23.80659,23.806600000000003,0.0,-15.871058999999999,-48.0
3332,event_003332.csv,0.0,39.98524,-100.0,-39.98524,-60.0,0.0,39.52387,-96.0,-39.52387,-60.0,118.8792,79.20150000000001,-80.0,-39.67766999999999,-100.0,31.74213,15.871060000000003,0.0,-15.87107,-32.0
3333,event_003333.csv,0.0,39.98524,-96.0,-39.98524,28.0,0.0,39.52387,-32.0,-39.52387,20.0,118.8792,79.20150000000001,4.0,-79.35533,40.0,23.80659,23.806600000000003,0.0,-15.871058999999999,20.0
3334,event_003334.csv,0.0,39.98524,-60.0,-39.98524,-20.0,0.0,39.52387,-48.0,-39.52387,-28.0,118.8792,79.20150000000001,16.0,-39.67766999999999,-84.0,23.80659,23.806600000000003,0.0,-15.871058999999999,-36.0
3335,event_003335.csv,0.0,39.98524,-88.0,-39.98524,28.0,0.0,39.52387,-56.0,-39.52387,-52.0,118.8792,79.20150000000001,16.0,-79.35533,-4.0,23.80659,23.806600000000003,0.0,-15.871058999999999,20.0
3336,event_003336.csv,0.0,39.98524,-68.0,0.0,-100.0,0.0,39.52387,-100.0,-39.52387,-72.0,138.71800000000002,59.36269999999999,12.0,-59.51647000000001,-96.0,23.80659,23.806600000000003,0.0,-15.871058999999999,-40.0
3337,event_003337.csv,0.0,39.98524,-56.0,-39.98524,-60.0,0.0,39.52387,-52.0,-39.52387,124.0,118.8792,79.20150000000001,8.0,-39.67766999999999,-60.0,23.80659,23.806600000000003,0.0,-15.871058999999999,-40.0
3338,event_003338.csv,0.0,39.98524,-96.0,-39.98524,28.0,0.0,39.52387,-16.0,-39.52387,-28.0,118.8792,118.8792,64.0,-39.67766999999999,-8.0,23.80659,23.806600000000003,0.0,-15.871058999999999,-8.0
3339,event_003339.csv,0.0,39.98524,-84.0,-39.98524,28.0,0.0,39.52387,-12.0,-39.52387,104.0,118.8792,118.8792,148.0,-79.35533,32.0,23.80659,23.806600000000003,0.0,-15.871058999999999,-72.0
3340,event_003340.csv,0.0,39.98524,-100.0,-39.98524,-92.0,0.0,39.52387,-88.0,0.0,-100.0,118.8792,118.8792,56.0,-118.8792,128.0,23.80659,23.806600000000003,0.0,-7.93553,-68.0
3341,event_003341.csv,0.0,39.98524,-84.0,-39.98524,-8.0,0.0,39.52387,-92.0,-39.52387,-80.0,118.8792,79.20150000000001,4.0,-39.67766999999999,-88.0,23.80659,23.806600000000003,0.0,-7.93553,-40.0
3342,event_003342.csv,0.0,39.98524,-44.0,-39.98524,188.0,0.0,79.20153,-48.0,-39.52387,180.0,118.8792,79.20150000000001,16.0,-39.67766999999999,-36.0,19.838825,27.774365000000003,0.0,-19.838825,-40.0
3343,event_003343.csv,0.0,39.98524,84.0,-39.98524,-20.0,0.0,39.52387,-96.0,-39.52387,-44.0,118.8792,118.8792,112.0,-118.8792,132.0,31.74213,15.871060000000003,0.0,-15.87107,28.0
3344,event_003344.csv,0.0,39.98524,-92.0,0.0,-100.0,0.0,39.52387,-40.0,-39.52387,-76.0,118.8792,118.8792,16.0,-39.67766999999999,-68.0,23.80659,23.806600000000003,0.0,-15.871058999999999,-28.0
3345,event_003345.csv,0.0,39.98524,-80.0,-39.98524,-72.0,0.0,39.52387,-96.0,-39.52387,-44.0,118.8792,79.20150000000001,8.0,-39.67766999999999,-100.0,27.77436,19.83883,0.0,-11.903300000000002,-28.0
3346,event_003346.csv,0.0,39.98524,-100.0,-39.98524,152.0,0.0,39.52387,-60.0,-39.52387,-40.0,118.8792,79.20150000000001,-84.0,-79.35533,-8.0,27.77436,19.83883,0.0,-19.838829,-40.0
3347,event_003347.csv,0.0,39.98524,-92.0,-39.98524,12.0,0.0,39.52387,-56.0,-39.52387,-28.0,118.8792,79.20150000000001,-48.0,-79.35533,40.0,31.74213,15.871060000000003,0.0,-15.87107,12.0
3348,event_003348.csv,0.0,39.98524,-76.0,-39.98524,144.0,0.0,39.52387,-60.0,-39.52387,-88.0,118.8792,79.20150000000001,-28.0,-39.67766999999999,-36.0,23.80659,23.806600000000003,0.0,-15.871058999999999,-28.0
3349,event_003349.csv,0.0,39.98524,-48.0,-39.98524,60.0,0.0,39.52387,-80.0,-39.52387,-68.0,118.8792,79.20150000000001,-88.0,-79.35533,-68.0,23.80659,23.806600000000003,0.0,-7.93553,-20.0
3350,event_003350.csv,0.0,39.98524,-44.0,-39.98524,-68.0,0.0,39.52387,-8.0,-39.52387,132.0,118.8792,79.20150000000001,12.0,-79.35533,-100.0,31.74213,15.871060000000003,0.0,-15.87107,20.0
3351,event_003351.csv,0.0,79.97047,184.0,-39.98524,-4.0,0.0,39.52387,-48.0,-39.52387,12.0,158.5568,79.20159999999998,144.0,-79.35527,-20.0,23.80659,23.806600000000003,0.0,-15.871058999999999,-36.0
3352,event_003352.csv,0.0,39.98524,-88.0,-39.98524,-48.0,0.0,79.20153,16.0,-39.52387,60.0,158.5568,0.0,-100.0,-79.35527,52.0,23.80659,23.806600000000003,0.0,-7.93553,-84.0
3353,event_003353.csv,0.0,39.98524,-12.0,0.0,-100.0,0.0,39.52387,-28.0,-39.52387,-16.0,118.8792,118.8792,-28.0,-39.67766999999999,-16.0,23.80659,23.806600000000003,0.0,-23.80659,-28.0
3354,event_003354.csv,0.0,39.98524,-100.0,-39.98524,28.0,0.0,39.52387,-20.0,-39.52387,-88.0,118.8792,79.20150000000001,100.0,-39.67766999999999,-80.0,15.87106,31.742130000000003,0.0,-15.87106,16.0
3355,event_003355.csv,0.0,39.98524,-80.0,-39.98524,-92.0,0.0,39.52387,-64.0,-39.52387,-60.0,118.8792,79.20150000000001,-100.0,-39.67766999999999,-76.0,23.80659,23.806600000000003,0.0,-23.80659,-36.0
3356,event_003356.csv,0.0,39.98524,-92.0,-39.98524,48.0,0.0,39.52387,-100.0,-39.52387,104.0,158.5568,39.5239,-44.0,-79.35527,-96.0,23.80659,23.806600000000003,0.0,-15.871058999999999,-64.0
3357,event_003357.csv,0.0,39.98524,-92.0,-39.98524,-96.0,0.0,39.52387,-92.0,-39.52387,-16.0,158.5568,79.20159999999998,68.0,-79.35527,-20.0,23.80659,23.806600000000003,0.0,-7.93553,-48.0
3358,event_003358.csv,0.0,39.98524,-100.0,-39.98524,152.0,0.0,39.52387,-88.0,-39.52387,-100.0,158.5568,277.4361,-28.0,-79.35527,-88.0,23.80659,23.806600000000003,0.0,-15.871058999999999,20.0
3359,event_003359.csv,0.0,39.98524,-80.0,-39.98524,196.0,0.0,39.52387,-96.0,-39.52387,-92.0,118.8792,79.20150000000001,-56.0,-39.67766999999999,-28.0,23.80659,23.806600000000003,0.0,-15.871058999999999,8.0
3360,event_003360.csv,0.0,39.98524,-68.0,0.0,-100.0,0.0,39.52387,-88.0,-39.52387,-44.0,158.5568,79.20159999999998,20.0,-79.35527,44.0,23.80659,23.806600000000003,0.0,-15.871058999999999,-36.0
3361,event_003361.csv,0.0,39.98524,-100.0,-39.98524,180.0,0.0,39.52387,-80.0,-39.52387,-20.0,118.8792,79.20150000000001,-40.0,-79.35533,32.0,23.80659,23.806600000000003,0.0,-15.871058999999999,-28.0
3362,event_003362.csv,0.0,39.98524,-72.0,-39.98524,4.0,0.0,39.52387,-96.0,0.0,-100.0,118.8792,79.20150000000001,-40.0,-39.67766999999999,-12.0,23.80659,23.806600000000003,0.0,-15.871058999999999,-40.0
3363,event_003363.csv,0.0,39.98524,52.0,-39.98524,60.0,0.0,39.52387,-72.0,-39.52387,-100.0,118.8792,79.20150000000001,-88.0,-79.35533,172.0,23.80659,23.806600000000003,0.0,-15.871058999999999,20.0
3364,event_003364.csv,0.0,39.98524,-92.0,0.0,-100.0,0.0,39.52387,-68.0,-39.52387,24.0,118.8792,79.20150000000001,148.0,-39.67766999999999,-88.0,23.80659,23.806600000000003,0.0,-7.93553,-48.0
3365,event_003365.csv,0.0,39.98524,-96.0,0.0,-100.0,0.0,39.52387,-64.0,-39.52387,-60.0,118.8792,118.8792,96.0,-39.67766999999999,-84.0,23.80659,23.806600000000003,0.0,-15.871058999999999,-28.0
3366,event_003366.csv,0.0,39.98524,-80.0,0.0,-100.0,0.0,39.52387,-36.0,-39.52387,-96.0,118.8792,79.20150000000001,-36.0,-39.67766999999999,-96.0,23.80659,23.806600000000003,0.0,-7.93553,-72.0
3367,event_003367.csv,0.0,39.98524,-96.0,-39.98524,-36.0,0.0,39.52387,-72.0,-39.52387,-44.0,118.8792,79.20150000000001,72.0,-39.67766999999999,-84.0,31.74213,15.871060000000003,0.0,-15.87107,-8.0
3368,event_003368.csv,0.0,39.98524,-96.0,-39.98524,108.0,0.0,39.52387,-56.0,-39.52387,-100.0,158.5568,39.5239,144.0,-119.03293000000001,36.0,23.80659,23.806600000000003,0.0,-15.871058999999999,-40.0
3369,event_003369.csv,0.0,39.98524,-60.0,-39.98524,-36.0,0.0,39.52387,-72.0,-39.52387,-20.0,118.8792,79.20150000000001,-80.0,-39.67766999999999,-56.0,31.74213,15.871060000000003,0.0,-15.87107,-40.0
3370,event_003370.csv,0.0,39.98524,-52.0,-39.98524,56.0,0.0,39.52387,-52.0,-39.52387,-92.0,118.8792,79.20150000000001,-36.0,-39.67766999999999,-60.0,23.80659,23.806600000000003,0.0,-15.871058999999999,-24.0
3371,event_003371.csv,0.0,39.98524,-32.0,-39.98524,-60.0,0.0,39.52387,-88.0,-39.52387,-60.0,118.8792,79.20150000000001,16.0,-39.67766999999999,120.0,23.80659,23.806600000000003,0.0,-15.871058999999999,-40.0
3372,event_003372.csv,0.0,39.98524,-96.0,0.0,-100.0,0.0,39.52387,-44.0,-39.52387,24.0,118.8792,79.20150000000001,140.0,-39.67766999999999,-72.0,23.80659,23.806600000000003,0.0,-15.871058999999999,-40.0
3373,event_003373.csv,0.0,39.98524,-96.0,-39.98524,120.0,0.0,39.52387,-72.0,-39.52387,-44.0,118.8792,79.20150000000001,4.0,-79.35533,40.0,23.80659,23.806600000000003,0.0,-15.871058999999999,-40.0
3374,event_003374.csv,0.0,39.98524,-92.0,-39.98524,28.0,0.0,39.52387,-80.0,-39.52387,52.0,158.5568,39.5239,-80.0,-79.35527,-20.0,15.87106,31.742130000000003,0.0,-7.935529,-28.0
3375,event_003375.csv,0.0,39.98524,-80.0,-39.98524,120.0,0.0,39.52387,-80.0,-39.52387,-60.0,118.8792,79.20150000000001,16.0,-39.67766999999999,-24.0,23.80659,23.806600000000003,0.0,-15.871058999999999,-40.0
3376,event_003376.csv,0.0,39.98524,-8.0,-39.98524,-20.0,0.0,39.52387,-64.0,0.0,-100.0,118.8792,79.20150000000001,-24.0,-79.35533,32.0,23.80659,23.806600000000003,0.0,-7.93553,-100.0
3377,event_003377.csv,0.0,39.98524,-68.0,-39.98524,100.0,0.0,39.52387,-64.0,-39.52387,-20.0,118.8792,79.20150000000001,-40.0,-79.35533,128.0,23.80659,23.806600000000003,0.0,-15.871058999999999,-36.0
3378,event_003378.csv,0.0,39.98524,-80.0,0.0,-100.0,0.0,39.52387,-72.0,-39.52387,-60.0,118.8792,79.20150000000001,16.0,-39.67766999999999,-44.0,27.77436,19.83883,0.0,-19.838829,20.0
3379,event_003379.csv,0.0,39.98524,-84.0,-39.98524,-52.0,0.0,39.52387,-32.0,-39.52387,20.0,118.8792,118.8792,160.0,-79.35533,76.0,23.80659,23.806600000000003,0.0,-7.93553,-68.0
3380,event_003380.csv,0.0,39.98524,-96.0,-39.98524,-52.0,0.0,39.52387,-56.0,-39.52387,-92.0,118.8792,118.8792,8.0,-39.67766999999999,-84.0,15.87106,31.742130000000003,0.0,-7.935529,-40.0
3381,event_003381.csv,0.0,39.98524,-96.0,0.0,-100.0,0.0,39.52387,-88.0,-39.52387,-68.0,118.8792,79.20150000000001,88.0,-39.67766999999999,-80.0,27.77436,19.83883,0.0,-11.903300000000002,-36.0
3382,event_003382.csv,0.0,39.98524,-92.0,-39.98524,-16.0,0.0,39.52387,0.0,-39.52387,-8.0,118.8792,79.20150000000001,100.0,-79.35533,32.0,23.80659,23.806600000000003,0.0,-15.871058999999999,-40.0
3383,event_003383.csv,0.0,39.98524,72.0,-39.98524,-44.0,0.0,39.52387,-88.0,-39.52387,-84.0,118.8792,79.20150000000001,16.0,-79.35533,36.0,23.80659,23.806600000000003,0.0,-15.871058999999999,20.0
3384,event_003384.csv,0.0,39.98524,-72.0,-39.98524,-76.0,0.0,39.52387,-80.0,-39.52387,-60.0,118.8792,79.20150000000001,8.0,-39.67766999999999,0.0,23.80659,23.806600000000003,0.0,-15.871058999999999,-28.0
3385,event_003385.csv,0.0,39.98524,-56.0,-39.98524,124.0,0.0,39.52387,-88.0,-39.52387,-92.0,118.8792,79.20150000000001,-28.0,-39.67766999999999,-52.0,23.80659,23.806600000000003,0.0,-7.93553,-52.0
3386,event_003386.csv,0.0,39.98524,-96.0,-39.98524,-36.0,0.0,39.52387,-56.0,-39.52387,-92.0,118.8792,79.20150000000001,16.0,-39.67766999999999,-56.0,23.80659,23.806600000000003,0.0,-15.871058999999999,-64.0
3387,event_003387.csv,0.0,39.98524,-92.0,0.0,-100.0,0.0,39.52387,-56.0,-39.52387,36.0,118.8792,79.20150000000001,-40.0,-79.35533,44.0,15.87106,31.742130000000003,0.0,-15.87106,-36.0
3388,event_003388.csv,0.0,39.98524,-44.0,-39.98524,-20.0,0.0,39.52387,-64.0,-39.52387,-84.0,118.8792,79.20150000000001,16.0,-39.67766999999999,-88.0,23.80659,23.806600000000003,0.0,-7.93553,-64.0
3389,event_003389.csv,0.0,39.98524,-88.0,-39.98524,-24.0,0.0,39.52387,12.0,-39.52387,-80.0,118.8792,79.20150000000001,8.0,-39.67766999999999,-64.0,23.80659,23.806600000000003,0.0,-15.871058999999999,16.0
3390,event_003390.csv,0.0,39.98524,-100.0,0.0,-96.0,0.0,39.52387,-92.0,-39.52387,-64.0,118.8792,79.20150000000001,-40.0,-39.67766999999999,-24.0,23.80659,23.806600000000003,0.0,-15.871058999999999,-40.0
3391,event_003391.csv,0.0,39.98524,-84.0,0.0,-100.0,0.0,39.52387,-92.0,-39.52387,-40.0,118.8792,79.20150000000001,-48.0,-79.35533,36.0,23.80659,23.806600000000003,0.0,-15.871058999999999,-64.0
3392,event_003392.csv,0.0,39.98524,-76.0,-39.98524,112.0,0.0,39.52387,-84.0,-39.52387,-40.0,158.5568,39.5239,-28.0,-79.35527,-64.0,23.80659,23.806600000000003,0.0,-7.93553,-40.0
3393,event_003393.csv,0.0,39.98524,-84.0,-39.98524,-96.0,0.0,39.52387,-100.0,-39.52387,-96.0,118.8792,118.8792,16.0,-79.35533,0.0,23.80659,23.806600000000003,0.0,-7.93553,24.0
3394,event_003394.csv,0.0,39.98524,-92.0,-39.98524,-88.0,0.0,79.20153,140.0,-39.52387,-80.0,118.8792,79.20150000000001,12.0,-39.67766999999999,-32.0,23.80659,23.806600000000003,0.0,-15.871058999999999,-48.0
3395,event_003395.csv,0.0,39.98524,-80.0,-39.98524,-4.0,0.0,39.52387,-8.0,-39.52387,-76.0,158.5568,79.20159999999998,112.0,-119.03293000000001,136.0,23.80659,23.806600000000003,0.0,-15.871058999999999,-28.0
3396,event_003396.csv,0.0,39.98524,-84.0,-39.98524,48.0,0.0,79.20153,128.0,-39.52387,-68.0,118.8792,79.20150000000001,-40.0,-39.67766999999999,-76.0,31.74213,15.871060000000003,0.0,-23.806599,-40.0
3397,event_003397.csv,0.0,39.98524,-88.0,0.0,-100.0,0.0,39.52387,-88.0,-39.52387,-100.0,118.8792,79.20150000000001,-40.0,-39.67766999999999,64.0,23.80659,23.806600000000003,0.0,-15.871058999999999,28.0
3398,event_003398.csv,0.0,39.98524,-100.0,-39.98524,-92.0,0.0,39.52387,-64.0,-39.52387,-60.0,118.8792,79.20150000000001,56.0,-39.67766999999999,-60.0,27.77436,19.83883,0.0,-11.903300000000002,-36.0
3399,event_003399.csv,0.0,39.98524,-84.0,-39.98524,-16.0,0.0,79.20153,64.0,-39.52387,-12.0,118.8792,79.20150000000001,104.0,-39.67766999999999,-100.0,15.87106,31.742130000000003,0.0,-15.87106,20.0
3400,event_003400.csv,0.0,39.98524,-84.0,0.0,-100.0,0.0,39.52387,-48.0,-39.52387,-28.0,158.5568,118.87919999999997,12.0,-198.08067,36.0,23.80659,23.806600000000003,0.0,-15.871058999999999,20.0
3401,event_003401.csv,0.0,39.98524,-48.0,0.0,-100.0,0.0,39.52387,-80.0,-39.52387,-36.0,158.5568,79.20159999999998,144.0,-119.03293000000001,168.0,27.77436,19.83883,0.0,-19.838829,-40.0
3402,event_003402.csv,0.0,39.98524,-72.0,-39.98524,-52.0,0.0,39.52387,-88.0,-39.52387,-68.0,118.8792,79.20150000000001,112.0,-39.67766999999999,-36.0,23.80659,23.806600000000003,0.0,-15.871058999999999,-28.0
3403,event_003403.csv,0.0,39.98524,-92.0,-39.98524,152.0,0.0,79.20153,-76.0,-39.52387,32.0,118.8792,79.20150000000001,4.0,-39.67766999999999,-64.0,23.80659,23.806600000000003,0.0,-7.93553,-72.0
3404,event_003404.csv,0.0,39.98524,-96.0,-39.98524,108.0,0.0,39.52387,-96.0,-39.52387,-76.0,158.5568,39.5239,-76.0,-79.35527,-44.0,23.80659,23.806600000000003,0.0,-15.871058999999999,-36.0
3405,event_003405.csv,0.0,39.98524,-32.0,-39.98524,120.0,0.0,39.52387,-48.0,-39.52387,-92.0,158.5568,79.20159999999998,16.0,-79.35527,-68.0,23.80659,23.806600000000003,0.0,-7.93553,-48.0
3406,event_003406.csv,0.0,39.98524,-92.0,-39.98524,-64.0,0.0,39.52387,-96.0,-39.52387,-84.0,118.8792,79.20150000000001,-40.0,-39.67766999999999,116.0,23.80659,23.806600000000003,0.0,-15.871058999999999,-40.0
3407,event_003407.csv,0.0,39.98524,-64.0,-39.98524,-60.0,0.0,39.52387,-80.0,-39.52387,-20.0,118.8792,79.20150000000001,4.0,-39.67766999999999,-12.0,23.80659,23.806600000000003,0.0,-7.93553,-52.0
3408,event_003408.csv,0.0,39.98524,-92.0,-39.98524,-84.0,0.0,39.52387,-56.0,-39.52387,-84.0,118.8792,118.8792,112.0,-79.35533,188.0,23.80659,23.806600000000003,0.0,-7.93553,20.0
3409,event_003409.csv,0.0,39.98524,-72.0,0.0,-100.0,0.0,39.52387,-40.0,0.0,-100.0,158.5568,39.5239,-40.0,-119.03293000000001,176.0,23.80659,23.806600000000003,0.0,-15.871058999999999,-36.0
3410,event_003410.csv,0.0,39.98524,8.0,-39.98524,116.0,0.0,39.52387,-96.0,-39.52387,-92.0,138.71800000000002,59.36269999999999,-40.0,-59.51647000000001,-60.0,31.74213,15.871060000000003,0.0,-15.87107,-52.0
3411,event_003411.csv,0.0,39.98524,-96.0,0.0,-100.0,0.0,39.52387,-72.0,-39.52387,-68.0,118.8792,79.20150000000001,-40.0,-39.67766999999999,-84.0,23.80659,23.806600000000003,0.0,-15.871058999999999,-36.0
3412,event_003412.csv,0.0,39.98524,-68.0,-39.98524,-84.0,0.0,39.52387,-96.0,-39.52387,-44.0,118.8792,79.20150000000001,100.0,-39.67766999999999,-100.0,27.77436,19.83883,0.0,-11.903300000000002,-52.0
3413,event_003413.csv,0.0,39.98524,-80.0,0.0,-100.0,0.0,39.52387,-80.0,-39.52387,-92.0,118.8792,79.20150000000001,20.0,-39.67766999999999,-12.0,23.80659,23.806600000000003,0.0,-15.871058999999999,-28.0
3414,event_003414.csv,0.0,39.98524,-76.0,-39.98524,-24.0,0.0,39.52387,-44.0,-39.52387,-96.0,118.8792,79.20150000000001,20.0,-79.35533,120.0,23.80659,23.806600000000003,0.0,-15.871058999999999,-40.0
3415,event_003415.csv,0.0,39.98524,-88.0,-39.98524,-68.0,0.0,39.52387,-96.0,-39.52387,-84.0,118.8792,79.20150000000001,12.0,-79.35533,36.0,23.80659,23.806600000000003,0.0,-15.871058999999999,28.0
3416,event_003416.csv,0.0,39.98524,-88.0,0.0,-100.0,0.0,79.20153,-88.0,-39.52387,-12.0,158.5568,4841.4432,4.0,-79.35527,-68.0,0.0,71.45054,4.0,-7.935531,-20.0
3417,event_003417.csv,0.0,39.98524,-96.0,-39.98524,-12.0,0.0,39.52387,-80.0,-39.52387,-92.0,118.8792,118.8792,120.0,-79.35533,48.0,15.87106,39.67766,12.0,-15.87106,-28.0
3418,event_003418.csv,0.0,39.98524,-92.0,0.0,-100.0,0.0,79.20153,120.0,-39.52387,-92.0,118.8792,79.20150000000001,20.0,-39.67766999999999,-88.0,23.80659,23.806600000000003,0.0,-7.93553,-92.0
3419,event_003419.csv,0.0,39.98524,-96.0,-39.98524,-20.0,0.0,39.52387,-16.0,-39.52387,-28.0,118.8792,79.20150000000001,12.0,-79.35533,40.0,23.80659,23.806600000000003,0.0,-7.93553,20.0
3420,event_003420.csv,0.0,39.98524,-92.0,0.0,-100.0,0.0,39.52387,-100.0,-39.52387,8.0,118.8792,277.43600000000004,180.0,-39.67766999999999,-96.0,23.80659,23.806600000000003,0.0,-7.93553,-52.0
3421,event_003421.csv,0.0,39.98524,-96.0,-39.98524,-36.0,0.0,39.52387,104.0,-39.52387,-68.0,118.8792,79.20150000000001,-28.0,-79.35533,-4.0,23.80659,23.806600000000003,0.0,-15.871058999999999,-36.0
3422,event_003422.csv,0.0,39.98524,-56.0,-39.98524,-4.0,0.0,39.52387,-56.0,-39.52387,-44.0,118.8792,79.20150000000001,16.0,-79.35533,44.0,23.80659,23.806600000000003,0.0,-7.93553,-36.0
3423,event_003423.csv,0.0,39.98524,-80.0,-39.98524,-92.0,0.0,39.52387,-72.0,-39.52387,-76.0,118.8792,79.20150000000001,-80.0,-39.67766999999999,-24.0,23.80659,23.806600000000003,0.0,-15.871058999999999,16.0
3424,event_003424.csv,0.0,39.98524,-84.0,0.0,-100.0,0.0,39.52387,-24.0,-39.52387,16.0,158.5568,39.5239,-40.0,-79.35527,-96.0,23.80659,23.806600000000003,0.0,-23.80659,20.0
3425,event_003425.csv,0.0,39.98524,-76.0,-39.98524,-92.0,0.0,79.20153,-40.0,-39.52387,52.0,118.8792,118.8792,8.0,-79.35533,36.0,23.80659,23.806600000000003,0.0,-15.871058999999999,-52.0
3426,event_003426.csv,0.0,39.98524,-84.0,-39.98524,-12.0,0.0,39.52387,-88.0,-39.52387,4.0,118.8792,118.8792,8.0,-39.67766999999999,-44.0,23.80659,23.806600000000003,0.0,-15.871058999999999,-36.0
3427,event_003427.csv,0.0,39.98524,-96.0,-39.98524,-92.0,0.0,39.52387,-64.0,-39.52387,-100.0,118.8792,79.20150000000001,-56.0,-39.67766999999999,40.0,23.80659,23.806600000000003,0.0,-15.871058999999999,-28.0
3428,event_003428.csv,0.0,39.98524,-96.0,-39.98524,68.0,0.0,39.52387,0.0,-39.52387,-76.0,118.8792,79.20150000000001,8.0,-39.67766999999999,-76.0,31.74213,15.871060000000003,0.0,-15.87107,-52.0
3429,event_003429.csv,0.0,39.98524,-88.0,-39.98524,-76.0,0.0,39.52387,-88.0,-39.52387,-20.0,118.8792,79.20150000000001,16.0,-39.67766999999999,-96.0,23.80659,23.806600000000003,0.0,-15.871058999999999,20.0
3430,event_003430.csv,0.0,39.98524,-72.0,-39.98524,-60.0,0.0,39.52387,-72.0,-39.52387,-68.0,118.8792,79.20150000000001,-68.0,-39.67766999999999,-100.0,23.80659,23.806600000000003,0.0,-15.871058999999999,-40.0
3431,event_003431.csv,0.0,39.98524,-88.0,0.0,-100.0,0.0,39.52387,-48.0,-39.52387,-60.0,118.8792,118.8792,-88.0,-39.67766999999999,-100.0,23.80659,23.806600000000003,0.0,-23.80659,-28.0
3432,event_003432.csv,0.0,39.98524,-84.0,-39.98524,-88.0,0.0,39.52387,-68.0,-39.52387,-32.0,158.5568,39.5239,-28.0,-119.03293000000001,0.0,23.80659,23.806600000000003,0.0,-15.871058999999999,16.0
3433,event_003433.csv,0.0,39.98524,60.0,0.0,-100.0,0.0,39.52387,8.0,-39.52387,-92.0,118.8792,79.20150000000001,56.0,-39.67766999999999,-76.0,31.74213,15.871060000000003,0.0,-15.87107,-4.0
3434,event_003434.csv,0.0,39.98524,-64.0,-39.98524,28.0,0.0,39.52387,-48.0,-39.52387,36.0,118.8792,79.20150000000001,-48.0,-39.67766999999999,-68.0,23.80659,23.806600000000003,0.0,-15.871058999999999,4.0
3435,event_003435.csv,0.0,39.98524,-100.0,-39.98524,-92.0,0.0,39.52387,-72.0,-39.52387,-92.0,118.8792,118.8792,8.0,-79.35533,36.0,23.80659,23.806600000000003,0.0,-23.80659,28.0
3436,event_003436.csv,0.0,39.98524,-44.0,0.0,-100.0,0.0,39.52387,-52.0,-39.52387,-48.0,118.8792,79.20150000000001,4.0,-79.35533,-64.0,23.80659,23.806600000000003,0.0,-23.80659,20.0
3437,event_003437.csv,0.0,39.98524,-96.0,-39.98524,-92.0,0.0,39.52387,-64.0,-39.52387,-68.0,158.5568,277.4361,152.0,-79.35527,-20.0,23.80659,23.806600000000003,0.0,-7.93553,-92.0
3438,event_003438.csv,0.0,39.98524,-16.0,-39.98524,-8.0,0.0,39.52387,-36.0,-39.52387,0.0,118.8792,79.20150000000001,-52.0,-79.35533,120.0,23.80659,23.806600000000003,0.0,-15.871058999999999,-40.0
3439,event_003439.csv,0.0,39.98524,-100.0,0.0,-92.0,0.0,79.20153,88.0,-39.52387,-76.0,158.5568,39.5239,-40.0,-79.35527,-12.0,23.80659,23.806600000000003,0.0,-7.93553,-68.0
3440,event_003440.csv,0.0,39.98524,-100.0,-39.98524,104.0,0.0,39.52387,-92.0,-39.52387,-72.0,138.71800000000002,99.04039999999998,4.0,-138.71800000000002,88.0,23.80659,23.806600000000003,0.0,-7.93553,-20.0
3441,event_003441.csv,0.0,39.98524,-92.0,-39.98524,144.0,0.0,79.20153,-4.0,-39.52387,-72.0,118.8792,118.8792,-28.0,-79.35533,44.0,23.80659,23.806600000000003,0.0,-15.871058999999999,-28.0
3442,event_003442.csv,0.0,39.98524,-100.0,-39.98524,-28.0,0.0,39.52387,-88.0,-39.52387,-84.0,118.8792,79.20150000000001,16.0,-39.67766999999999,68.0,23.80659,23.806600000000003,0.0,-7.93553,-64.0
3443,event_003443.csv,0.0,39.98524,-60.0,-39.98524,-100.0,0.0,39.52387,-72.0,-39.52387,-92.0,118.8792,118.8792,144.0,-39.67766999999999,168.0,23.80659,23.806600000000003,0.0,-23.80659,20.0
3444,event_003444.csv,0.0,39.98524,36.0,0.0,-100.0,0.0,39.52387,-80.0,-39.52387,-28.0,118.8792,118.8792,-32.0,-79.35533,-12.0,23.80659,23.806600000000003,0.0,-15.871058999999999,-28.0
3445,event_003445.csv,0.0,39.98524,-100.0,-39.98524,16.0,0.0,79.20153,180.0,-39.52387,-64.0,118.8792,79.20150000000001,140.0,-39.67766999999999,-96.0,23.80659,23.806600000000003,0.0,-7.93553,-40.0
3446,event_003446.csv,0.0,39.98524,-20.0,-39.98524,96.0,0.0,79.20153,92.0,-39.52387,-88.0,118.8792,79.20150000000001,-28.0,-39.67766999999999,40.0,23.80659,23.806600000000003,0.0,-15.871058999999999,-40.0
3447,event_003447.csv,0.0,39.98524,-96.0,-39.98524,-60.0,0.0,39.52387,-100.0,-39.52387,-56.0,118.8792,79.20150000000001,-28.0,-39.67766999999999,-76.0,31.74213,15.871060000000003,0.0,-23.806599,8.0
3448,event_003448.csv,0.0,39.98524,-88.0,-39.98524,-92.0,0.0,39.52387,-88.0,-39.52387,-100.0,118.8792,118.8792,-40.0,-39.67766999999999,-96.0,23.80659,23.806600000000003,0.0,-23.80659,-40.0
3449,event_003449.csv,0.0,39.98524,-88.0,0.0,-100.0,0.0,39.52387,-80.0,-39.52387,4.0,118.8792,118.8792,56.0,-118.8792,32.0,23.80659,23.806600000000003,0.0,-15.871058999999999,16.0
3450,event_003450.csv,0.0,39.98524,-32.0,-39.98524,28.0,0.0,39.52387,-96.0,-39.52387,180.0,118.8792,79.20150000000001,-64.0,-39.67766999999999,-88.0,31.74213,15.871060000000003,0.0,-15.87107,20.0
3451,event_003451.csv,0.0,39.98524,-48.0,-39.98524,92.0,0.0,39.52387,24.0,-39.52387,-92.0,118.8792,79.20150000000001,16.0,-79.35533,120.0,23.80659,23.806600000000003,0.0,-15.871058999999999,-28.0
3452,event_003452.csv,0.0,39.98524,-84.0,0.0,-100.0,0.0,39.52387,-84.0,-39.52387,-96.0,118.8792,79.20150000000001,16.0,-39.67766999999999,-24.0,23.80659,23.806600000000003,0.0,-15.871058999999999,20.0
3453,event_003453.csv,0.0,39.98524,-64.0,-39.98524,124.0,0.0,39.52387,-40.0,-39.52387,-92.0,118.8792,79.20150000000001,-40.0,-39.67766999999999,-64.0,23.80659,23.806600000000003,0.0,-15.871058999999999,-36.0
3454,event_003454.csv,0.0,39.98524,-68.0,-39.98524,-100.0,0.0,39.52387,-64.0,-39.52387,-68.0,118.8792,79.20150000000001,-88.0,-39.67766999999999,-60.0,31.74213,15.871060000000003,0.0,-15.87107,-20.0
3455,event_003455.csv,0.0,39.98524,-68.0,-39.98524,152.0,0.0,39.52387,-52.0,-39.52387,-96.0,138.71800000000002,59.36269999999999,156.0,-59.51647000000001,-56.0,27.77436,19.83883,0.0,-11.903300000000002,-36.0
3456,event_003456.csv,0.0,39.98524,-88.0,-39.98524,48.0,0.0,39.52387,-76.0,-39.52387,24.0,138.71800000000002,59.36269999999999,16.0,-59.51647000000001,-36.0,23.80659,23.806600000000003,0.0,-15.871058999999999,-40.0
3457,event_003457.csv,0.0,39.98524,-80.0,-39.98524,-28.0,0.0,39.52387,-32.0,-39.52387,44.0,118.8792,118.8792,20.0,-39.67766999999999,-68.0,23.80659,23.806600000000003,0.0,-7.93553,-88.0
3458,event_003458.csv,0.0,39.98524,-92.0,0.0,-100.0,0.0,79.20153,-48.0,-39.52387,36.0,118.8792,118.8792,16.0,-118.8792,44.0,23.80659,23.806600000000003,0.0,-15.871058999999999,16.0
3459,event_003459.csv,0.0,39.98524,-92.0,0.0,-100.0,0.0,39.52387,-24.0,-39.52387,-28.0,118.8792,79.20150000000001,-64.0,-79.35533,76.0,31.74213,15.871060000000003,0.0,-15.87107,-60.0
3460,event_003460.csv,0.0,39.98524,-96.0,-39.98524,148.0,0.0,39.52387,-64.0,-39.52387,-100.0,118.8792,79.20150000000001,-40.0,-79.35533,172.0,23.80659,23.806600000000003,0.0,-15.871058999999999,-28.0
3461,event_003461.csv,0.0,39.98524,-96.0,-39.98524,-84.0,0.0,39.52387,-88.0,-39.52387,-84.0,118.8792,79.20150000000001,8.0,-39.67766999999999,76.0,23.80659,23.806600000000003,0.0,-15.871058999999999,-28.0
3462,event_003462.csv,0.0,39.98524,-72.0,-39.98524,148.0,0.0,39.52387,-52.0,-39.52387,52.0,118.8792,79.20150000000001,64.0,-79.35533,36.0,23.80659,23.806600000000003,0.0,-7.93553,-76.0
3463,event_003463.csv,0.0,39.98524,-84.0,-39.98524,-76.0,0.0,39.52387,-32.0,-39.52387,-84.0,118.8792,79.20150000000001,-40.0,-39.67766999999999,-96.0,23.80659,23.806600000000003,0.0,-15.871058999999999,28.0
3464,event_003464.csv,0.0,39.98524,-96.0,-39.98524,60.0,0.0,39.52387,-96.0,-39.52387,-68.0,118.8792,79.20150000000001,112.0,-39.67766999999999,-100.0,23.80659,23.806600000000003,0.0,-7.93553,-52.0
3465,event_003465.csv,0.0,39.98524,-8.0,-39.98524,-100.0,0.0,39.52387,40.0,-39.52387,-80.0,118.8792,79.20150000000001,8.0,-79.35533,28.0,23.80659,31.742130000000003,0.0,-15.871058999999999,20.0
3466,event_003466.csv,0.0,39.98524,-88.0,-39.98524,124.0,0.0,79.20153,-88.0,-39.52387,12.0,158.5568,79.20159999999998,-76.0,-158.5568,-56.0,23.80659,23.806600000000003,0.0,-7.93553,-68.0
3467,event_003467.csv,0.0,39.98524,-52.0,-39.98524,-80.0,0.0,79.20153,156.0,-39.52387,-64.0,118.8792,79.20150000000001,12.0,-79.35533,-8.0,31.74213,15.871060000000003,0.0,-23.806599,-24.0
3468,event_003468.csv,0.0,39.98524,-80.0,0.0,-100.0,0.0,39.52387,-100.0,-39.52387,-68.0,118.8792,79.20150000000001,16.0,-39.67766999999999,-68.0,31.74213,15.871060000000003,0.0,-15.87107,52.0
3469,event_003469.csv,0.0,39.98524,-88.0,-39.98524,84.0,0.0,39.52387,-88.0,-39.52387,-100.0,118.8792,79.20150000000001,64.0,-39.67766999999999,0.0,23.80659,23.806600000000003,0.0,-7.93553,-36.0
3470,event_003470.csv,0.0,39.98524,-96.0,-39.98524,-28.0,0.0,39.52387,-80.0,-39.52387,108.0,118.8792,79.20150000000001,-40.0,-39.67766999999999,-64.0,15.87106,31.742130000000003,0.0,-15.87106,20.0
3471,event_003471.csv,0.0,39.98524,-76.0,-39.98524,-8.0,0.0,39.52387,-12.0,-39.52387,-24.0,118.8792,158.55679999999998,12.0,-79.35533,-60.0,15.87106,31.742130000000003,0.0,-23.806591,-36.0
3472,event_003472.csv,0.0,39.98524,-88.0,-39.98524,16.0,0.0,39.52387,-80.0,-39.52387,-52.0,118.8792,79.20150000000001,-72.0,-79.35533,36.0,23.80659,23.806600000000003,0.0,-7.93553,-76.0
3473,event_003473.csv,0.0,39.98524,-32.0,-39.98524,-100.0,0.0,39.52387,-56.0,-39.52387,-100.0,118.8792,118.8792,148.0,-79.35533,40.0,15.87106,31.742130000000003,0.0,-7.935529,-40.0
3474,event_003474.csv,0.0,39.98524,-96.0,-39.98524,-68.0,0.0,39.52387,-56.0,-39.52387,4.0,118.8792,79.20150000000001,-80.0,-39.67766999999999,-88.0,31.74213,15.871060000000003,0.0,-15.87107,-60.0
3475,event_003475.csv,0.0,79.97047,-80.0,-39.98524,60.0,0.0,39.52387,-72.0,-39.52387,-68.0,118.8792,79.20150000000001,-64.0,-39.67766999999999,-44.0,23.80659,23.806600000000003,0.0,-7.93553,-76.0
3476,event_003476.csv,0.0,39.98524,-48.0,0.0,-100.0,0.0,39.52387,-16.0,-39.52387,-76.0,118.8792,118.8792,-36.0,-79.35533,-8.0,15.87106,31.742130000000003,0.0,-15.87106,-36.0
3477,event_003477.csv,0.0,39.98524,-96.0,-39.98524,-88.0,0.0,39.52387,-72.0,-39.52387,-44.0,118.8792,79.20150000000001,16.0,-39.67766999999999,-100.0,23.80659,23.806600000000003,0.0,-15.871058999999999,-48.0
3478,event_003478.csv,0.0,39.98524,-76.0,0.0,-100.0,0.0,39.52387,-100.0,-39.52387,-72.0,118.8792,79.20150000000001,-92.0,-39.67766999999999,-64.0,23.80659,23.806600000000003,0.0,-15.871058999999999,-24.0
3479,event_003479.csv,0.0,39.98524,-88.0,-39.98524,-20.0,0.0,39.52387,-80.0,-39.52387,-92.0,118.8792,118.8792,16.0,-79.35533,116.0,23.80659,23.806600000000003,0.0,-15.871058999999999,20.0
3480,event_003480.csv,0.0,39.98524,-100.0,-39.98524,-72.0,0.0,39.52387,-52.0,-39.52387,8.0,118.8792,79.20150000000001,-68.0,-79.35533,-8.0,23.80659,23.806600000000003,0.0,-15.871058999999999,-28.0
3481,event_003481.csv,0.0,39.98524,-80.0,-39.98524,28.0,0.0,39.52387,-32.0,-39.52387,-92.0,118.8792,79.20150000000001,4.0,-39.67766999999999,-68.0,23.80659,23.806600000000003,0.0,-15.871058999999999,8.0
3482,event_003482.csv,0.0,39.98524,-96.0,0.0,-100.0,0.0,39.52387,-96.0,-39.52387,52.0,118.8792,673.9050000000001,-80.0,-39.67766999999999,172.0,15.87106,31.742130000000003,0.0,-15.87106,20.0
3483,event_003483.csv,0.0,39.98524,-88.0,-39.98524,-32.0,0.0,39.52387,-100.0,-39.52387,-40.0,118.8792,118.8792,-100.0,-79.35533,32.0,23.80659,23.806600000000003,0.0,-15.871058999999999,-40.0
3484,event_003484.csv,0.0,39.98524,-88.0,-39.98524,76.0,0.0,39.52387,-88.0,-39.52387,-100.0,158.5568,79.20159999999998,-16.0,-119.03293000000001,-4.0,23.80659,23.806600000000003,0.0,-15.871058999999999,-48.0
3485,event_003485.csv,0.0,39.98524,-76.0,-39.98524,16.0,0.0,39.52387,-100.0,-39.52387,-88.0,118.8792,118.8792,8.0,-79.35533,40.0,23.80659,23.806600000000003,0.0,-15.871058999999999,24.0
3486,event_003486.csv,0.0,39.98524,-80.0,-39.98524,92.0,0.0,79.20153,-48.0,0.0,-100.0,118.8792,39.67760000000001,-80.0,-39.67766999999999,-100.0,23.80659,23.806600000000003,0.0,-7.93553,-8.0
3487,event_003487.csv,0.0,39.98524,-64.0,-39.98524,124.0,0.0,39.52387,-96.0,-39.52387,92.0,138.71800000000002,59.36269999999999,16.0,-59.51647000000001,-36.0,31.74213,15.871060000000003,0.0,-7.93554,-100.0
3488,event_003488.csv,0.0,39.98524,-4.0,0.0,-100.0,0.0,39.52387,-76.0,-39.52387,-24.0,118.8792,79.20150000000001,108.0,-79.35533,-8.0,23.80659,23.806600000000003,0.0,-15.871058999999999,-48.0
3489,event_003489.csv,0.0,39.98524,-100.0,-39.98524,-96.0,0.0,79.20153,-52.0,0.0,-96.0,118.8792,79.20150000000001,-28.0,-39.67766999999999,-100.0,23.80659,23.806600000000003,0.0,-15.871058999999999,-40.0
3490,event_003490.csv,0.0,39.98524,-92.0,-39.98524,108.0,0.0,39.52387,-100.0,-39.52387,-24.0,118.8792,79.20150000000001,-28.0,-79.35533,128.0,15.87106,31.742130000000003,0.0,-7.935529,-40.0
3491,event_003491.csv,0.0,39.98524,-100.0,-39.98524,-28.0,0.0,39.52387,-12.0,-39.52387,-100.0,118.8792,118.8792,152.0,-79.35533,116.0,31.74213,15.871060000000003,0.0,-15.87107,-64.0
3492,event_003492.csv,0.0,39.98524,-80.0,-39.98524,92.0,0.0,39.52387,-96.0,-39.52387,-76.0,118.8792,118.8792,144.0,-39.67766999999999,-36.0,31.74213,15.871060000000003,0.0,-15.87107,-40.0
3493,event_003493.csv,0.0,39.98524,-96.0,-39.98524,120.0,0.0,39.52387,-100.0,-39.52387,48.0,118.8792,4881.1208,4.0,-39.67766999999999,-76.0,0.0,55.54872,4.0,-7.935531,-80.0
3494,event_003494.csv,0.0,39.98524,-12.0,0.0,-100.0,0.0,39.52387,-20.0,-39.52387,0.0,118.8792,79.20150000000001,-40.0,-39.67766999999999,-48.0,15.87106,31.742130000000003,0.0,-7.935529,-52.0
3495,event_003495.csv,0.0,39.98524,-72.0,-39.98524,148.0,0.0,39.52387,-48.0,-39.52387,-92.0,118.8792,79.20150000000001,-40.0,-39.67766999999999,-12.0,23.80659,23.806600000000003,0.0,-7.93553,-40.0
3496,event_003496.csv,0.0,39.98524,-92.0,-39.98524,156.0,0.0,39.52387,72.0,-39.52387,-76.0,118.8792,79.20150000000001,8.0,-39.67766999999999,-68.0,23.80659,23.806600000000003,0.0,-15.871058999999999,-40.0
3497,event_003497.csv,0.0,39.98524,-72.0,-39.98524,-52.0,0.0,39.52387,-64.0,-39.52387,-28.0,158.5568,39.5239,16.0,-79.35527,36.0,23.80659,23.806600000000003,0.0,-7.93553,-52.0
3498,event_003498.csv,0.0,39.98524,-96.0,-39.98524,-8.0,0.0,39.52387,-96.0,-39.52387,-60.0,118.8792,79.20150000000001,8.0,-39.67766999999999,-92.0,15.87106,31.742130000000003,0.0,-15.87106,-40.0
3499,event_003499.csv,0.0,39.98524,-84.0,-39.98524,-44.0,0.0,39.52387,-88.0,-39.52387,-20.0,158.5568,79.20159999999998,16.0,-79.35527,-100.0,31.74213,15.871060000000003,0.0,-23.806599,-36.0
3500,event_003500.csv,0.0,39.98524,-16.0,0.0,-100.0,0.0,39.52387,-80.0,-39.52387,-100.0,118.8792,79.20150000000001,8.0,-118.8792,36.0,23.80659,23.806600000000003,0.0,-15.871058999999999,28.0
3501,event_003501.csv,0.0,39.98524,-48.0,-39.98524,48.0,0.0,39.52387,-88.0,-39.52387,92.0,118.8792,79.20150000000001,8.0,-79.35533,-12.0,15.87106,31.742130000000003,0.0,-15.87106,20.0
3502,event_003502.csv,0.0,39.98524,-100.0,-39.98524,36.0,0.0,39.52387,64.0,-39.52387,-60.0,118.8792,118.8792,8.0,-79.35533,-96.0,23.80659,23.806600000000003,0.0,-15.871058999999999,20.0
3503,event_003503.csv,0.0,39.98524,-80.0,-39.98524,-68.0,0.0,79.20153,-100.0,-39.52387,-4.0,118.8792,118.8792,16.0,-39.67766999999999,-4.0,23.80659,23.806600000000003,0.0,-15.871058999999999,20.0
3504,event_003504.csv,0.0,39.98524,-100.0,0.0,-92.0,0.0,39.52387,-96.0,-39.52387,-52.0,118.8792,79.20150000000001,-76.0,-39.67766999999999,-92.0,23.80659,23.806600000000003,0.0,-7.93553,-72.0
3505,event_003505.csv,0.0,39.98524,-68.0,-39.98524,132.0,0.0,79.20153,-88.0,-39.52387,-100.0,118.8792,118.8792,152.0,-39.67766999999999,-68.0,31.74213,15.871060000000003,0.0,-23.806599,-36.0
3506,event_003506.csv,0.0,39.98524,-56.0,-39.98524,104.0,0.0,39.52387,-80.0,-39.52387,-100.0,118.8792,118.8792,112.0,-118.8792,188.0,23.80659,31.742130000000003,0.0,-15.871058999999999,20.0
3507,event_003507.csv,0.0,39.98524,-56.0,-39.98524,-92.0,0.0,39.52387,-24.0,-39.52387,-84.0,118.8792,79.20150000000001,8.0,-39.67766999999999,-12.0,23.80659,23.806600000000003,0.0,-15.871058999999999,-40.0
3508,event_003508.csv,0.0,39.98524,-92.0,-39.98524,-32.0,0.0,39.52387,-20.0,-39.52387,-96.0,118.8792,118.8792,148.0,-79.35533,172.0,23.80659,23.806600000000003,0.0,-15.871058999999999,-40.0
3509,event_003509.csv,0.0,39.98524,-100.0,-39.98524,24.0,0.0,39.52387,-84.0,-39.52387,-88.0,118.8792,118.8792,12.0,-39.67766999999999,-100.0,23.80659,23.806600000000003,0.0,-7.93553,-80.0
3510,event_003510.csv,0.0,39.98524,-100.0,0.0,-96.0,0.0,39.52387,-72.0,-39.52387,28.0,118.8792,118.8792,24.0,-39.67766999999999,-100.0,23.80659,23.806600000000003,0.0,-23.80659,-36.0
3511,event_003511.csv,0.0,39.98524,-88.0,-39.98524,20.0,0.0,39.52387,-72.0,-39.52387,-92.0,118.8792,79.20150000000001,-88.0,-79.35533,-12.0,15.87106,31.742130000000003,0.0,-7.935529,-52.0
3512,event_003512.csv,0.0,39.98524,-68.0,0.0,-100.0,0.0,39.52387,-100.0,-39.52387,96.0,118.8792,79.20150000000001,-84.0,-39.67766999999999,-24.0,23.80659,31.742130000000003,12.0,-7.93553,-40.0
3513,event_003513.csv,0.0,39.98524,-92.0,-39.98524,184.0,0.0,39.52387,-68.0,-39.52387,-8.0,118.8792,79.20150000000001,12.0,-79.35533,32.0,23.80659,23.806600000000003,0.0,-15.871058999999999,24.0
3514,event_003514.csv,0.0,39.98524,-64.0,-39.98524,-84.0,0.0,39.52387,-88.0,-39.52387,-28.0,118.8792,79.20150000000001,192.0,-39.67766999999999,44.0,23.80659,23.806600000000003,0.0,-7.93553,20.0
3515,event_003515.csv,0.0,39.98524,-96.0,-39.98524,176.0,0.0,39.52387,-84.0,-39.52387,-72.0,118.8792,118.8792,-28.0,-79.35533,-12.0,23.80659,23.806600000000003,0.0,-23.80659,-24.0
3516,event_003516.csv,0.0,39.98524,-92.0,-39.98524,36.0,0.0,39.52387,-24.0,-39.52387,-52.0,118.8792,79.20150000000001,104.0,-39.67766999999999,-12.0,23.80659,23.806600000000003,0.0,-15.871058999999999,20.0
3517,event_003517.csv,0.0,39.98524,-92.0,0.0,-100.0,0.0,39.52387,-96.0,-39.52387,-92.0,118.8792,118.8792,8.0,-39.67766999999999,-68.0,23.80659,23.806600000000003,0.0,-15.871058999999999,-36.0
3518,event_003518.csv,0.0,39.98524,-32.0,-39.98524,-20.0,0.0,39.52387,-56.0,-39.52387,-60.0,118.8792,79.20150000000001,16.0,-39.67766999999999,-100.0,15.87106,31.742130000000003,0.0,-7.935529,-40.0
3519,event_003519.csv,0.0,39.98524,-84.0,-39.98524,80.0,0.0,39.52387,-72.0,-39.52387,-36.0,118.8792,79.20150000000001,16.0,-39.67766999999999,-20.0,23.80659,23.806600000000003,0.0,-15.871058999999999,-36.0
3520,event_003520.csv,0.0,39.98524,-64.0,-39.98524,-100.0,0.0,39.52387,-96.0,-39.52387,-92.0,118.8792,79.20150000000001,-40.0,-79.35533,124.0,23.80659,23.806600000000003,0.0,-15.871058999999999,-28.0
3521,event_003521.csv,0.0,39.98524,-40.0,-39.98524,-36.0,0.0,39.52387,-96.0,-39.52387,20.0,158.5568,39.5239,144.0,-79.35527,-76.0,23.80659,23.806600000000003,0.0,-7.93553,-48.0
3522,event_003522.csv,0.0,39.98524,28.0,0.0,-100.0,0.0,79.20153,96.0,-39.52387,-100.0,118.8792,79.20150000000001,24.0,-39.67766999999999,-12.0,23.80659,23.806600000000003,0.0,-15.871058999999999,-28.0
3523,event_003523.csv,0.0,39.98524,-76.0,-39.98524,-52.0,0.0,39.52387,0.0,-39.52387,-92.0,158.5568,39.5239,0.0,-79.35527,20.0,23.80659,23.806600000000003,0.0,-15.871058999999999,4.0
3524,event_003524.csv,0.0,39.98524,-96.0,0.0,-100.0,0.0,39.52387,-28.0,-39.52387,-8.0,118.8792,79.20150000000001,-80.0,-79.35533,60.0,23.80659,23.806600000000003,0.0,-15.871058999999999,-24.0
3525,event_003525.csv,0.0,39.98524,-68.0,-39.98524,116.0,0.0,39.52387,-96.0,-39.52387,-100.0,118.8792,79.20150000000001,24.0,-39.67766999999999,-80.0,15.87106,31.742130000000003,0.0,-7.935529,-96.0
3526,event_003526.csv,0.0,39.98524,-32.0,0.0,-100.0,0.0,79.20153,136.0,-39.52387,-76.0,118.8792,79.20150000000001,-44.0,-79.35533,-8.0,23.80659,23.806600000000003,0.0,-7.93553,-100.0
3527,event_003527.csv,0.0,39.98524,-80.0,-39.98524,-84.0,0.0,79.20153,-64.0,-39.52387,-100.0,158.5568,39.5239,16.0,-79.35527,-68.0,23.80659,23.806600000000003,0.0,-23.80659,20.0
3528,event_003528.csv,0.0,39.98524,-92.0,-39.98524,20.0,0.0,39.52387,-56.0,-39.52387,-68.0,118.8792,79.20150000000001,-24.0,-39.67766999999999,-68.0,23.80659,23.806600000000003,0.0,-15.871058999999999,76.0
3529,event_003529.csv,0.0,39.98524,-56.0,-39.98524,20.0,0.0,79.20153,112.0,-39.52387,-84.0,118.8792,118.8792,-36.0,-79.35533,-12.0,23.80659,23.806600000000003,0.0,-7.93553,-20.0
3530,event_003530.csv,0.0,39.98524,-72.0,0.0,-100.0,0.0,39.52387,-84.0,-39.52387,-8.0,118.8792,118.8792,8.0,-118.8792,80.0,7.935531,39.677659000000006,0.0,-15.871062,-40.0
3531,event_003531.csv,0.0,39.98524,-80.0,0.0,-100.0,0.0,39.52387,-80.0,-39.52387,-100.0,118.8792,79.20150000000001,-40.0,-39.67766999999999,-12.0,23.80659,23.806600000000003,0.0,-15.871058999999999,20.0
3532,event_003532.csv,0.0,39.98524,-92.0,-39.98524,88.0,0.0,39.52387,-4.0,-39.52387,-72.0,118.8792,79.20150000000001,104.0,-39.67766999999999,-72.0,23.80659,23.806600000000003,0.0,-7.93553,-88.0
3533,event_003533.csv,0.0,39.98524,-92.0,-39.98524,-68.0,0.0,39.52387,-96.0,-39.52387,-60.0,118.8792,79.20150000000001,-80.0,-79.35533,-12.0,23.80659,23.806600000000003,0.0,-15.871058999999999,-60.0
3534,event_003534.csv,0.0,39.98524,-72.0,-39.98524,-100.0,0.0,39.52387,-84.0,-39.52387,-40.0,118.8792,118.8792,68.0,-79.35533,176.0,31.74213,15.871060000000003,0.0,-15.87107,-48.0
3535,event_003535.csv,0.0,39.98524,-76.0,-39.98524,28.0,0.0,39.52387,-96.0,-39.52387,-60.0,118.8792,79.20150000000001,-80.0,-39.67766999999999,-72.0,23.80659,23.806600000000003,0.0,-15.871058999999999,-48.0
3536,event_003536.csv,0.0,39.98524,-100.0,0.0,-96.0,0.0,39.52387,-84.0,-39.52387,-88.0,118.8792,79.20150000000001,-52.0,-39.67766999999999,-80.0,23.80659,23.806600000000003,0.0,-15.871058999999999,-40.0
3537,event_003537.csv,0.0,39.98524,-92.0,-39.98524,-36.0,0.0,39.52387,-32.0,-39.52387,-52.0,118.8792,79.20150000000001,20.0,-39.67766999999999,-72.0,23.80659,23.806600000000003,0.0,-15.871058999999999,-36.0
3538,event_003538.csv,0.0,39.98524,-80.0,0.0,-100.0,0.0,39.52387,-32.0,-39.52387,-76.0,158.5568,39.5239,-40.0,-79.35527,-20.0,15.87106,31.742130000000003,0.0,-7.935529,-40.0
3539,event_003539.csv,0.0,39.98524,-64.0,-39.98524,-4.0,0.0,39.52387,-40.0,-39.52387,-76.0,138.71800000000002,59.36269999999999,-76.0,-59.51647000000001,-52.0,31.74213,15.871060000000003,0.0,-15.87107,-60.0
3540,event_003540.csv,0.0,39.98524,24.0,-39.98524,-44.0,0.0,39.52387,-96.0,-39.52387,-84.0,118.8792,79.20150000000001,-56.0,-39.67766999999999,-12.0,23.80659,23.806600000000003,0.0,-15.871058999999999,-40.0
3541,event_003541.csv,0.0,39.98524,-56.0,0.0,-100.0,0.0,39.52387,-16.0,-39.52387,-68.0,158.5568,39.5239,200.0,-79.35527,124.0,23.80659,23.806600000000003,0.0,-7.93553,-92.0
3542,event_003542.csv,0.0,39.98524,-32.0,-39.98524,-72.0,0.0,39.52387,-84.0,-39.52387,-88.0,158.5568,39.5239,8.0,-79.35527,-8.0,23.80659,23.806600000000003,0.0,-15.871058999999999,-40.0
3543,event_003543.csv,0.0,39.98524,-88.0,-39.98524,60.0,0.0,39.52387,-48.0,-39.52387,-92.0,158.5568,39.5239,144.0,-119.03293000000001,-24.0,27.77436,19.83883,0.0,-19.838829,-40.0
3544,event_003544.csv,0.0,39.98524,-92.0,-39.98524,-36.0,0.0,39.52387,-52.0,-39.52387,-84.0,118.8792,198.2345,16.0,-118.8792,-12.0,27.77436,19.83883,0.0,-19.838829,20.0
3545,event_003545.csv,0.0,39.98524,-80.0,-39.98524,116.0,0.0,39.52387,-96.0,-39.52387,-36.0,118.8792,79.20150000000001,24.0,-39.67766999999999,-44.0,27.77436,19.83883,0.0,-11.903300000000002,-40.0
3546,event_003546.csv,0.0,39.98524,-100.0,-39.98524,-4.0,0.0,39.52387,-100.0,-39.52387,-4.0,118.8792,79.20150000000001,-92.0,-39.67766999999999,-12.0,23.80659,23.806600000000003,0.0,-15.871058999999999,-52.0
3547,event_003547.csv,0.0,39.98524,-100.0,-39.98524,140.0,0.0,39.52387,-8.0,-39.52387,20.0,118.8792,79.20150000000001,8.0,-79.35533,32.0,23.80659,23.806600000000003,0.0,-15.871058999999999,20.0
3548,event_003548.csv,0.0,39.98524,-88.0,0.0,-100.0,0.0,39.52387,-96.0,-39.52387,-36.0,118.8792,79.20150000000001,104.0,-39.67766999999999,-80.0,23.80659,23.806600000000003,0.0,-15.871058999999999,-48.0
3549,event_003549.csv,0.0,39.98524,-100.0,-39.98524,-92.0,0.0,79.20153,196.0,-39.52387,32.0,118.8792,118.8792,12.0,-79.35533,40.0,23.80659,23.806600000000003,0.0,-15.871058999999999,32.0
3550,event_003550.csv,0.0,39.98524,-80.0,-39.98524,92.0,0.0,39.52387,-48.0,-39.52387,-28.0,118.8792,79.20150000000001,152.0,-39.67766999999999,-36.0,23.80659,23.806600000000003,0.0,-15.871058999999999,-40.0
3551,event_003551.csv,0.0,39.98524,-88.0,-39.98524,-68.0,0.0,39.52387,-64.0,-39.52387,-76.0,118.8792,356.7913,192.0,-79.35533,-4.0,23.80659,23.806600000000003,0.0,-7.93553,12.0
3552,event_003552.csv,0.0,39.98524,-32.0,0.0,-100.0,0.0,39.52387,-96.0,-39.52387,20.0,118.8792,118.8792,144.0,-39.67766999999999,-12.0,23.80659,23.806600000000003,0.0,-15.871058999999999,-40.0
3553,event_003553.csv,0.0,39.98524,-80.0,-39.98524,132.0,0.0,39.52387,8.0,-39.52387,-100.0,118.8792,79.20150000000001,-24.0,-39.67766999999999,-92.0,23.80659,23.806600000000003,0.0,-7.93553,20.0
3554,event_003554.csv,0.0,39.98524,-64.0,-39.98524,-36.0,0.0,39.52387,-48.0,-39.52387,-76.0,118.8792,118.8792,144.0,-39.67766999999999,-84.0,23.80659,23.806600000000003,0.0,-23.80659,-40.0
3555,event_003555.csv,0.0,39.98524,-32.0,-39.98524,12.0,0.0,39.52387,-80.0,-39.52387,-100.0,118.8792,158.55679999999998,-100.0,-39.67766999999999,-8.0,31.74213,15.871060000000003,0.0,-15.87107,16.0
3556,event_003556.csv,0.0,39.98524,-96.0,-39.98524,156.0,0.0,39.52387,-96.0,-39.52387,-100.0,118.8792,277.43600000000004,-84.0,-79.35533,180.0,23.80659,23.806600000000003,0.0,-7.93553,-52.0
3557,event_003557.csv,0.0,39.98524,-80.0,-39.98524,-100.0,0.0,39.52387,-88.0,-39.52387,36.0,158.5568,79.20159999999998,144.0,-79.35527,-100.0,23.80659,23.806600000000003,0.0,-15.871058999999999,-28.0
3558,event_003558.csv,0.0,39.98524,-36.0,-39.98524,-32.0,0.0,39.52387,-84.0,-39.52387,-40.0,118.8792,4881.1208,0.0,0.0,-100.0,15.87106,79.38608,8.0,-15.87106,-16.0
3559,event_003559.csv,0.0,39.98524,-72.0,-39.98524,-44.0,0.0,39.52387,-32.0,-39.52387,-92.0,118.8792,79.20150000000001,152.0,-39.67766999999999,-12.0,23.80659,23.806600000000003,0.0,-15.871058999999999,-36.0
3560,event_003560.csv,0.0,39.98524,-68.0,-39.98524,116.0,0.0,39.52387,-88.0,-39.52387,-84.0,118.8792,277.43600000000004,160.0,-39.67766999999999,-76.0,23.80659,23.806600000000003,0.0,-15.871058999999999,-36.0
3561,event_003561.csv,0.0,39.98524,-44.0,-39.98524,-16.0,0.0,39.52387,-20.0,-39.52387,-88.0,118.8792,118.8792,20.0,-79.35533,0.0,23.80659,31.742130000000003,4.0,-23.80659,24.0
3562,event_003562.csv,0.0,39.98524,-96.0,-39.98524,44.0,0.0,39.52387,-64.0,-39.52387,-76.0,118.8792,79.20150000000001,16.0,-39.67766999999999,-8.0,23.80659,23.806600000000003,0.0,-15.871058999999999,-52.0
3563,event_003563.csv,0.0,39.98524,-96.0,-39.98524,180.0,0.0,39.52387,-24.0,-39.52387,-84.0,118.8792,118.8792,144.0,-39.67766999999999,-72.0,23.80659,23.806600000000003,0.0,-15.871058999999999,-40.0
3564,event_003564.csv,0.0,39.98524,-80.0,-39.98524,-24.0,0.0,39.52387,-40.0,-39.52387,-12.0,118.8792,79.20150000000001,16.0,-79.35533,40.0,27.77436,19.83883,0.0,-11.903300000000002,20.0
3565,event_003565.csv,0.0,39.98524,-64.0,0.0,-100.0,0.0,39.52387,-32.0,-39.52387,-68.0,118.8792,118.8792,192.0,-39.67766999999999,-20.0,15.87106,31.742130000000003,0.0,-15.87106,20.0
3566,event_003566.csv,0.0,39.98524,-88.0,0.0,-100.0,0.0,39.52387,-24.0,-39.52387,-36.0,118.8792,79.20150000000001,-80.0,-39.67766999999999,-68.0,23.80659,23.806600000000003,0.0,-7.93553,-76.0
3567,event_003567.csv,0.0,39.98524,-100.0,0.0,-96.0,0.0,39.52387,32.0,-39.52387,-36.0,118.8792,118.8792,152.0,-39.67766999999999,-60.0,23.80659,23.806600000000003,0.0,-7.93553,-36.0
3568,event_003568.csv,0.0,39.98524,-76.0,-39.98524,88.0,0.0,39.52387,-100.0,-39.52387,-72.0,118.8792,118.8792,156.0,-39.67766999999999,-44.0,23.80659,23.806600000000003,0.0,-15.871058999999999,-40.0
3569,event_003569.csv,0.0,39.98524,-56.0,-39.98524,-100.0,0.0,39.52387,-96.0,-39.52387,-68.0,118.8792,79.20150000000001,16.0,-79.35533,-4.0,23.80659,23.806600000000003,0.0,-7.93553,-60.0
3570,event_003570.csv,0.0,39.98524,-96.0,-39.98524,-52.0,0.0,39.52387,-56.0,-39.52387,-92.0,158.5568,79.20159999999998,-96.0,-79.35527,4.0,23.80659,23.806600000000003,0.0,-23.80659,-40.0
3571,event_003571.csv,0.0,39.98524,-96.0,-39.98524,-36.0,0.0,79.20153,184.0,-39.52387,-84.0,118.8792,317.1137,140.0,-39.67766999999999,-76.0,23.80659,23.806600000000003,0.0,-7.93553,-52.0
3572,event_003572.csv,0.0,39.98524,-96.0,-39.98524,60.0,0.0,39.52387,-72.0,-39.52387,4.0,118.8792,79.20150000000001,-28.0,-39.67766999999999,-100.0,23.80659,23.806600000000003,0.0,-15.871058999999999,20.0
3573,event_003573.csv,0.0,39.98524,-16.0,-39.98524,-36.0,0.0,39.52387,-24.0,-39.52387,-100.0,118.8792,317.1137,48.0,-39.67766999999999,-20.0,23.80659,23.806600000000003,0.0,-15.871058999999999,-40.0
3574,event_003574.csv,0.0,39.98524,-96.0,-39.98524,140.0,0.0,39.52387,-96.0,-39.52387,-36.0,158.5568,39.5239,16.0,-79.35527,-68.0,31.74213,15.871060000000003,0.0,-23.806599,4.0
3575,event_003575.csv,0.0,39.98524,-40.0,-39.98524,128.0,0.0,39.52387,-16.0,-39.52387,-100.0,118.8792,79.20150000000001,-72.0,-39.67766999999999,-84.0,23.80659,23.806600000000003,0.0,-15.871058999999999,20.0
3576,event_003576.csv,0.0,39.98524,-32.0,0.0,-100.0,0.0,39.52387,-36.0,-39.52387,-16.0,118.8792,118.8792,12.0,-79.35533,32.0,31.74213,15.871060000000003,0.0,-15.87107,16.0
3577,event_003577.csv,0.0,39.98524,-72.0,-39.98524,64.0,0.0,39.52387,-68.0,-39.52387,-88.0,118.8792,118.8792,20.0,-118.8792,44.0,23.80659,23.806600000000003,0.0,-15.871058999999999,-16.0
3578,event_003578.csv,0.0,39.98524,-72.0,-39.98524,-76.0,0.0,39.52387,-96.0,-39.52387,-20.0,118.8792,4881.1208,-8.0,0.0,-100.0,-23.80659,111.12819,4.0,-23.806600000000003,-20.0
3579,event_003579.csv,0.0,39.98524,-76.0,-39.98524,148.0,0.0,39.52387,-64.0,-39.52387,-52.0,118.8792,158.55679999999998,52.0,-118.8792,76.0,23.80659,23.806600000000003,0.0,-23.80659,-20.0
3580,event_003580.csv,0.0,39.98524,-96.0,-39.98524,92.0,0.0,39.52387,0.0,-39.52387,-76.0,118.8792,79.20150000000001,-16.0,-79.35533,-4.0,23.80659,23.806600000000003,0.0,-15.871058999999999,20.0
3581,event_003581.csv,0.0,39.98524,-64.0,-39.98524,92.0,0.0,39.52387,-24.0,-39.52387,28.0,118.8792,79.20150000000001,16.0,-79.35533,180.0,23.80659,23.806600000000003,0.0,-15.871058999999999,-36.0
3582,event_003582.csv,0.0,39.98524,-96.0,-39.98524,164.0,0.0,79.20153,120.0,-39.52387,-100.0,118.8792,79.20150000000001,16.0,-39.67766999999999,-100.0,31.74213,15.871060000000003,0.0,-15.87107,-20.0
3583,event_003583.csv,0.0,39.98524,-44.0,-39.98524,-100.0,0.0,39.52387,-88.0,-39.52387,-20.0,118.8792,79.20150000000001,-40.0,-39.67766999999999,-68.0,23.80659,23.806600000000003,0.0,-15.871058999999999,-36.0
3584,event_003584.csv,0.0,39.98524,-40.0,-39.98524,-60.0,0.0,39.52387,-100.0,-39.52387,20.0,118.8792,79.20150000000001,-36.0,-39.67766999999999,-12.0,23.80659,23.806600000000003,0.0,-15.871058999999999,-48.0
3585,event_003585.csv,0.0,39.98524,-80.0,-39.98524,4.0,0.0,39.52387,-36.0,-39.52387,-100.0,118.8792,118.8792,64.0,-39.67766999999999,-100.0,27.77436,27.77436,0.0,-11.903300000000002,-20.0
3586,event_003586.csv,0.0,39.98524,-88.0,-39.98524,-76.0,0.0,39.52387,-72.0,-39.52387,-12.0,118.8792,79.20150000000001,8.0,-79.35533,44.0,23.80659,23.806600000000003,0.0,-7.93553,-92.0
3587,event_003587.csv,0.0,39.98524,-84.0,-39.98524,-36.0,0.0,39.52387,-88.0,-39.52387,-28.0,118.8792,317.1137,32.0,-39.67766999999999,-84.0,23.80659,23.806600000000003,0.0,-23.80659,20.0
3588,event_003588.csv,0.0,39.98524,-16.0,0.0,-100.0,0.0,39.52387,-72.0,-39.52387,-28.0,118.8792,118.8792,144.0,-39.67766999999999,-68.0,23.80659,23.806600000000003,0.0,-15.871058999999999,-36.0
3589,event_003589.csv,0.0,39.98524,-24.0,-39.98524,-60.0,0.0,39.52387,-96.0,-39.52387,-92.0,158.5568,317.1137,8.0,-79.35527,-76.0,23.80659,23.806600000000003,0.0,-15.871058999999999,-36.0
3590,event_003590.csv,0.0,39.98524,-88.0,0.0,-100.0,0.0,39.52387,-80.0,-39.52387,-60.0,118.8792,79.20150000000001,-40.0,-39.67766999999999,-44.0,23.80659,23.806600000000003,0.0,-7.93553,-36.0
3591,event_003591.csv,0.0,39.98524,-88.0,-39.98524,124.0,0.0,39.52387,88.0,-39.52387,-52.0,158.5568,39.5239,-96.0,-79.35527,-68.0,23.80659,23.806600000000003,0.0,-15.871058999999999,-52.0
3592,event_003592.csv,0.0,39.98524,-88.0,-39.98524,-52.0,0.0,39.52387,40.0,-39.52387,-36.0,158.5568,39.5239,-28.0,-79.35527,-100.0,31.74213,15.871060000000003,0.0,-15.87107,-52.0
3593,event_003593.csv,0.0,39.98524,-68.0,0.0,-100.0,0.0,39.52387,-64.0,-39.52387,-92.0,118.8792,79.20150000000001,-32.0,-79.35533,-12.0,23.80659,23.806600000000003,0.0,-23.80659,-28.0
3594,event_003594.csv,0.0,39.98524,-96.0,-39.98524,76.0,0.0,39.52387,-56.0,-39.52387,-44.0,158.5568,39.5239,16.0,-119.03293000000001,120.0,23.80659,23.806600000000003,0.0,-7.93553,-36.0
3595,event_003595.csv,0.0,39.98524,-80.0,-39.98524,-36.0,0.0,79.20153,104.0,-39.52387,-92.0,118.8792,79.20150000000001,-96.0,-39.67766999999999,-84.0,23.80659,23.806600000000003,0.0,-15.871058999999999,-36.0
3596,event_003596.csv,0.0,39.98524,-72.0,-39.98524,-52.0,0.0,39.52387,-100.0,-39.52387,-60.0,118.8792,79.20150000000001,16.0,-79.35533,124.0,23.80659,23.806600000000003,0.0,-7.93553,-64.0
3597,event_003597.csv,0.0,39.98524,-64.0,-39.98524,-52.0,0.0,39.52387,-40.0,-39.52387,-76.0,118.8792,79.20150000000001,144.0,-39.67766999999999,-44.0,23.80659,23.806600000000003,0.0,-15.871058999999999,-48.0
3598,event_003598.csv,0.0,39.98524,-88.0,-39.98524,16.0,0.0,39.52387,-100.0,-39.52387,8.0,118.8792,79.20150000000001,-40.0,-79.35533,-56.0,23.80659,23.806600000000003,0.0,-15.871058999999999,-40.0
3599,event_003599.csv,0.0,39.98524,-4.0,0.0,-100.0,0.0,79.20153,-32.0,-39.52387,-76.0,118.8792,79.20150000000001,152.0,-39.67766999999999,-20.0,23.80659,23.806600000000003,0.0,-7.93553,-52.0
3600,event_003600.csv,0.0,39.98524,-48.0,-39.98524,64.0,0.0,39.52387,-40.0,-39.52387,-76.0,118.8792,317.1137,-48.0,-79.35533,80.0,23.80659,23.806600000000003,0.0,-7.93553,-20.0
3601,event_003601.csv,0.0,39.98524,-84.0,0.0,-100.0,0.0,79.20153,0.0,-39.52387,-76.0,138.71800000000002,59.36269999999999,8.0,-59.51647000000001,180.0,23.80659,23.806600000000003,0.0,-7.93553,8.0
3602,event_003602.csv,0.0,39.98524,-92.0,-39.98524,-52.0,0.0,39.52387,-40.0,-39.52387,28.0,158.5568,79.20159999999998,48.0,-119.03293000000001,-36.0,23.80659,23.806600000000003,0.0,-15.871058999999999,-100.0
3603,event_003603.csv,0.0,39.98524,-72.0,0.0,-100.0,0.0,39.52387,-64.0,-39.52387,-4.0,118.8792,79.20150000000001,64.0,-39.67766999999999,-52.0,23.80659,23.806600000000003,0.0,-7.93553,8.0
3604,event_003604.csv,0.0,39.98524,-16.0,0.0,-100.0,0.0,39.52387,56.0,-39.52387,-76.0,138.71800000000002,59.36269999999999,16.0,-59.51647000000001,-4.0,23.80659,23.806600000000003,0.0,-15.871058999999999,20.0
3605,event_003605.csv,0.0,39.98524,-96.0,0.0,-100.0,0.0,39.52387,-52.0,-39.52387,-28.0,118.8792,79.20150000000001,-80.0,-79.35533,-92.0,23.80659,23.806600000000003,0.0,-15.871058999999999,-20.0
3606,event_003606.csv,0.0,39.98524,-96.0,-39.98524,-68.0,0.0,39.52387,-72.0,-39.52387,-60.0,118.8792,79.20150000000001,96.0,-39.67766999999999,-68.0,23.80659,23.806600000000003,0.0,-7.93553,-64.0
3607,event_003607.csv,0.0,39.98524,-96.0,-39.98524,-92.0,0.0,39.52387,-96.0,-39.52387,4.0,118.8792,79.20150000000001,8.0,-39.67766999999999,-76.0,23.80659,23.806600000000003,0.0,-7.93553,-84.0
3608,event_003608.csv,0.0,39.98524,-100.0,-39.98524,-48.0,0.0,39.52387,-64.0,-39.52387,-60.0,118.8792,79.20150000000001,-88.0,-39.67766999999999,-12.0,23.80659,23.806600000000003,0.0,-15.871058999999999,-36.0
3609,event_003609.csv,0.0,39.98524,76.0,-39.98524,100.0,0.0,39.52387,-56.0,-39.52387,-60.0,118.8792,79.20150000000001,-72.0,-79.35533,116.0,31.74213,15.871060000000003,0.0,-15.87107,-72.0
3610,event_003610.csv,0.0,1519.9,0.0,-39.98524,-28.0,0.0,1903.912,4.0,0.0,-100.0,118.8792,4881.1208,-4.0,-39.67766999999999,192.0,-23.80659,119.06373,8.0,-15.871070000000003,-96.0
3611,event_003611.csv,0.0,39.98524,-80.0,0.0,-100.0,0.0,39.52387,-96.0,-39.52387,-92.0,118.8792,79.20150000000001,152.0,-39.67766999999999,-96.0,23.80659,23.806600000000003,0.0,-15.871058999999999,16.0
3612,event_003612.csv,0.0,39.98524,-72.0,-39.98524,-44.0,0.0,39.52387,-96.0,-39.52387,36.0,158.5568,515.3481999999999,-12.0,-79.35527,-76.0,23.80659,23.806600000000003,0.0,-23.80659,-36.0
3613,event_003613.csv,0.0,39.98524,-56.0,-39.98524,52.0,0.0,39.52387,-64.0,-39.52387,-84.0,118.8792,79.20150000000001,-40.0,-39.67766999999999,-100.0,23.80659,23.806600000000003,0.0,-15.871058999999999,-40.0
3614,event_003614.csv,0.0,39.98524,44.0,-39.98524,120.0,0.0,39.52387,-92.0,-39.52387,-88.0,118.8792,118.8792,52.0,-79.35533,164.0,23.80659,23.806600000000003,0.0,-7.93553,-72.0
3615,event_003615.csv,0.0,39.98524,-84.0,-39.98524,72.0,0.0,39.52387,-92.0,-39.52387,-80.0,118.8792,79.20150000000001,-84.0,-79.35533,116.0,23.80659,23.806600000000003,0.0,-15.871058999999999,-40.0
3616,event_003616.csv,0.0,39.98524,-80.0,-39.98524,120.0,0.0,39.52387,-64.0,-39.52387,36.0,118.8792,79.20150000000001,8.0,-79.35533,-8.0,23.80659,23.806600000000003,0.0,-23.80659,-36.0
3617,event_003617.csv,0.0,39.98524,-56.0,-39.98524,-96.0,0.0,39.52387,-80.0,-39.52387,-100.0,118.8792,79.20150000000001,8.0,-39.67766999999999,-76.0,23.80659,23.806600000000003,0.0,-7.93553,20.0
3618,event_003618.csv,0.0,39.98524,-96.0,-39.98524,124.0,0.0,39.52387,-72.0,-39.52387,-100.0,118.8792,158.55679999999998,16.0,-118.8792,40.0,23.80659,23.806600000000003,0.0,-23.80659,20.0
3619,event_003619.csv,0.0,39.98524,-96.0,-39.98524,-12.0,0.0,39.52387,-80.0,-39.52387,-44.0,118.8792,79.20150000000001,-72.0,-39.67766999999999,-92.0,23.80659,23.806600000000003,0.0,-7.93553,-60.0
3620,event_003620.csv,0.0,39.98524,-12.0,-39.98524,188.0,0.0,39.52387,-88.0,-39.52387,68.0,118.8792,79.20150000000001,-48.0,-79.35533,124.0,23.80659,23.806600000000003,0.0,-7.93553,-48.0
3621,event_003621.csv,0.0,39.98524,-88.0,-39.98524,-20.0,0.0,39.52387,-96.0,-39.52387,-100.0,118.8792,118.8792,192.0,-79.35533,28.0,23.80659,23.806600000000003,0.0,-15.871058999999999,-20.0
3622,event_003622.csv,0.0,39.98524,-52.0,0.0,-100.0,0.0,39.52387,-96.0,-39.52387,-52.0,158.5568,79.20159999999998,148.0,-79.35527,-12.0,15.87106,31.742130000000003,0.0,-7.935529,-48.0
3623,event_003623.csv,0.0,39.98524,-88.0,-39.98524,52.0,0.0,39.52387,-56.0,-39.52387,-92.0,118.8792,79.20150000000001,16.0,-39.67766999999999,-96.0,23.80659,23.806600000000003,0.0,-23.80659,-40.0
3624,event_003624.csv,0.0,39.98524,-88.0,-39.98524,20.0,0.0,39.52387,-88.0,-39.52387,-52.0,118.8792,79.20150000000001,140.0,-39.67766999999999,-76.0,23.80659,23.806600000000003,0.0,-7.93553,-84.0
3625,event_003625.csv,0.0,39.98524,-92.0,-39.98524,0.0,0.0,39.52387,-52.0,-39.52387,-96.0,118.8792,118.8792,-28.0,-79.35533,-48.0,23.80659,23.806600000000003,0.0,-15.871058999999999,-60.0
3626,event_003626.csv,0.0,39.98524,-96.0,0.0,-100.0,0.0,39.52387,4.0,-39.52387,-52.0,118.8792,79.20150000000001,56.0,-39.67766999999999,-76.0,23.80659,23.806600000000003,0.0,-15.871058999999999,-28.0
3627,event_003627.csv,0.0,39.98524,-56.0,-39.98524,12.0,0.0,39.52387,-24.0,-39.52387,-68.0,118.8792,79.20150000000001,8.0,-39.67766999999999,-12.0,23.80659,23.806600000000003,0.0,-15.871058999999999,-52.0
3628,event_003628.csv,0.0,39.98524,-92.0,-39.98524,-36.0,0.0,39.52387,-88.0,-39.52387,-60.0,118.8792,79.20150000000001,-40.0,-39.67766999999999,0.0,23.80659,23.806600000000003,0.0,-15.871058999999999,-36.0
3629,event_003629.csv,0.0,39.98524,-48.0,0.0,-100.0,0.0,39.52387,-100.0,-39.52387,-68.0,158.5568,79.20159999999998,144.0,-119.03293000000001,-4.0,23.80659,23.806600000000003,0.0,-23.80659,116.0
3630,event_003630.csv,0.0,39.98524,-40.0,-39.98524,84.0,0.0,39.52387,-80.0,-39.52387,44.0,118.8792,79.20150000000001,8.0,-39.67766999999999,-12.0,23.80659,23.806600000000003,0.0,-15.871058999999999,-36.0
3631,event_003631.csv,0.0,39.98524,-96.0,-39.98524,44.0,0.0,39.52387,-56.0,-39.52387,-12.0,158.5568,79.20159999999998,16.0,-79.35527,-8.0,23.80659,23.806600000000003,0.0,-15.871058999999999,20.0
3632,event_003632.csv,0.0,39.98524,-68.0,-39.98524,176.0,0.0,39.52387,-100.0,-39.52387,-32.0,118.8792,118.8792,20.0,-39.67766999999999,-88.0,23.80659,23.806600000000003,0.0,-15.871058999999999,-28.0
3633,event_003633.csv,0.0,39.98524,-80.0,-39.98524,-4.0,0.0,39.52387,0.0,-39.52387,-4.0,118.8792,118.8792,16.0,-39.67766999999999,36.0,31.74213,15.871060000000003,0.0,-15.87107,-36.0
3634,event_003634.csv,0.0,39.98524,-100.0,-39.98524,20.0,0.0,39.52387,-80.0,-39.52387,-92.0,118.8792,79.20150000000001,8.0,-39.67766999999999,-32.0,23.80659,23.806600000000003,0.0,-7.93553,4.0
3635,event_003635.csv,0.0,39.98524,-96.0,-39.98524,-52.0,0.0,39.52387,-40.0,-39.52387,76.0,118.8792,79.20150000000001,16.0,-39.67766999999999,-88.0,23.80659,23.806600000000003,0.0,-15.871058999999999,-40.0
3636,event_003636.csv,0.0,39.98524,-96.0,0.0,-100.0,0.0,39.52387,-88.0,-39.52387,-96.0,118.8792,79.20150000000001,-48.0,-39.67766999999999,-68.0,31.74213,15.871060000000003,0.0,-15.87107,28.0
3637,event_003637.csv,0.0,39.98524,-64.0,0.0,-100.0,0.0,39.52387,-80.0,-39.52387,-52.0,118.8792,79.20150000000001,-64.0,-39.67766999999999,-88.0,23.80659,23.806600000000003,0.0,-15.871058999999999,-40.0
3638,event_003638.csv,0.0,39.98524,-88.0,-39.98524,44.0,0.0,39.52387,-44.0,0.0,-100.0,158.5568,39.5239,-16.0,-79.35527,-88.0,23.80659,23.806600000000003,0.0,-15.871058999999999,-36.0
3639,event_003639.csv,0.0,39.98524,-92.0,-39.98524,4.0,0.0,39.52387,-56.0,-39.52387,-52.0,118.8792,79.20150000000001,100.0,-39.67766999999999,-12.0,23.80659,23.806600000000003,0.0,-7.93553,-64.0
3640,event_003640.csv,0.0,39.98524,-96.0,0.0,-100.0,0.0,39.52387,-60.0,-39.52387,-56.0,118.8792,79.20150000000001,16.0,-39.67766999999999,-8.0,23.80659,23.806600000000003,0.0,-15.871058999999999,-48.0
3641,event_003641.csv,0.0,39.98524,-96.0,-39.98524,60.0,0.0,39.52387,-56.0,-39.52387,-100.0,118.8792,118.8792,-64.0,-39.67766999999999,-88.0,23.80659,23.806600000000003,0.0,-15.871058999999999,-60.0
3642,event_003642.csv,0.0,39.98524,-96.0,-39.98524,-52.0,0.0,39.52387,-88.0,-39.52387,-44.0,118.8792,79.20150000000001,-96.0,-79.35533,172.0,27.77436,19.83883,0.0,-11.903300000000002,-4.0
3643,event_003643.csv,0.0,39.98524,-96.0,-39.98524,-100.0,0.0,39.52387,-88.0,-39.52387,-100.0,118.8792,4004.2138,0.0,0.0,-100.0,0.0,47.61319,0.0,-7.935531,-28.0
3644,event_003644.csv,0.0,39.98524,-76.0,-39.98524,-20.0,0.0,39.52387,-88.0,-39.52387,-44.0,158.5568,39.5239,-40.0,-79.35527,-56.0,23.80659,23.806600000000003,0.0,-15.871058999999999,-24.0
3645,event_003645.csv,0.0,39.98524,-76.0,-39.98524,-100.0,0.0,39.52387,-96.0,-39.52387,-44.0,158.5568,39.5239,-96.0,-79.35527,-68.0,31.74213,15.871060000000003,0.0,-15.87107,-76.0
3646,event_003646.csv,0.0,39.98524,-92.0,0.0,-100.0,0.0,39.52387,108.0,-39.52387,-80.0,118.8792,39.67760000000001,-96.0,-39.67766999999999,-20.0,23.80659,23.806600000000003,0.0,-15.871058999999999,20.0
3647,event_003647.csv,0.0,39.98524,-96.0,-39.98524,120.0,0.0,39.52387,76.0,-39.52387,-64.0,118.8792,118.8792,12.0,-79.35533,32.0,23.80659,23.806600000000003,0.0,-15.871058999999999,16.0
3648,event_003648.csv,0.0,39.98524,-80.0,-39.98524,-20.0,0.0,39.52387,-88.0,-39.52387,-60.0,158.5568,79.20159999999998,-36.0,-79.35527,-68.0,23.80659,23.806600000000003,0.0,-7.93553,-36.0
3649,event_003649.csv,0.0,39.98524,-96.0,0.0,-100.0,0.0,39.52387,-8.0,-39.52387,-92.0,118.8792,118.8792,-48.0,-39.67766999999999,-72.0,23.80659,23.806600000000003,0.0,-23.80659,-36.0
3650,event_003650.csv,0.0,39.98524,-96.0,0.0,-100.0,0.0,39.52387,-80.0,-39.52387,-92.0,118.8792,79.20150000000001,-80.0,-39.67766999999999,-20.0,23.80659,23.806600000000003,0.0,-15.871058999999999,-40.0
3651,event_003651.csv,0.0,79.97047,104.0,0.0,-100.0,0.0,39.52387,-96.0,-39.52387,-52.0,158.5568,0.0,-80.0,-79.35527,-100.0,23.80659,23.806600000000003,0.0,-7.93553,-36.0
3652,event_003652.csv,0.0,39.98524,-88.0,-39.98524,-100.0,0.0,39.52387,-96.0,-39.52387,-40.0,118.8792,79.20150000000001,20.0,-39.67766999999999,-20.0,23.80659,23.806600000000003,0.0,-15.871058999999999,-36.0
3653,event_003653.csv,0.0,39.98524,-72.0,-39.98524,-92.0,0.0,39.52387,-96.0,-39.52387,-92.0,158.5568,39.5239,136.0,-79.35527,-92.0,23.80659,23.806600000000003,0.0,-7.93553,-52.0
3654,event_003654.csv,0.0,39.98524,-60.0,-39.98524,-80.0,0.0,39.52387,-100.0,-39.52387,-76.0,118.8792,79.20150000000001,-40.0,-39.67766999999999,-96.0,23.80659,23.806600000000003,0.0,-15.871058999999999,20.0
3655,event_003655.csv,0.0,39.98524,-60.0,0.0,-100.0,0.0,39.52387,-100.0,-39.52387,-96.0,118.8792,118.8792,64.0,-79.35533,36.0,23.80659,23.806600000000003,0.0,-15.871058999999999,8.0
3656,event_003656.csv,0.0,39.98524,-92.0,0.0,-100.0,0.0,39.52387,-88.0,-39.52387,28.0,118.8792,79.20150000000001,-80.0,-79.35533,88.0,23.80659,23.806600000000003,0.0,-15.871058999999999,20.0
3657,event_003657.csv,0.0,79.97047,196.0,0.0,-100.0,0.0,39.52387,-68.0,-39.52387,-20.0,118.8792,79.20150000000001,8.0,-39.67766999999999,-72.0,23.80659,23.806600000000003,0.0,-15.871058999999999,-92.0
3658,event_003658.csv,0.0,39.98524,-96.0,-39.98524,-52.0,0.0,39.52387,-48.0,-39.52387,-84.0,158.5568,79.20159999999998,20.0,-79.35527,-68.0,23.80659,23.806600000000003,0.0,-15.871058999999999,-20.0
3659,event_003659.csv,0.0,39.98524,-96.0,-39.98524,-28.0,0.0,39.52387,-88.0,-39.52387,36.0,158.5568,39.5239,-88.0,-79.35527,36.0,23.80659,23.806600000000003,0.0,-15.871058999999999,28.0
3660,event_003660.csv,0.0,39.98524,-84.0,0.0,-100.0,0.0,39.52387,-76.0,-39.52387,-96.0,118.8792,118.8792,12.0,-39.67766999999999,-8.0,23.80659,23.806600000000003,0.0,-15.871058999999999,20.0
3661,event_003661.csv,0.0,39.98524,-88.0,-39.98524,-92.0,0.0,39.52387,-96.0,-39.52387,140.0,118.8792,79.20150000000001,12.0,-39.67766999999999,-68.0,23.80659,23.806600000000003,0.0,-15.871058999999999,-36.0
3662,event_003662.csv,0.0,39.98524,-48.0,-39.98524,108.0,0.0,39.52387,-88.0,-39.52387,-76.0,118.8792,79.20150000000001,-28.0,-39.67766999999999,-88.0,27.77436,19.83883,0.0,-11.903300000000002,-48.0
3663,event_003663.csv,0.0,39.98524,-68.0,-39.98524,48.0,0.0,39.52387,-100.0,-39.52387,88.0,118.8792,79.20150000000001,-28.0,-39.67766999999999,-36.0,23.80659,23.806600000000003,0.0,-7.93553,-64.0
3664,event_003664.csv,0.0,39.98524,-100.0,0.0,-96.0,0.0,39.52387,-72.0,-39.52387,-92.0,118.8792,79.20150000000001,-56.0,-79.35533,36.0,15.87106,31.742130000000003,0.0,-15.87106,-52.0
3665,event_003665.csv,0.0,39.98524,-88.0,-39.98524,-80.0,0.0,79.20153,116.0,-39.52387,-72.0,118.8792,79.20150000000001,-28.0,-79.35533,0.0,23.80659,23.806600000000003,0.0,-23.80659,-40.0
3666,event_003666.csv,0.0,39.98524,-56.0,-39.98524,-92.0,0.0,39.52387,-48.0,-39.52387,-44.0,158.5568,39.5239,-72.0,-79.35527,-96.0,31.74213,15.871060000000003,0.0,-15.87107,-68.0
3667,event_003667.csv,0.0,39.98524,-80.0,-39.98524,20.0,0.0,39.52387,-96.0,-39.52387,-76.0,118.8792,79.20150000000001,-40.0,-39.67766999999999,-32.0,23.80659,23.806600000000003,0.0,-23.80659,20.0
3668,event_003668.csv,0.0,39.98524,-56.0,-39.98524,52.0,0.0,39.52387,-64.0,-39.52387,36.0,158.5568,39.5239,-24.0,-79.35527,-44.0,23.80659,23.806600000000003,0.0,-15.871058999999999,-48.0
3669,event_003669.csv,0.0,39.98524,-52.0,-39.98524,148.0,0.0,39.52387,-64.0,-39.52387,-100.0,118.8792,79.20150000000001,8.0,-39.67766999999999,-12.0,23.80659,23.806600000000003,0.0,-7.93553,-36.0
3670,event_003670.csv,0.0,39.98524,-100.0,0.0,-96.0,0.0,79.20153,-28.0,-39.52387,-96.0,118.8792,118.8792,60.0,-118.8792,36.0,27.77436,19.83883,0.0,-19.838829,28.0
3671,event_003671.csv,0.0,39.98524,-80.0,-39.98524,-68.0,0.0,39.52387,-96.0,-39.52387,116.0,118.8792,79.20150000000001,16.0,-39.67766999999999,-100.0,23.80659,23.806600000000003,0.0,-15.871058999999999,-68.0
3672,event_003672.csv,0.0,39.98524,-80.0,0.0,-100.0,0.0,39.52387,-88.0,-39.52387,-68.0,158.5568,39.5239,12.0,-119.03293000000001,40.0,27.77436,19.83883,0.0,-11.903300000000002,20.0
3673,event_003673.csv,0.0,39.98524,-88.0,-39.98524,-32.0,0.0,39.52387,-88.0,-39.52387,-36.0,118.8792,79.20150000000001,72.0,-79.35533,-12.0,31.74213,15.871060000000003,0.0,-15.87107,8.0
3674,event_003674.csv,0.0,39.98524,-56.0,-39.98524,0.0,0.0,39.52387,-92.0,-39.52387,-96.0,118.8792,79.20150000000001,20.0,-39.67766999999999,-84.0,23.80659,23.806600000000003,0.0,-15.871058999999999,-36.0
3675,event_003675.csv,0.0,39.98524,-96.0,0.0,-100.0,0.0,39.52387,-76.0,-39.52387,-80.0,118.8792,118.8792,-32.0,-118.8792,0.0,23.80659,23.806600000000003,0.0,-15.871058999999999,-8.0
3676,event_003676.csv,0.0,39.98524,-92.0,0.0,-100.0,0.0,39.52387,-72.0,-39.52387,52.0,118.8792,79.20150000000001,-48.0,-39.67766999999999,156.0,23.80659,23.806600000000003,0.0,-7.93553,-40.0
3677,event_003677.csv,0.0,39.98524,-88.0,0.0,-100.0,0.0,39.52387,-64.0,-39.52387,-100.0,118.8792,118.8792,16.0,-39.67766999999999,-80.0,15.87106,31.742130000000003,0.0,-15.87106,-40.0
3678,event_003678.csv,0.0,39.98524,-88.0,-39.98524,-92.0,0.0,79.20153,-64.0,-39.52387,-84.0,158.5568,39.5239,-28.0,-79.35527,-76.0,23.80659,23.806600000000003,0.0,-15.871058999999999,-52.0
3679,event_003679.csv,0.0,39.98524,-100.0,-39.98524,164.0,0.0,79.20153,64.0,-39.52387,-60.0,118.8792,79.20150000000001,-88.0,-79.35533,180.0,27.77436,19.83883,0.0,-19.838829,-36.0
3680,event_003680.csv,0.0,39.98524,-88.0,-39.98524,104.0,0.0,39.52387,-96.0,-39.52387,-100.0,158.5568,39.5239,16.0,-79.35527,40.0,15.87106,31.742130000000003,0.0,-7.935529,-40.0
3681,event_003681.csv,0.0,39.98524,-84.0,-39.98524,-16.0,0.0,39.52387,-76.0,-39.52387,-48.0,158.5568,4841.4432,16.0,-39.67760000000001,-96.0,15.87106,55.579480000000004,12.0,-15.87106,-52.0
3682,event_003682.csv,0.0,39.98524,-48.0,-39.98524,-72.0,0.0,39.52387,-100.0,-39.52387,-64.0,158.5568,39.5239,-100.0,-79.35527,72.0,23.80659,23.806600000000003,0.0,-7.93553,-48.0
3683,event_003683.csv,0.0,39.98524,-92.0,0.0,-100.0,0.0,39.52387,-100.0,-39.52387,-8.0,118.8792,79.20150000000001,-28.0,-39.67766999999999,-60.0,19.838825,27.774365000000003,0.0,-19.838825,-40.0
3684,event_003684.csv,0.0,39.98524,-88.0,-39.98524,-28.0,0.0,79.20153,-48.0,-39.52387,-100.0,118.8792,79.20150000000001,-24.0,-39.67766999999999,-76.0,23.80659,23.806600000000003,0.0,-7.93553,-92.0
3685,event_003685.csv,0.0,39.98524,-64.0,-39.98524,-20.0,0.0,39.52387,-96.0,-39.52387,-28.0,158.5568,39.5239,-40.0,-79.35527,-20.0,23.80659,23.806600000000003,0.0,-15.871058999999999,-60.0
3686,event_003686.csv,0.0,39.98524,-92.0,0.0,-100.0,0.0,39.52387,-88.0,-39.52387,124.0,118.8792,79.20150000000001,-16.0,-39.67766999999999,-36.0,23.80659,23.806600000000003,0.0,-15.871058999999999,28.0
3687,event_003687.csv,0.0,39.98524,-100.0,-39.98524,4.0,0.0,39.52387,-96.0,-39.52387,12.0,118.8792,118.8792,8.0,-79.35533,-12.0,27.77436,19.83883,0.0,-11.903300000000002,12.0
3688,event_003688.csv,0.0,39.98524,-84.0,0.0,-100.0,0.0,39.52387,-92.0,-39.52387,-56.0,158.5568,79.20159999999998,-68.0,-119.03293000000001,80.0,23.80659,31.742130000000003,44.0,-15.871058999999999,64.0
3689,event_003689.csv,0.0,39.98524,-96.0,0.0,-100.0,0.0,39.52387,-88.0,-39.52387,36.0,118.8792,79.20150000000001,-96.0,-39.67766999999999,0.0,23.80659,23.806600000000003,0.0,-7.93553,-64.0
3690,event_003690.csv,0.0,39.98524,-92.0,0.0,-100.0,0.0,39.52387,-96.0,-39.52387,-28.0,158.5568,39.5239,-80.0,-79.35527,-12.0,23.80659,23.806600000000003,0.0,-23.80659,-28.0
3691,event_003691.csv,0.0,39.98524,-92.0,-39.98524,12.0,0.0,39.52387,-56.0,-39.52387,20.0,118.8792,79.20150000000001,16.0,-39.67766999999999,-92.0,23.80659,23.806600000000003,0.0,-15.871058999999999,20.0
3692,event_003692.csv,0.0,39.98524,-56.0,-39.98524,112.0,0.0,39.52387,-72.0,-39.52387,-44.0,158.5568,39.5239,144.0,-79.35527,-72.0,23.80659,23.806600000000003,0.0,-15.871058999999999,-76.0
3693,event_003693.csv,0.0,39.98524,-80.0,-39.98524,-4.0,0.0,79.20153,72.0,-39.52387,-76.0,158.5568,39.5239,96.0,-119.03293000000001,120.0,23.80659,23.806600000000003,0.0,-15.871058999999999,-52.0
3694,event_003694.csv,0.0,39.98524,-68.0,-39.98524,40.0,0.0,39.52387,-96.0,-39.52387,-44.0,118.8792,79.20150000000001,8.0,-39.67766999999999,-36.0,23.80659,23.806600000000003,0.0,-7.93553,-64.0
3695,event_003695.csv,0.0,39.98524,-96.0,-39.98524,-100.0,0.0,39.52387,24.0,-39.52387,-76.0,158.5568,39.5239,16.0,-79.35527,-4.0,23.80659,23.806600000000003,0.0,-15.871058999999999,-40.0
3696,event_003696.csv,0.0,39.98524,-92.0,0.0,-100.0,0.0,79.20153,160.0,-39.52387,-100.0,118.8792,79.20150000000001,-32.0,-39.67766999999999,-96.0,31.74213,15.871060000000003,0.0,-15.87107,-64.0
3697,event_003697.csv,0.0,39.98524,-88.0,-39.98524,196.0,0.0,39.52387,-88.0,-39.52387,-84.0,118.8792,118.8792,152.0,-39.67766999999999,-12.0,23.80659,23.806600000000003,0.0,-7.93553,-52.0
3698,event_003698.csv,0.0,39.98524,-64.0,-39.98524,-72.0,0.0,39.52387,-92.0,-39.52387,-48.0,158.5568,39.5239,-84.0,-119.03293000000001,120.0,31.74213,15.871060000000003,0.0,-15.87107,-28.0
3699,event_003699.csv,0.0,39.98524,-80.0,0.0,-100.0,0.0,79.20153,180.0,-39.52387,-80.0,118.8792,79.20150000000001,-52.0,-39.67766999999999,-8.0,23.80659,23.806600000000003,0.0,-15.871058999999999,-40.0
3700,event_003700.csv,0.0,39.98524,-64.0,0.0,-100.0,0.0,39.52387,-80.0,-39.52387,68.0,118.8792,79.20150000000001,8.0,-39.67766999999999,-44.0,23.80659,23.806600000000003,0.0,-15.871058999999999,-36.0
3701,event_003701.csv,0.0,39.98524,-56.0,0.0,-100.0,0.0,39.52387,-96.0,-39.52387,-36.0,118.8792,39.67760000000001,-88.0,-39.67766999999999,0.0,23.80659,23.806600000000003,0.0,-15.871058999999999,-52.0
3702,event_003702.csv,0.0,39.98524,-80.0,-39.98524,-28.0,0.0,39.52387,-88.0,-39.52387,36.0,158.5568,39.5239,8.0,-79.35527,-4.0,19.838825,27.774365000000003,0.0,-19.838825,20.0
3703,event_003703.csv,0.0,39.98524,-96.0,-39.98524,140.0,0.0,39.52387,-40.0,-39.52387,20.0,118.8792,79.20150000000001,-96.0,-39.67766999999999,-56.0,23.80659,23.806600000000003,0.0,-23.80659,20.0
3704,event_003704.csv,0.0,39.98524,-96.0,0.0,-100.0,0.0,79.20153,-36.0,-39.52387,-92.0,118.8792,79.20150000000001,-28.0,-39.67766999999999,-40.0,23.80659,23.806600000000003,0.0,-7.93553,-36.0
3705,event_003705.csv,0.0,39.98524,-96.0,-39.98524,-36.0,0.0,39.52387,-80.0,-39.52387,-92.0,158.5568,39.5239,-32.0,-79.35527,-8.0,23.80659,23.806600000000003,0.0,-15.871058999999999,-40.0
3706,event_003706.csv,0.0,39.98524,-80.0,-39.98524,-84.0,0.0,39.52387,-72.0,-39.52387,-92.0,118.8792,118.8792,-92.0,-79.35533,-4.0,23.80659,23.806600000000003,0.0,-15.871058999999999,-64.0
3707,event_003707.csv,0.0,39.98524,-96.0,-39.98524,-20.0,0.0,39.52387,-96.0,-39.52387,-28.0,118.8792,118.8792,144.0,-39.67766999999999,-20.0,23.80659,23.806600000000003,0.0,-15.871058999999999,-40.0
3708,event_003708.csv,0.0,39.98524,-92.0,-39.98524,-52.0,0.0,39.52387,-96.0,-39.52387,-84.0,118.8792,79.20150000000001,-96.0,-39.67766999999999,-12.0,23.80659,23.806600000000003,0.0,-7.93553,-64.0
3709,event_003709.csv,0.0,79.97047,36.0,0.0,-100.0,0.0,39.52387,-68.0,-39.52387,-88.0,158.5568,39.5239,-28.0,-79.35527,-48.0,23.80659,23.806600000000003,0.0,-15.871058999999999,-40.0
3710,event_003710.csv,0.0,39.98524,36.0,-39.98524,112.0,0.0,39.52387,-92.0,-39.52387,-96.0,118.8792,79.20150000000001,100.0,-39.67766999999999,-20.0,23.80659,23.806600000000003,0.0,-7.93553,-92.0
3711,event_003711.csv,0.0,39.98524,-20.0,-39.98524,24.0,0.0,39.52387,-100.0,-39.52387,-88.0,118.8792,118.8792,12.0,-79.35533,36.0,23.80659,23.806600000000003,0.0,-15.871058999999999,68.0
3712,event_003712.csv,0.0,39.98524,-76.0,0.0,-100.0,0.0,39.52387,-100.0,-39.52387,-96.0,118.8792,79.20150000000001,8.0,-39.67766999999999,128.0,23.80659,23.806600000000003,0.0,-15.871058999999999,-48.0
3713,event_003713.csv,0.0,39.98524,-76.0,-39.98524,156.0,0.0,39.52387,-96.0,-39.52387,188.0,118.8792,79.20150000000001,-44.0,-79.35533,-20.0,31.74213,15.871060000000003,0.0,-15.87107,-36.0
3714,event_003714.csv,0.0,39.98524,-64.0,-39.98524,156.0,0.0,39.52387,-72.0,-39.52387,188.0,158.5568,39.5239,-40.0,-79.35527,40.0,23.80659,23.806600000000003,0.0,-23.80659,-28.0
3715,event_003715.csv,0.0,39.98524,-88.0,0.0,-100.0,0.0,39.52387,-92.0,-39.52387,-8.0,158.5568,39.5239,-76.0,-119.03293000000001,32.0,23.80659,23.806600000000003,0.0,-15.871058999999999,-8.0
3716,event_003716.csv,0.0,39.98524,-88.0,-39.98524,148.0,0.0,39.52387,-88.0,-39.52387,-60.0,138.71800000000002,59.36269999999999,-40.0,-59.51647000000001,-12.0,23.80659,23.806600000000003,0.0,-15.871058999999999,-36.0
3717,event_003717.csv,0.0,39.98524,-100.0,-39.98524,100.0,0.0,39.52387,-88.0,-39.52387,-60.0,118.8792,118.8792,-24.0,-39.67766999999999,-76.0,23.80659,23.806600000000003,0.0,-15.871058999999999,20.0
3718,event_003718.csv,0.0,39.98524,-84.0,-39.98524,-60.0,0.0,39.52387,-96.0,-39.52387,92.0,118.8792,79.20150000000001,-88.0,-39.67766999999999,-76.0,23.80659,23.806600000000003,0.0,-7.93553,-52.0
3719,event_003719.csv,0.0,39.98524,-80.0,-39.98524,8.0,0.0,39.52387,-72.0,-39.52387,-92.0,118.8792,79.20150000000001,64.0,-39.67766999999999,-72.0,23.80659,23.806600000000003,0.0,-15.871058999999999,-36.0
3720,event_003720.csv,0.0,39.98524,-92.0,-39.98524,-96.0,0.0,39.52387,-56.0,-39.52387,-92.0,118.8792,79.20150000000001,16.0,-79.35533,104.0,23.80659,23.806600000000003,0.0,-15.871058999999999,-36.0
3721,event_003721.csv,0.0,39.98524,-56.0,-39.98524,132.0,0.0,39.52387,-80.0,-39.52387,12.0,118.8792,79.20150000000001,8.0,-39.67766999999999,-44.0,23.80659,23.806600000000003,0.0,-23.80659,-36.0
3722,event_003722.csv,0.0,39.98524,-84.0,0.0,-100.0,0.0,79.20153,-96.0,-39.52387,92.0,158.5568,79.20159999999998,72.0,-79.35527,-44.0,23.80659,23.806600000000003,0.0,-7.93553,-4.0
3723,event_003723.csv,0.0,39.98524,-88.0,0.0,-100.0,0.0,39.52387,-48.0,-39.52387,-100.0,118.8792,79.20150000000001,-72.0,-39.67766999999999,-96.0,23.80659,23.806600000000003,0.0,-7.93553,20.0
3724,event_003724.csv,0.0,39.98524,-100.0,-39.98524,-44.0,0.0,39.52387,-64.0,-39.52387,-76.0,118.8792,79.20150000000001,152.0,-39.67766999999999,-68.0,23.80659,23.806600000000003,0.0,-15.871058999999999,-40.0
3725,event_003725.csv,0.0,79.97047,148.0,-39.98524,28.0,0.0,79.20153,168.0,-39.52387,-76.0,118.8792,79.20150000000001,12.0,-39.67766999999999,-68.0,23.80659,23.806600000000003,0.0,-15.871058999999999,20.0
3726,event_003726.csv,0.0,39.98524,-80.0,0.0,-100.0,0.0,39.52387,-88.0,-39.52387,-28.0,118.8792,118.8792,16.0,-39.67766999999999,-60.0,23.80659,23.806600000000003,0.0,-7.93553,20.0
3727,event_003727.csv,0.0,39.98524,-92.0,0.0,-100.0,0.0,39.52387,-36.0,-39.52387,136.0,118.8792,79.20150000000001,-28.0,-39.67766999999999,-96.0,23.80659,23.806600000000003,0.0,-15.871058999999999,-48.0
3728,event_003728.csv,0.0,39.98524,-96.0,-39.98524,-8.0,0.0,39.52387,-100.0,-39.52387,-72.0,138.71800000000002,59.36269999999999,-36.0,-59.51647000000001,-48.0,23.80659,23.806600000000003,0.0,-15.871058999999999,-40.0
3729,event_003729.csv,0.0,39.98524,-92.0,0.0,-100.0,0.0,39.52387,-80.0,-39.52387,-76.0,158.5568,317.1137,48.0,-119.03293000000001,136.0,23.80659,23.806600000000003,0.0,-7.93553,-68.0
3730,event_003730.csv,0.0,39.98524,-60.0,-39.98524,-20.0,0.0,79.20153,-40.0,-39.52387,-60.0,118.8792,118.8792,16.0,-79.35533,36.0,23.80659,23.806600000000003,0.0,-15.871058999999999,20.0
3731,event_003731.csv,0.0,39.98524,-96.0,0.0,-100.0,0.0,39.52387,-4.0,-39.52387,-96.0,118.8792,79.20150000000001,-28.0,-79.35533,40.0,23.80659,23.806600000000003,0.0,-23.80659,-40.0
3732,event_003732.csv,0.0,39.98524,-72.0,-39.98524,76.0,0.0,39.52387,-88.0,-39.52387,-4.0,118.8792,356.7913,136.0,-39.67766999999999,-12.0,23.80659,23.806600000000003,0.0,-15.871058999999999,-52.0
3733,event_003733.csv,0.0,39.98524,-8.0,-39.98524,112.0,0.0,39.52387,-76.0,-39.52387,-40.0,118.8792,118.8792,148.0,-39.67766999999999,-84.0,23.80659,23.806600000000003,0.0,-7.93553,-40.0
3734,event_003734.csv,0.0,39.98524,-80.0,0.0,-100.0,0.0,79.20153,52.0,-39.52387,-64.0,158.5568,39.5239,-76.0,-119.03293000000001,-88.0,23.80659,23.806600000000003,0.0,-15.871058999999999,-16.0
3735,event_003735.csv,0.0,39.98524,-84.0,0.0,-100.0,0.0,79.20153,176.0,0.0,-100.0,118.8792,79.20150000000001,64.0,-39.67766999999999,-24.0,23.80659,23.806600000000003,0.0,-15.871058999999999,-4.0
3736,event_003736.csv,0.0,39.98524,-36.0,-39.98524,-72.0,0.0,79.20153,140.0,-39.52387,-56.0,118.8792,118.8792,140.0,-39.67766999999999,-40.0,23.80659,23.806600000000003,0.0,-15.871058999999999,8.0
3737,event_003737.csv,0.0,39.98524,-100.0,-39.98524,-60.0,0.0,39.52387,-96.0,-39.52387,-44.0,118.8792,79.20150000000001,-32.0,-79.35533,-4.0,31.74213,15.871060000000003,0.0,-15.87107,-28.0
3738,event_003738.csv,0.0,39.98524,-100.0,0.0,-96.0,0.0,39.52387,-76.0,-39.52387,-80.0,118.8792,79.20150000000001,-28.0,-39.67766999999999,-80.0,23.80659,23.806600000000003,0.0,-15.871058999999999,-40.0
3739,event_003739.csv,0.0,39.98524,-100.0,-39.98524,-76.0,0.0,39.52387,-88.0,-39.52387,-100.0,118.8792,79.20150000000001,-88.0,-79.35533,-64.0,23.80659,23.806600000000003,0.0,-7.93553,-52.0
3740,event_003740.csv,0.0,39.98524,-96.0,-39.98524,-84.0,0.0,39.52387,-72.0,-39.52387,-60.0,118.8792,79.20150000000001,100.0,-39.67766999999999,-88.0,23.80659,23.806600000000003,0.0,-23.80659,-36.0
3741,event_003741.csv,0.0,39.98524,-88.0,-39.98524,-4.0,0.0,39.52387,-40.0,-39.52387,-68.0,118.8792,79.20150000000001,16.0,-79.35533,124.0,23.80659,23.806600000000003,0.0,-7.93553,-76.0
3742,event_003742.csv,0.0,39.98524,-80.0,-39.98524,-68.0,0.0,39.52387,-56.0,-39.52387,-84.0,118.8792,79.20150000000001,-76.0,-39.67766999999999,-100.0,23.80659,23.806600000000003,0.0,-15.871058999999999,20.0
3743,event_003743.csv,0.0,39.98524,-48.0,0.0,-100.0,0.0,39.52387,-40.0,-39.52387,-84.0,118.8792,118.8792,-28.0,-79.35533,168.0,23.80659,23.806600000000003,0.0,-15.871058999999999,-36.0
3744,event_003744.csv,0.0,39.98524,-76.0,-39.98524,-4.0,0.0,39.52387,-56.0,-39.52387,100.0,118.8792,118.8792,48.0,-118.8792,132.0,23.80659,23.806600000000003,0.0,-7.93553,20.0
3745,event_003745.csv,0.0,599.9323,96.0,-39.98524,20.0,0.0,39.52387,-80.0,-39.52387,-44.0,118.8792,79.20150000000001,-28.0,-79.35533,116.0,23.80659,23.806600000000003,0.0,-15.871058999999999,-28.0
3746,event_003746.csv,0.0,39.98524,-12.0,-39.98524,-60.0,0.0,39.52387,-88.0,-39.52387,-84.0,118.8792,79.20150000000001,16.0,-39.67766999999999,-88.0,23.80659,23.806600000000003,0.0,-15.871058999999999,-28.0
3747,event_003747.csv,0.0,39.98524,-44.0,0.0,-100.0,0.0,39.52387,-28.0,-39.52387,-96.0,118.8792,79.20150000000001,-52.0,-39.67766999999999,-68.0,23.80659,23.806600000000003,0.0,-7.93553,-52.0
3748,event_003748.csv,0.0,39.98524,-92.0,0.0,-100.0,0.0,39.52387,-84.0,-39.52387,-40.0,118.8792,79.20150000000001,20.0,-39.67766999999999,-100.0,23.80659,23.806600000000003,0.0,-15.871058999999999,-40.0
3749,event_003749.csv,0.0,39.98524,-100.0,-39.98524,-60.0,0.0,39.52387,-96.0,-39.52387,-76.0,118.8792,118.8792,104.0,-79.35533,84.0,23.80659,23.806600000000003,0.0,-7.93553,20.0
3750,event_003750.csv,0.0,39.98524,-76.0,-39.98524,28.0,0.0,39.52387,-68.0,-39.52387,-80.0,118.8792,356.7913,140.0,-39.67766999999999,-60.0,23.80659,23.806600000000003,0.0,-15.871058999999999,-40.0
3751,event_003751.csv,0.0,39.98524,-96.0,-39.98524,88.0,0.0,39.52387,-100.0,-39.52387,-8.0,118.8792,79.20150000000001,-96.0,-79.35533,120.0,23.80659,23.806600000000003,0.0,-15.871058999999999,8.0
3752,event_003752.csv,0.0,39.98524,-36.0,-39.98524,-92.0,0.0,39.52387,-100.0,-39.52387,-28.0,118.8792,79.20150000000001,20.0,-39.67766999999999,0.0,23.80659,31.742130000000003,12.0,-7.93553,-100.0
3753,event_003753.csv,0.0,39.98524,-80.0,0.0,-100.0,0.0,39.52387,-40.0,-39.52387,-20.0,118.8792,118.8792,-36.0,-79.35533,-8.0,23.80659,23.806600000000003,0.0,-15.871058999999999,-36.0
3754,event_003754.csv,0.0,39.98524,-76.0,-39.98524,-100.0,0.0,39.52387,-88.0,-39.52387,-60.0,118.8792,118.8792,16.0,-79.35533,-4.0,23.80659,23.806600000000003,0.0,-15.871058999999999,20.0
3755,event_003755.csv,0.0,39.98524,-64.0,0.0,-100.0,0.0,39.52387,-100.0,-39.52387,-72.0,118.8792,79.20150000000001,20.0,-79.35533,176.0,15.87106,31.742130000000003,0.0,-15.87106,-36.0
3756,event_003756.csv,0.0,39.98524,-100.0,-39.98524,-88.0,0.0,79.20153,4.0,-39.52387,96.0,138.71800000000002,99.04039999999998,152.0,-59.51647000000001,-12.0,23.80659,23.806600000000003,0.0,-15.871058999999999,72.0
3757,event_003757.csv,0.0,39.98524,-80.0,-39.98524,-68.0,0.0,39.52387,-88.0,-39.52387,-100.0,118.8792,79.20150000000001,-72.0,-79.35533,-88.0,23.80659,23.806600000000003,0.0,-7.93553,-68.0
3758,event_003758.csv,0.0,39.98524,-92.0,0.0,-100.0,0.0,39.52387,-96.0,-39.52387,-76.0,138.71800000000002,59.36269999999999,-40.0,-99.19413000000002,-8.0,23.80659,23.806600000000003,0.0,-15.871058999999999,-36.0
3759,event_003759.csv,0.0,39.98524,-96.0,-39.98524,-88.0,0.0,39.52387,-44.0,-39.52387,-76.0,118.8792,79.20150000000001,-28.0,-39.67766999999999,-100.0,23.80659,23.806600000000003,0.0,-15.871058999999999,20.0
3760,event_003760.csv,0.0,39.98524,-92.0,-39.98524,-48.0,0.0,39.52387,-84.0,-39.52387,112.0,158.5568,79.20159999999998,148.0,-79.35527,-8.0,23.80659,23.806600000000003,0.0,-15.871058999999999,-40.0
3761,event_003761.csv,0.0,39.98524,-64.0,-39.98524,-20.0,0.0,39.52387,-88.0,-39.52387,-60.0,118.8792,356.7913,8.0,-39.67766999999999,172.0,31.74213,15.871060000000003,0.0,-23.806599,20.0
3762,event_003762.csv,0.0,39.98524,-96.0,-39.98524,124.0,0.0,39.52387,-80.0,-39.52387,28.0,158.5568,79.20159999999998,8.0,-119.03293000000001,32.0,23.80659,23.806600000000003,0.0,-15.871058999999999,16.0
3763,event_003763.csv,0.0,39.98524,-84.0,-39.98524,-72.0,0.0,39.52387,-100.0,-39.52387,-8.0,118.8792,79.20150000000001,12.0,-39.67766999999999,-72.0,23.80659,23.806600000000003,0.0,-7.93553,-52.0
3764,event_003764.csv,0.0,39.98524,-56.0,-39.98524,-92.0,0.0,39.52387,-56.0,-39.52387,-44.0,138.71800000000002,59.36269999999999,-28.0,-99.19413000000002,44.0,23.80659,23.806600000000003,0.0,-15.871058999999999,-28.0
3765,event_003765.csv,0.0,39.98524,-88.0,0.0,-100.0,0.0,39.52387,-80.0,-39.52387,-100.0,118.8792,79.20150000000001,-40.0,-79.35533,100.0,23.80659,23.806600000000003,0.0,-15.871058999999999,-52.0
3766,event_003766.csv,0.0,39.98524,-100.0,-39.98524,-48.0,0.0,39.52387,-84.0,-39.52387,-88.0,158.5568,39.5239,8.0,-79.35527,-32.0,31.74213,15.871060000000003,0.0,-15.87107,-80.0
3767,event_003767.csv,0.0,39.98524,-92.0,-39.98524,-100.0,0.0,39.52387,-96.0,-39.52387,-68.0,118.8792,118.8792,16.0,-79.35533,36.0,23.80659,23.806600000000003,0.0,-15.871058999999999,24.0
3768,event_003768.csv,0.0,39.98524,-80.0,-39.98524,12.0,0.0,79.20153,-96.0,-39.52387,12.0,118.8792,79.20150000000001,-96.0,-39.67766999999999,-36.0,23.80659,23.806600000000003,0.0,-7.93553,-40.0
3769,event_003769.csv,0.0,39.98524,-72.0,-39.98524,-84.0,0.0,39.52387,-48.0,-39.52387,-52.0,118.8792,79.20150000000001,-80.0,-39.67766999999999,-88.0,23.80659,23.806600000000003,0.0,-15.871058999999999,-40.0
3770,event_003770.csv,0.0,39.98524,-72.0,0.0,-100.0,0.0,39.52387,-88.0,-39.52387,-100.0,138.71800000000002,59.36269999999999,16.0,-99.19413000000002,40.0,23.80659,23.806600000000003,0.0,-15.871058999999999,28.0
3771,event_003771.csv,0.0,39.98524,-76.0,0.0,-100.0,0.0,39.52387,-88.0,-39.52387,-100.0,118.8792,79.20150000000001,-96.0,-39.67766999999999,156.0,23.80659,23.806600000000003,0.0,-15.871058999999999,-36.0
3772,event_003772.csv,0.0,39.98524,-48.0,-39.98524,-20.0,0.0,39.52387,-96.0,-39.52387,-92.0,158.5568,79.20159999999998,16.0,-79.35527,-56.0,23.80659,23.806600000000003,0.0,-15.871058999999999,-52.0
3773,event_003773.csv,0.0,39.98524,-92.0,0.0,-100.0,0.0,39.52387,-76.0,-39.52387,-72.0,118.8792,79.20150000000001,-76.0,-39.67766999999999,-64.0,23.80659,23.806600000000003,0.0,-7.93553,16.0
3774,event_003774.csv,0.0,39.98524,-96.0,-39.98524,-68.0,0.0,39.52387,-64.0,-39.52387,52.0,118.8792,118.8792,96.0,-79.35533,120.0,23.80659,23.806600000000003,0.0,-7.93553,-92.0
3775,event_003775.csv,0.0,39.98524,-100.0,-39.98524,116.0,0.0,39.52387,-64.0,-39.52387,100.0,118.8792,79.20150000000001,-88.0,-39.67766999999999,-16.0,23.80659,23.806600000000003,0.0,-7.93553,-60.0
3776,event_003776.csv,0.0,39.98524,-100.0,-39.98524,-28.0,0.0,39.52387,-96.0,-39.52387,60.0,158.5568,39.5239,-28.0,-79.35527,0.0,23.80659,23.806600000000003,0.0,-7.93553,-52.0
3777,event_003777.csv,0.0,39.98524,-100.0,0.0,-96.0,0.0,39.52387,-100.0,-39.52387,-80.0,118.8792,118.8792,140.0,-79.35533,-8.0,23.80659,23.806600000000003,0.0,-15.871058999999999,16.0
3778,event_003778.csv,0.0,39.98524,-48.0,-39.98524,-92.0,0.0,39.52387,-80.0,-39.52387,44.0,118.8792,79.20150000000001,-40.0,-39.67766999999999,36.0,23.80659,23.806600000000003,0.0,-15.871058999999999,-40.0
3779,event_003779.csv,0.0,39.98524,-40.0,0.0,-100.0,0.0,39.52387,-80.0,-39.52387,-76.0,118.8792,79.20150000000001,-80.0,-39.67766999999999,-8.0,19.838825,27.774365000000003,0.0,-11.903293999999999,-40.0
3780,event_003780.csv,0.0,39.98524,-100.0,-39.98524,-96.0,0.0,39.52387,-68.0,-39.52387,-88.0,118.8792,118.8792,196.0,-39.67766999999999,-96.0,23.80659,23.806600000000003,0.0,-7.93553,-48.0
3781,event_003781.csv,0.0,39.98524,-100.0,0.0,-96.0,0.0,79.20153,16.0,-39.52387,-100.0,118.8792,79.20150000000001,-92.0,-39.67766999999999,-16.0,23.80659,23.806600000000003,0.0,-15.871058999999999,-60.0
3782,event_003782.csv,0.0,39.98524,-80.0,-39.98524,-36.0,0.0,39.52387,-100.0,0.0,-96.0,158.5568,39.5239,-24.0,-79.35527,-64.0,31.74213,15.871060000000003,0.0,-23.806599,-36.0
3783,event_003783.csv,0.0,39.98524,-96.0,-39.98524,52.0,0.0,39.52387,-72.0,-39.52387,-92.0,118.8792,79.20150000000001,-40.0,-39.67766999999999,116.0,23.80659,23.806600000000003,0.0,-7.93553,-36.0
3784,event_003784.csv,0.0,39.98524,-100.0,-39.98524,120.0,0.0,39.52387,-68.0,-39.52387,24.0,118.8792,79.20150000000001,-32.0,-39.67766999999999,-12.0,23.80659,23.806600000000003,0.0,-15.871058999999999,-40.0
3785,event_003785.csv,0.0,39.98524,-80.0,-39.98524,68.0,0.0,39.52387,-40.0,-39.52387,-52.0,118.8792,79.20150000000001,80.0,-79.35533,124.0,27.77436,19.83883,0.0,-11.903300000000002,-52.0
3786,event_003786.csv,0.0,39.98524,-56.0,-39.98524,28.0,0.0,39.52387,-64.0,-39.52387,52.0,118.8792,79.20150000000001,96.0,-39.67766999999999,-100.0,23.80659,23.806600000000003,0.0,-15.871058999999999,-48.0
3787,event_003787.csv,0.0,39.98524,-96.0,-39.98524,-40.0,0.0,39.52387,-92.0,-39.52387,-80.0,118.8792,79.20150000000001,-36.0,-39.67766999999999,-56.0,23.80659,23.806600000000003,0.0,-7.93553,-92.0
3788,event_003788.csv,0.0,39.98524,-64.0,0.0,-100.0,0.0,39.52387,-88.0,-39.52387,28.0,158.5568,39.5239,-28.0,-79.35527,-44.0,23.80659,23.806600000000003,0.0,-15.871058999999999,-36.0
3789,event_003789.csv,0.0,39.98524,-36.0,-39.98524,32.0,0.0,39.52387,-76.0,-39.52387,80.0,158.5568,39.5239,-28.0,-119.03293000000001,44.0,23.80659,23.806600000000003,0.0,-15.871058999999999,-36.0
3790,event_003790.csv,0.0,39.98524,-44.0,-39.98524,-52.0,0.0,39.52387,-96.0,-39.52387,-92.0,118.8792,79.20150000000001,64.0,-39.67766999999999,-68.0,31.74213,15.871060000000003,0.0,-15.87107,-64.0
3791,event_003791.csv,0.0,39.98524,-100.0,0.0,-92.0,0.0,39.52387,-96.0,-39.52387,-20.0,118.8792,79.20150000000001,144.0,-39.67766999999999,-76.0,23.80659,23.806600000000003,0.0,-15.871058999999999,-36.0
3792,event_003792.csv,0.0,39.98524,-76.0,0.0,-100.0,0.0,39.52387,36.0,-39.52387,-48.0,158.5568,39.5239,-28.0,-119.03293000000001,-12.0,15.87106,31.742130000000003,0.0,-15.87106,-52.0
3793,event_003793.csv,0.0,39.98524,-80.0,0.0,-100.0,0.0,39.52387,-68.0,-39.52387,-48.0,118.8792,79.20150000000001,-100.0,-39.67766999999999,-56.0,23.80659,23.806600000000003,0.0,-7.93553,-64.0
3794,event_003794.csv,0.0,39.98524,-100.0,0.0,-96.0,0.0,39.52387,-96.0,-39.52387,44.0,118.8792,79.20150000000001,52.0,-39.67766999999999,-12.0,23.80659,23.806600000000003,0.0,-7.93553,-60.0
3795,event_003795.csv,0.0,39.98524,-96.0,0.0,-100.0,0.0,39.52387,-80.0,0.0,-100.0,118.8792,79.20150000000001,8.0,-39.67766999999999,-100.0,23.80659,23.806600000000003,0.0,-15.871058999999999,-28.0
3796,event_003796.csv,0.0,39.98524,-96.0,-39.98524,180.0,0.0,39.52387,-72.0,-39.52387,-60.0,118.8792,79.20150000000001,32.0,-118.8792,148.0,23.80659,23.806600000000003,0.0,-7.93553,8.0
3797,event_003797.csv,0.0,39.98524,-84.0,-39.98524,24.0,0.0,79.20153,48.0,0.0,-100.0,118.8792,79.20150000000001,12.0,-79.35533,-8.0,23.80659,23.806600000000003,0.0,-15.871058999999999,-40.0
3798,event_003798.csv,0.0,39.98524,-100.0,-39.98524,-32.0,0.0,39.52387,-92.0,-39.52387,-64.0,118.8792,79.20150000000001,52.0,-39.67766999999999,-64.0,23.80659,23.806600000000003,0.0,-15.871058999999999,8.0
3799,event_003799.csv,0.0,39.98524,-100.0,-39.98524,32.0,0.0,39.52387,-28.0,-39.52387,-88.0,158.5568,39.5239,-40.0,-79.35527,-64.0,23.80659,23.806600000000003,0.0,-15.871058999999999,-40.0
3800,event_003800.csv,0.0,39.98524,-84.0,-39.98524,-56.0,0.0,39.52387,-100.0,-39.52387,-80.0,118.8792,79.20150000000001,12.0,-79.35533,136.0,23.80659,31.742130000000003,0.0,-15.871058999999999,8.0
3801,event_003801.csv,0.0,39.98524,-100.0,0.0,-92.0,0.0,39.52387,-96.0,-39.52387,-76.0,118.8792,79.20150000000001,-40.0,-39.67766999999999,-24.0,23.80659,23.806600000000003,0.0,-15.871058999999999,-28.0
3802,event_003802.csv,0.0,39.98524,-88.0,0.0,-100.0,0.0,39.52387,-40.0,-39.52387,-68.0,118.8792,79.20150000000001,-40.0,-39.67766999999999,36.0,23.80659,31.742130000000003,0.0,-15.871058999999999,-36.0
3803,event_003803.csv,0.0,39.98524,-80.0,-39.98524,68.0,0.0,39.52387,-80.0,-39.52387,-100.0,158.5568,39.5239,16.0,-119.03293000000001,116.0,23.80659,23.806600000000003,0.0,-15.871058999999999,-48.0
3804,event_003804.csv,0.0,39.98524,-48.0,-39.98524,44.0,0.0,39.52387,-96.0,-39.52387,-76.0,118.8792,79.20150000000001,-28.0,-39.67766999999999,-88.0,23.80659,23.806600000000003,0.0,-15.871058999999999,20.0
3805,event_003805.csv,0.0,39.98524,-88.0,-39.98524,196.0,0.0,39.52387,-56.0,0.0,-100.0,118.8792,118.8792,8.0,-39.67766999999999,-96.0,23.80659,23.806600000000003,0.0,-7.93553,-36.0
3806,event_003806.csv,0.0,39.98524,-64.0,-39.98524,-36.0,0.0,39.52387,-88.0,-39.52387,-100.0,158.5568,118.87919999999997,160.0,-119.03293000000001,76.0,23.80659,23.806600000000003,0.0,-23.80659,20.0
3807,event_003807.csv,0.0,39.98524,-52.0,0.0,-100.0,0.0,39.52387,-100.0,-39.52387,-72.0,118.8792,118.8792,20.0,-39.67766999999999,-68.0,23.80659,23.806600000000003,0.0,-7.93553,-88.0
3808,event_003808.csv,0.0,39.98524,-96.0,0.0,-100.0,0.0,39.52387,-72.0,-39.52387,-100.0,118.8792,79.20150000000001,196.0,-39.67766999999999,-36.0,23.80659,23.806600000000003,0.0,-15.871058999999999,20.0
3809,event_003809.csv,0.0,39.98524,-72.0,-39.98524,116.0,0.0,39.52387,-24.0,-39.52387,-92.0,118.8792,79.20150000000001,-100.0,-39.67766999999999,-48.0,23.80659,23.806600000000003,0.0,-15.871058999999999,-40.0
3810,event_003810.csv,0.0,39.98524,-100.0,-39.98524,60.0,0.0,39.52387,-56.0,-39.52387,-100.0,118.8792,79.20150000000001,-80.0,-79.35533,32.0,23.80659,23.806600000000003,0.0,-15.871058999999999,20.0
3811,event_003811.csv,0.0,39.98524,-100.0,-39.98524,4.0,0.0,39.52387,-96.0,-39.52387,20.0,118.8792,79.20150000000001,24.0,-39.67766999999999,-60.0,23.80659,23.806600000000003,0.0,-15.871058999999999,-36.0
3812,event_003812.csv,0.0,39.98524,-100.0,-39.98524,-28.0,0.0,39.52387,-84.0,0.0,-100.0,158.5568,39.5239,-36.0,-79.35527,40.0,31.74213,15.871060000000003,0.0,-15.87107,-40.0
3813,event_003813.csv,0.0,39.98524,-48.0,-39.98524,-60.0,0.0,39.52387,-96.0,-39.52387,28.0,118.8792,79.20150000000001,144.0,-39.67766999999999,-36.0,23.80659,23.806600000000003,0.0,-7.93553,-52.0
3814,event_003814.csv,0.0,39.98524,-92.0,-39.98524,152.0,0.0,39.52387,-96.0,-39.52387,-52.0,118.8792,79.20150000000001,24.0,-39.67766999999999,-20.0,23.80659,23.806600000000003,0.0,-15.871058999999999,-28.0
3815,event_003815.csv,0.0,39.98524,-96.0,0.0,-100.0,0.0,39.52387,-68.0,-39.52387,-36.0,118.8792,79.20150000000001,16.0,-39.67766999999999,-100.0,31.74213,15.871060000000003,0.0,-15.87107,20.0
3816,event_003816.csv,0.0,39.98524,-12.0,0.0,-100.0,0.0,39.52387,-100.0,-39.52387,-76.0,118.8792,79.20150000000001,-28.0,-79.35533,124.0,23.80659,23.806600000000003,0.0,-15.871058999999999,-40.0
3817,event_003817.csv,0.0,39.98524,-56.0,-39.98524,148.0,0.0,39.52387,-88.0,-39.52387,-28.0,158.5568,39.5239,144.0,-119.03293000000001,40.0,23.80659,23.806600000000003,0.0,-15.871058999999999,-36.0
3818,event_003818.csv,0.0,39.98524,-68.0,-39.98524,80.0,0.0,39.52387,-52.0,-39.52387,-96.0,118.8792,79.20150000000001,-40.0,-39.67766999999999,-100.0,23.80659,23.806600000000003,0.0,-15.871058999999999,-40.0
3819,event_003819.csv,0.0,39.98524,-100.0,-39.98524,180.0,0.0,79.20153,192.0,-39.52387,-60.0,118.8792,79.20150000000001,-40.0,-39.67766999999999,-92.0,23.80659,23.806600000000003,0.0,-15.871058999999999,-36.0
3820,event_003820.csv,0.0,39.98524,8.0,-39.98524,84.0,0.0,39.52387,-88.0,-39.52387,-52.0,158.5568,79.20159999999998,8.0,-79.35527,-76.0,23.80659,23.806600000000003,0.0,-15.871058999999999,-52.0
3821,event_003821.csv,0.0,39.98524,-88.0,-39.98524,-64.0,0.0,39.52387,-92.0,-39.52387,-64.0,118.8792,79.20150000000001,-28.0,-79.35533,124.0,23.80659,23.806600000000003,0.0,-15.871058999999999,-40.0
3822,event_003822.csv,0.0,39.98524,0.0,-39.98524,104.0,0.0,39.52387,-44.0,-39.52387,-96.0,118.8792,79.20150000000001,-96.0,-39.67766999999999,-80.0,23.80659,23.806600000000003,0.0,-7.93553,-48.0
3823,event_003823.csv,0.0,39.98524,0.0,0.0,-100.0,0.0,39.52387,-96.0,-39.52387,-100.0,118.8792,118.8792,16.0,-39.67766999999999,-4.0,23.80659,23.806600000000003,0.0,-7.93553,12.0
3824,event_003824.csv,0.0,39.98524,-76.0,-39.98524,-52.0,0.0,39.52387,-16.0,-39.52387,-92.0,118.8792,79.20150000000001,8.0,-79.35533,-4.0,23.80659,23.806600000000003,0.0,-7.93553,12.0
3825,event_003825.csv,0.0,39.98524,-84.0,-39.98524,116.0,0.0,39.52387,-96.0,0.0,-100.0,118.8792,79.20150000000001,-52.0,-39.67766999999999,-76.0,23.80659,23.806600000000003,0.0,-7.93553,-36.0
3826,event_003826.csv,0.0,39.98524,-100.0,0.0,-96.0,0.0,39.52387,-60.0,-39.52387,-80.0,118.8792,79.20150000000001,12.0,-79.35533,168.0,23.80659,23.806600000000003,0.0,-7.93553,-96.0
3827,event_003827.csv,0.0,39.98524,-96.0,-39.98524,-76.0,0.0,39.52387,-80.0,-39.52387,-4.0,118.8792,118.8792,8.0,-79.35533,36.0,23.80659,23.806600000000003,0.0,-15.871058999999999,20.0
3828,event_003828.csv,0.0,39.98524,-96.0,-39.98524,132.0,0.0,39.52387,-96.0,-39.52387,-68.0,118.8792,79.20150000000001,-40.0,-39.67766999999999,84.0,23.80659,23.806600000000003,0.0,-15.871058999999999,-60.0
3829,event_003829.csv,0.0,39.98524,-88.0,-39.98524,-24.0,0.0,39.52387,-96.0,-39.52387,-68.0,118.8792,79.20150000000001,-100.0,-39.67766999999999,-80.0,23.80659,23.806600000000003,0.0,-15.871058999999999,-28.0
3830,event_003830.csv,0.0,39.98524,-44.0,-39.98524,24.0,0.0,39.52387,-100.0,-39.52387,-88.0,118.8792,118.8792,20.0,-39.67766999999999,-88.0,23.80659,23.806600000000003,0.0,-7.93553,-52.0
3831,event_003831.csv,0.0,39.98524,-76.0,0.0,-100.0,0.0,39.52387,-100.0,-39.52387,24.0,118.8792,79.20150000000001,-40.0,-39.67766999999999,12.0,31.74213,23.806590000000003,12.0,-23.806599,-28.0
3832,event_003832.csv,0.0,39.98524,-92.0,-39.98524,-100.0,0.0,39.52387,-8.0,-39.52387,-100.0,118.8792,118.8792,144.0,-39.67766999999999,164.0,23.80659,23.806600000000003,0.0,-15.871058999999999,20.0
3833,event_003833.csv,0.0,39.98524,-52.0,-39.98524,-72.0,0.0,39.52387,-12.0,-39.52387,-16.0,138.71800000000002,59.36269999999999,-24.0,-59.51647000000001,-76.0,23.80659,23.806600000000003,0.0,-15.871058999999999,-36.0
3834,event_003834.csv,0.0,39.98524,-76.0,-39.98524,88.0,0.0,79.20153,52.0,-39.52387,-24.0,118.8792,118.8792,64.0,-79.35533,36.0,23.80659,23.806600000000003,0.0,-15.871058999999999,24.0
3835,event_003835.csv,0.0,39.98524,-96.0,-39.98524,-72.0,0.0,39.52387,-60.0,-39.52387,8.0,118.8792,79.20150000000001,-24.0,-79.35533,0.0,23.80659,23.806600000000003,0.0,-15.871058999999999,-20.0
3836,event_003836.csv,0.0,79.97047,-88.0,-39.98524,4.0,0.0,39.52387,-80.0,-39.52387,-100.0,118.8792,118.8792,140.0,-79.35533,-12.0,23.80659,23.806600000000003,0.0,-7.93553,-40.0
3837,event_003837.csv,0.0,39.98524,-100.0,-39.98524,-28.0,0.0,39.52387,-40.0,-39.52387,-76.0,118.8792,118.8792,60.0,-79.35533,36.0,23.80659,23.806600000000003,0.0,-15.871058999999999,20.0
3838,event_003838.csv,0.0,39.98524,-68.0,-39.98524,116.0,0.0,39.52387,-56.0,-39.52387,-36.0,138.71800000000002,59.36269999999999,-40.0,-59.51647000000001,-84.0,23.80659,23.806600000000003,0.0,-15.871058999999999,-40.0
3839,event_003839.csv,0.0,39.98524,-88.0,-39.98524,16.0,0.0,39.52387,-56.0,-39.52387,28.0,118.8792,79.20150000000001,104.0,-39.67766999999999,64.0,31.74213,15.871060000000003,0.0,-15.87107,-92.0
3840,event_003840.csv,0.0,39.98524,-100.0,0.0,-92.0,0.0,39.52387,-44.0,-39.52387,-8.0,118.8792,79.20150000000001,12.0,-39.67766999999999,-8.0,23.80659,23.806600000000003,0.0,-15.871058999999999,20.0
3841,event_003841.csv,0.0,39.98524,-76.0,-39.98524,-36.0,0.0,39.52387,-84.0,-39.52387,-40.0,158.5568,39.5239,-28.0,-119.03293000000001,128.0,23.80659,23.806600000000003,0.0,-15.871058999999999,-40.0
3842,event_003842.csv,0.0,39.98524,-100.0,-39.98524,-28.0,0.0,39.52387,-56.0,-39.52387,-84.0,158.5568,39.5239,184.0,-79.35527,-76.0,23.80659,23.806600000000003,0.0,-15.871058999999999,-8.0
3843,event_003843.csv,0.0,39.98524,-80.0,-39.98524,36.0,0.0,39.52387,96.0,-39.52387,-100.0,118.8792,79.20150000000001,24.0,-79.35533,0.0,23.80659,23.806600000000003,0.0,-15.871058999999999,-40.0
3844,event_003844.csv,0.0,39.98524,-68.0,-39.98524,-96.0,0.0,39.52387,16.0,-39.52387,-68.0,118.8792,79.20150000000001,12.0,-79.35533,-92.0,31.74213,15.871060000000003,0.0,-15.87107,-52.0
3845,event_003845.csv,0.0,39.98524,-56.0,-39.98524,140.0,0.0,39.52387,-80.0,0.0,-100.0,118.8792,79.20150000000001,-80.0,-79.35533,172.0,23.80659,23.806600000000003,0.0,-15.871058999999999,-52.0
3846,event_003846.csv,0.0,39.98524,-96.0,-39.98524,172.0,0.0,39.52387,-56.0,-39.52387,-92.0,118.8792,79.20150000000001,16.0,-79.35533,124.0,23.80659,23.806600000000003,0.0,-7.93553,-52.0
3847,event_003847.csv,0.0,39.98524,-96.0,-39.98524,88.0,0.0,39.52387,-4.0,-39.52387,-32.0,118.8792,118.8792,196.0,-39.67766999999999,-8.0,23.80659,23.806600000000003,0.0,-15.871058999999999,8.0
3848,event_003848.csv,0.0,39.98524,-96.0,-39.98524,-12.0,0.0,39.52387,-80.0,-39.52387,92.0,118.8792,118.8792,8.0,-79.35533,36.0,23.80659,23.806600000000003,0.0,-15.871058999999999,28.0
3849,event_003849.csv,0.0,39.98524,0.0,-39.98524,116.0,0.0,39.52387,-96.0,-39.52387,172.0,118.8792,118.8792,56.0,-39.67766999999999,28.0,31.74213,15.871060000000003,0.0,-15.87107,-92.0
3850,event_003850.csv,0.0,39.98524,-84.0,0.0,-100.0,0.0,39.52387,-96.0,-39.52387,-68.0,118.8792,79.20150000000001,8.0,-39.67766999999999,-4.0,23.80659,23.806600000000003,0.0,-7.93553,12.0
3851,event_003851.csv,0.0,39.98524,-100.0,0.0,-92.0,0.0,39.52387,-100.0,-39.52387,88.0,118.8792,79.20150000000001,-84.0,-39.67766999999999,-24.0,23.80659,23.806600000000003,0.0,-15.871058999999999,16.0
3852,event_003852.csv,0.0,39.98524,-80.0,0.0,-100.0,0.0,39.52387,-72.0,-39.52387,-92.0,118.8792,79.20150000000001,-48.0,-39.67766999999999,-100.0,23.80659,23.806600000000003,0.0,-15.871058999999999,-52.0
3853,event_003853.csv,0.0,79.97047,-96.0,0.0,-100.0,0.0,39.52387,-88.0,-39.52387,12.0,158.5568,39.5239,16.0,-79.35527,-20.0,23.80659,23.806600000000003,0.0,-15.871058999999999,76.0
3854,event_003854.csv,0.0,39.98524,-64.0,-39.98524,-68.0,0.0,39.52387,-96.0,-39.52387,-60.0,118.8792,79.20150000000001,16.0,-39.67766999999999,-72.0,23.80659,23.806600000000003,0.0,-7.93553,-52.0
3855,event_003855.csv,0.0,39.98524,-76.0,-39.98524,92.0,0.0,39.52387,-100.0,-39.52387,-72.0,118.8792,79.20150000000001,8.0,-39.67766999999999,-44.0,23.80659,23.806600000000003,0.0,-15.871058999999999,-40.0
3856,event_003856.csv,0.0,39.98524,-72.0,-39.98524,148.0,0.0,39.52387,-88.0,-39.52387,-100.0,118.8792,79.20150000000001,-40.0,-39.67766999999999,-88.0,23.80659,23.806600000000003,0.0,-15.871058999999999,-36.0
3857,event_003857.csv,0.0,39.98524,-100.0,-39.98524,48.0,0.0,39.52387,-84.0,-39.52387,-96.0,158.5568,39.5239,12.0,-79.35527,-80.0,23.80659,23.806600000000003,0.0,-15.871058999999999,-36.0
3858,event_003858.csv,0.0,39.98524,-100.0,-39.98524,144.0,0.0,39.52387,4.0,-39.52387,-88.0,118.8792,79.20150000000001,20.0,-39.67766999999999,-96.0,31.74213,15.871060000000003,0.0,-15.87107,-40.0
3859,event_003859.csv,0.0,39.98524,-100.0,-39.98524,196.0,0.0,39.52387,-96.0,-39.52387,-28.0,118.8792,79.20150000000001,-44.0,-39.67766999999999,172.0,31.74213,15.871060000000003,0.0,-15.87107,-40.0
3860,event_003860.csv,0.0,39.98524,-72.0,-39.98524,148.0,0.0,39.52387,-72.0,-39.52387,-60.0,118.8792,79.20150000000001,-24.0,-79.35533,-48.0,23.80659,23.806600000000003,0.0,-7.93553,-96.0
3861,event_003861.csv,0.0,39.98524,-64.0,-39.98524,108.0,0.0,39.52387,-88.0,-39.52387,-44.0,118.8792,79.20150000000001,16.0,-39.67766999999999,44.0,23.80659,23.806600000000003,0.0,-15.871058999999999,-52.0
3862,event_003862.csv,0.0,39.98524,-88.0,-39.98524,180.0,0.0,39.52387,-96.0,-39.52387,108.0,118.8792,79.20150000000001,-40.0,-39.67766999999999,-64.0,23.80659,23.806600000000003,0.0,-15.871058999999999,-40.0
3863,event_003863.csv,0.0,39.98524,-56.0,0.0,-100.0,0.0,39.52387,-72.0,-39.52387,-28.0,118.8792,4881.1208,0.0,-39.67766999999999,-92.0,-7.935531,95.257131,12.0,-23.806599,-8.0
3864,event_003864.csv,0.0,39.98524,-96.0,-39.98524,-100.0,0.0,39.52387,-88.0,-39.52387,-100.0,158.5568,79.20159999999998,16.0,-119.03293000000001,0.0,23.80659,23.806600000000003,0.0,-7.93553,-52.0
3865,event_003865.csv,0.0,39.98524,-80.0,0.0,-100.0,0.0,39.52387,-96.0,-39.52387,-36.0,118.8792,79.20150000000001,-28.0,-39.67766999999999,-12.0,23.80659,23.806600000000003,0.0,-15.871058999999999,-52.0
3866,event_003866.csv,0.0,39.98524,-76.0,-39.98524,164.0,0.0,39.52387,-16.0,0.0,-100.0,118.8792,118.8792,96.0,-79.35533,120.0,23.80659,23.806600000000003,0.0,-15.871058999999999,-52.0
3867,event_003867.csv,0.0,39.98524,16.0,-39.98524,-84.0,0.0,39.52387,-56.0,-39.52387,-60.0,118.8792,79.20150000000001,-16.0,-79.35533,116.0,23.80659,23.806600000000003,0.0,-15.871058999999999,-52.0
3868,event_003868.csv,0.0,39.98524,-68.0,-39.98524,-92.0,0.0,39.52387,-48.0,-39.52387,-52.0,118.8792,118.8792,12.0,-79.35533,32.0,23.80659,23.806600000000003,0.0,-23.80659,28.0
3869,event_003869.csv,0.0,39.98524,-16.0,0.0,-100.0,0.0,39.52387,-100.0,0.0,-96.0,118.8792,79.20150000000001,16.0,-79.35533,168.0,23.80659,23.806600000000003,0.0,-7.93553,-64.0
3870,event_003870.csv,0.0,39.98524,-80.0,-39.98524,-84.0,0.0,79.20153,-24.0,-39.52387,-76.0,118.8792,79.20150000000001,8.0,-39.67766999999999,-100.0,23.80659,23.806600000000003,0.0,-15.871058999999999,-28.0
3871,event_003871.csv,0.0,39.98524,-56.0,0.0,-100.0,0.0,39.52387,48.0,-39.52387,-68.0,118.8792,118.8792,152.0,-39.67766999999999,-84.0,23.80659,23.806600000000003,0.0,-15.871058999999999,-52.0
3872,event_003872.csv,0.0,39.98524,-72.0,-39.98524,-60.0,0.0,39.52387,-88.0,-39.52387,-60.0,158.5568,39.5239,-92.0,-119.03293000000001,36.0,23.80659,23.806600000000003,0.0,-15.871058999999999,24.0
3873,event_003873.csv,0.0,39.98524,-100.0,0.0,-96.0,0.0,39.52387,-72.0,-39.52387,-100.0,118.8792,79.20150000000001,140.0,-39.67766999999999,32.0,23.80659,23.806600000000003,0.0,-15.871058999999999,16.0
3874,event_003874.csv,0.0,39.98524,-96.0,0.0,-100.0,0.0,39.52387,-80.0,-39.52387,92.0,118.8792,79.20150000000001,-64.0,-39.67766999999999,-100.0,31.74213,15.871060000000003,0.0,-15.87107,-8.0
3875,event_003875.csv,0.0,39.98524,-100.0,0.0,-96.0,0.0,39.52387,92.0,-39.52387,-96.0,118.8792,317.1137,-16.0,-79.35533,184.0,23.80659,23.806600000000003,0.0,-15.871058999999999,-28.0
3876,event_003876.csv,0.0,39.98524,-36.0,-39.98524,-52.0,0.0,39.52387,-64.0,-39.52387,-36.0,158.5568,79.20159999999998,184.0,-119.03293000000001,164.0,23.80659,23.806600000000003,0.0,-15.871058999999999,188.0
3877,event_003877.csv,0.0,39.98524,-60.0,0.0,-100.0,0.0,39.52387,-48.0,-39.52387,-28.0,118.8792,79.20150000000001,-28.0,-39.67766999999999,-12.0,23.80659,23.806600000000003,0.0,-7.93553,-52.0
3878,event_003878.csv,0.0,39.98524,-76.0,0.0,-100.0,0.0,39.52387,-96.0,-39.52387,-28.0,118.8792,317.1137,184.0,-39.67766999999999,-56.0,23.80659,23.806600000000003,0.0,-15.871058999999999,-36.0
3879,event_003879.csv,0.0,39.98524,-76.0,-39.98524,-64.0,0.0,39.52387,-100.0,-39.52387,-56.0,118.8792,79.20150000000001,20.0,-39.67766999999999,-68.0,23.80659,23.806600000000003,0.0,-7.93553,-100.0
3880,event_003880.csv,0.0,39.98524,-48.0,-39.98524,100.0,0.0,39.52387,-88.0,-39.52387,-44.0,118.8792,118.8792,152.0,-39.67766999999999,-8.0,23.80659,23.806600000000003,0.0,-15.871058999999999,-36.0
3881,event_003881.csv,0.0,39.98524,-92.0,-39.98524,-12.0,0.0,39.52387,-88.0,-39.52387,-76.0,118.8792,356.7913,4.0,-39.67766999999999,-64.0,23.80659,23.806600000000003,0.0,-7.93553,-32.0
3882,event_003882.csv,0.0,999.9385,0.0,-39.98524,-36.0,0.0,2062.469,8.0,0.0,-100.0,158.5568,4841.4432,0.0,-39.67760000000001,-100.0,-7.935531,103.192671,8.0,-23.806599,-12.0
3883,event_003883.csv,0.0,39.98524,-100.0,-39.98524,148.0,0.0,39.52387,-48.0,-39.52387,-84.0,118.8792,79.20150000000001,-72.0,-39.67766999999999,-48.0,31.74213,15.871060000000003,0.0,-7.93554,-68.0
3884,event_003884.csv,0.0,39.98524,-80.0,-39.98524,8.0,0.0,39.52387,-40.0,-39.52387,28.0,158.5568,39.5239,16.0,-79.35527,-36.0,23.80659,23.806600000000003,0.0,-15.871058999999999,16.0
3885,event_003885.csv,0.0,39.98524,-100.0,0.0,-96.0,0.0,39.52387,-60.0,-39.52387,168.0,158.5568,39.5239,-40.0,-79.35527,-68.0,23.80659,23.806600000000003,0.0,-7.93553,-48.0
3886,event_003886.csv,0.0,39.98524,-80.0,0.0,-100.0,0.0,39.52387,-56.0,-39.52387,-12.0,118.8792,79.20150000000001,-28.0,-39.67766999999999,-8.0,23.80659,23.806600000000003,0.0,-15.871058999999999,-36.0
3887,event_003887.csv,0.0,39.98524,-92.0,-39.98524,-4.0,0.0,39.52387,-64.0,-39.52387,-100.0,118.8792,79.20150000000001,96.0,-79.35533,172.0,23.80659,23.806600000000003,0.0,-15.871058999999999,-52.0
3888,event_003888.csv,0.0,39.98524,-72.0,0.0,-100.0,0.0,39.52387,-40.0,-39.52387,-68.0,118.8792,79.20150000000001,-24.0,-39.67766999999999,-92.0,23.80659,23.806600000000003,0.0,-15.871058999999999,-92.0
3889,event_003889.csv,0.0,39.98524,-100.0,-39.98524,40.0,0.0,39.52387,-100.0,-39.52387,-48.0,118.8792,79.20150000000001,16.0,-39.67766999999999,-76.0,23.80659,23.806600000000003,0.0,-15.871058999999999,72.0
3890,event_003890.csv,0.0,39.98524,-92.0,-39.98524,-100.0,0.0,39.52387,-48.0,0.0,-100.0,118.8792,118.8792,16.0,-79.35533,44.0,23.80659,23.806600000000003,0.0,-15.871058999999999,24.0
3891,event_003891.csv,0.0,39.98524,-56.0,0.0,-100.0,0.0,39.52387,-80.0,-39.52387,-84.0,118.8792,79.20150000000001,104.0,-39.67766999999999,-44.0,23.80659,23.806600000000003,0.0,-15.871058999999999,-28.0
3892,event_003892.csv,0.0,39.98524,-72.0,-39.98524,52.0,0.0,39.52387,-48.0,-39.52387,-92.0,158.5568,39.5239,-80.0,-79.35527,-12.0,23.80659,23.806600000000003,0.0,-15.871058999999999,-36.0
3893,event_003893.csv,0.0,39.98524,-100.0,-39.98524,-36.0,0.0,39.52387,-32.0,-39.52387,-84.0,118.8792,118.8792,4.0,-79.35533,-20.0,23.80659,23.806600000000003,0.0,-15.871058999999999,-36.0
3894,event_003894.csv,0.0,39.98524,-88.0,-39.98524,180.0,0.0,39.52387,-96.0,-39.52387,-100.0,158.5568,39.5239,156.0,-79.35527,-76.0,23.80659,23.806600000000003,0.0,-7.93553,-64.0
3895,event_003895.csv,0.0,39.98524,-8.0,-39.98524,-28.0,0.0,39.52387,-72.0,-39.52387,-100.0,118.8792,118.8792,-24.0,-79.35533,-44.0,23.80659,31.742130000000003,0.0,-23.80659,28.0
3896,event_003896.csv,0.0,39.98524,-44.0,-39.98524,0.0,0.0,39.52387,-84.0,-39.52387,-96.0,118.8792,79.20150000000001,-40.0,-39.67766999999999,-68.0,23.80659,23.806600000000003,0.0,-7.93553,-48.0
3897,event_003897.csv,0.0,39.98524,-88.0,-39.98524,-8.0,0.0,39.52387,-60.0,-39.52387,96.0,118.8792,79.20150000000001,12.0,-79.35533,124.0,23.80659,23.806600000000003,0.0,-15.871058999999999,-40.0
3898,event_003898.csv,0.0,39.98524,-96.0,-39.98524,40.0,0.0,39.52387,-56.0,-39.52387,-92.0,118.8792,79.20150000000001,16.0,-79.35533,172.0,23.80659,23.806600000000003,0.0,-15.871058999999999,-40.0
3899,event_003899.csv,0.0,39.98524,-88.0,-39.98524,-20.0,0.0,39.52387,-48.0,-39.52387,-60.0,118.8792,118.8792,16.0,-79.35533,40.0,27.77436,19.83883,0.0,-19.838829,28.0
3900,event_003900.csv,0.0,39.98524,-80.0,-39.98524,188.0,0.0,79.20153,-88.0,-39.52387,20.0,118.8792,79.20150000000001,-80.0,-39.67766999999999,-100.0,23.80659,23.806600000000003,0.0,-15.871058999999999,-4.0
3901,event_003901.csv,0.0,39.98524,-48.0,-39.98524,76.0,0.0,39.52387,-64.0,-39.52387,-84.0,118.8792,79.20150000000001,-80.0,-79.35533,-100.0,15.87106,31.742130000000003,0.0,-7.935529,-60.0
3902,event_003902.csv,0.0,39.98524,-92.0,-39.98524,108.0,0.0,39.52387,88.0,-39.52387,-92.0,118.8792,79.20150000000001,16.0,-39.67766999999999,-8.0,23.80659,23.806600000000003,0.0,-15.871058999999999,-36.0
3903,event_003903.csv,0.0,39.98524,-32.0,-39.98524,-60.0,0.0,39.52387,-92.0,-39.52387,-80.0,118.8792,118.8792,60.0,-79.35533,-24.0,15.87106,31.742130000000003,0.0,-15.87106,-28.0
3904,event_003904.csv,0.0,39.98524,-96.0,0.0,-100.0,0.0,39.52387,48.0,-39.52387,-20.0,158.5568,39.5239,12.0,-119.03293000000001,-44.0,19.838825,27.774365000000003,0.0,-11.903293999999999,16.0
3905,event_003905.csv,0.0,39.98524,-88.0,0.0,-100.0,0.0,39.52387,-48.0,-39.52387,-68.0,118.8792,79.20150000000001,12.0,-39.67766999999999,-64.0,23.80659,23.806600000000003,0.0,-15.871058999999999,-40.0
3906,event_003906.csv,0.0,39.98524,-80.0,-39.98524,36.0,0.0,39.52387,-72.0,-39.52387,-92.0,118.8792,79.20150000000001,-52.0,-39.67766999999999,-76.0,23.80659,23.806600000000003,0.0,-15.871058999999999,-36.0
3907,event_003907.csv,0.0,39.98524,-76.0,0.0,-100.0,0.0,39.52387,-92.0,-39.52387,-24.0,158.5568,79.20159999999998,140.0,-79.35527,-64.0,23.80659,23.806600000000003,0.0,-15.871058999999999,-40.0
3908,event_003908.csv,0.0,39.98524,-88.0,-39.98524,-16.0,0.0,39.52387,-52.0,-39.52387,8.0,118.8792,79.20150000000001,-68.0,-39.67766999999999,-52.0,23.80659,23.806600000000003,0.0,-7.93553,-100.0
3909,event_003909.csv,0.0,39.98524,-68.0,0.0,-100.0,0.0,39.52387,-72.0,-39.52387,28.0,158.5568,39.5239,60.0,-119.03293000000001,-60.0,23.80659,23.806600000000003,0.0,-7.93553,-20.0
3910,event_003910.csv,0.0,39.98524,-40.0,-39.98524,-92.0,0.0,39.52387,-56.0,-39.52387,84.0,118.8792,79.20150000000001,-40.0,-39.67766999999999,-64.0,23.80659,23.806600000000003,0.0,-15.871058999999999,-40.0
3911,event_003911.csv,0.0,39.98524,-92.0,0.0,-100.0,0.0,39.52387,-100.0,-39.52387,-48.0,118.8792,79.20150000000001,20.0,-39.67766999999999,-68.0,23.80659,23.806600000000003,0.0,-7.93553,20.0
3912,event_003912.csv,0.0,39.98524,-80.0,0.0,-100.0,0.0,39.52387,-72.0,-39.52387,-100.0,118.8792,79.20150000000001,8.0,-39.67766999999999,-80.0,23.80659,23.806600000000003,0.0,-15.871058999999999,8.0
3913,event_003913.csv,0.0,39.98524,-92.0,0.0,-100.0,0.0,39.52387,-72.0,-39.52387,-68.0,118.8792,79.20150000000001,180.0,-39.67766999999999,12.0,23.80659,23.806600000000003,0.0,-15.871058999999999,-4.0
3914,event_003914.csv,0.0,39.98524,-72.0,0.0,-100.0,0.0,39.52387,-88.0,-39.52387,-60.0,118.8792,79.20150000000001,-48.0,-39.67766999999999,-20.0,23.80659,23.806600000000003,0.0,-15.871058999999999,-36.0
3915,event_003915.csv,0.0,39.98524,-96.0,-39.98524,-68.0,0.0,39.52387,-96.0,-39.52387,-92.0,118.8792,79.20150000000001,-76.0,-79.35533,156.0,23.80659,23.806600000000003,0.0,-7.93553,-68.0
3916,event_003916.csv,0.0,39.98524,-8.0,-39.98524,132.0,0.0,39.52387,-80.0,-39.52387,-84.0,118.8792,79.20150000000001,-52.0,-39.67766999999999,-44.0,23.80659,23.806600000000003,0.0,-15.871058999999999,-52.0
3917,event_003917.csv,0.0,39.98524,-100.0,-39.98524,60.0,0.0,39.52387,-96.0,-39.52387,140.0,118.8792,79.20150000000001,-40.0,-39.67766999999999,28.0,23.80659,23.806600000000003,0.0,-15.871058999999999,-40.0
3918,event_003918.csv,0.0,39.98524,-96.0,-39.98524,40.0,0.0,39.52387,-56.0,-39.52387,-100.0,118.8792,118.8792,168.0,-79.35533,92.0,23.80659,23.806600000000003,0.0,-7.93553,-44.0
3919,event_003919.csv,0.0,39.98524,-96.0,-39.98524,-44.0,0.0,39.52387,-96.0,-39.52387,-100.0,118.8792,79.20150000000001,8.0,-39.67766999999999,-12.0,23.80659,23.806600000000003,0.0,-15.871058999999999,-52.0
3920,event_003920.csv,0.0,39.98524,-96.0,-39.98524,60.0,0.0,39.52387,-96.0,-39.52387,-28.0,118.8792,79.20150000000001,-28.0,-39.67766999999999,-100.0,23.80659,23.806600000000003,0.0,-15.871058999999999,20.0
3921,event_003921.csv,0.0,39.98524,-96.0,-39.98524,-68.0,0.0,39.52387,-88.0,-39.52387,-92.0,118.8792,79.20150000000001,136.0,-39.67766999999999,-20.0,23.80659,23.806600000000003,0.0,-7.93553,-52.0
3922,event_003922.csv,0.0,39.98524,24.0,-39.98524,-28.0,0.0,39.52387,-72.0,-39.52387,-84.0,118.8792,79.20150000000001,-40.0,-39.67766999999999,-76.0,23.80659,23.806600000000003,0.0,-15.871058999999999,-36.0
3923,event_003923.csv,0.0,39.98524,-96.0,-39.98524,44.0,0.0,39.52387,-8.0,-39.52387,-80.0,118.8792,118.8792,-16.0,-79.35533,-36.0,23.80659,23.806600000000003,0.0,-15.871058999999999,-20.0
3924,event_003924.csv,0.0,39.98524,-88.0,-39.98524,196.0,0.0,39.52387,-80.0,-39.52387,-100.0,118.8792,79.20150000000001,8.0,-79.35533,36.0,23.80659,31.742130000000003,0.0,-7.93553,-60.0
3925,event_003925.csv,0.0,39.98524,-76.0,-39.98524,-100.0,0.0,79.20153,152.0,-39.52387,-36.0,118.8792,79.20150000000001,144.0,-39.67766999999999,-68.0,31.74213,15.871060000000003,0.0,-15.87107,-40.0
3926,event_003926.csv,0.0,39.98524,-4.0,-39.98524,-20.0,0.0,39.52387,-92.0,-39.52387,-88.0,118.8792,79.20150000000001,-28.0,-39.67766999999999,-68.0,23.80659,23.806600000000003,0.0,-7.93553,-48.0
3927,event_003927.csv,0.0,39.98524,-100.0,-39.98524,-88.0,0.0,39.52387,-92.0,-39.52387,-52.0,118.8792,79.20150000000001,64.0,-39.67766999999999,-12.0,19.838825,27.774365000000003,0.0,-11.903293999999999,-40.0
3928,event_003928.csv,0.0,39.98524,-84.0,-39.98524,48.0,0.0,39.52387,-100.0,-39.52387,24.0,118.8792,79.20150000000001,20.0,-39.67766999999999,-16.0,23.80659,23.806600000000003,0.0,-7.93553,-64.0
3929,event_003929.csv,0.0,39.98524,-96.0,-39.98524,-100.0,0.0,39.52387,-48.0,-39.52387,-92.0,118.8792,79.20150000000001,56.0,-79.35533,76.0,23.80659,23.806600000000003,0.0,-15.871058999999999,-40.0
3930,event_003930.csv,0.0,39.98524,-44.0,-39.98524,100.0,0.0,39.52387,-48.0,-39.52387,-60.0,118.8792,79.20150000000001,-96.0,-39.67766999999999,-4.0,23.80659,23.806600000000003,0.0,-7.93553,-52.0
3931,event_003931.csv,0.0,39.98524,-80.0,-39.98524,-60.0,0.0,79.20153,64.0,-39.52387,-68.0,118.8792,79.20150000000001,8.0,-79.35533,40.0,23.80659,23.806600000000003,0.0,-15.871058999999999,20.0
3932,event_003932.csv,0.0,39.98524,-60.0,0.0,-100.0,0.0,39.52387,-12.0,-39.52387,16.0,118.8792,79.20150000000001,-28.0,-79.35533,176.0,23.80659,23.806600000000003,0.0,-7.93553,-48.0
3933,event_003933.csv,0.0,39.98524,-20.0,-39.98524,-44.0,0.0,39.52387,-80.0,-39.52387,-100.0,118.8792,118.8792,56.0,-118.8792,36.0,23.80659,23.806600000000003,0.0,-15.871058999999999,20.0
3934,event_003934.csv,0.0,39.98524,-84.0,-39.98524,196.0,0.0,39.52387,-96.0,-39.52387,-60.0,118.8792,317.1137,104.0,-39.67766999999999,-76.0,23.80659,31.742130000000003,0.0,-15.871058999999999,20.0
3935,event_003935.csv,0.0,39.98524,-72.0,-39.98524,0.0,0.0,39.52387,-88.0,-39.52387,76.0,118.8792,79.20150000000001,-52.0,-118.8792,48.0,31.74213,15.871060000000003,0.0,-15.87107,20.0
3936,event_003936.csv,0.0,39.98524,-72.0,-39.98524,-36.0,0.0,39.52387,-88.0,-39.52387,-20.0,118.8792,79.20150000000001,-72.0,-39.67766999999999,-100.0,23.80659,23.806600000000003,0.0,-7.93553,8.0
3937,event_003937.csv,0.0,39.98524,-96.0,-39.98524,172.0,0.0,39.52387,-24.0,-39.52387,-100.0,118.8792,79.20150000000001,-28.0,-39.67766999999999,-100.0,23.80659,23.806600000000003,0.0,-15.871058999999999,-52.0
3938,event_003938.csv,0.0,39.98524,-28.0,-39.98524,-100.0,0.0,39.52387,-64.0,-39.52387,-76.0,138.71800000000002,59.36269999999999,-32.0,-99.19413000000002,-4.0,23.80659,23.806600000000003,0.0,-7.93553,-68.0
3939,event_003939.csv,0.0,39.98524,-80.0,0.0,-100.0,0.0,39.52387,-80.0,-39.52387,-12.0,118.8792,79.20150000000001,-60.0,-79.35533,124.0,23.80659,23.806600000000003,0.0,-7.93553,-92.0
3940,event_003940.csv,0.0,39.98524,-88.0,-39.98524,52.0,0.0,39.52387,-48.0,-39.52387,-100.0,118.8792,79.20150000000001,20.0,-39.67766999999999,-60.0,23.80659,23.806600000000003,0.0,-7.93553,-64.0
3941,event_003941.csv,0.0,39.98524,-56.0,-39.98524,-60.0,0.0,39.52387,-40.0,-39.52387,-52.0,158.5568,79.20159999999998,152.0,-158.5568,-48.0,23.80659,23.806600000000003,0.0,-15.871058999999999,-64.0
3942,event_003942.csv,0.0,39.98524,-68.0,0.0,-100.0,0.0,39.52387,-100.0,-39.52387,-80.0,118.8792,79.20150000000001,12.0,-39.67766999999999,-96.0,23.80659,23.806600000000003,0.0,-15.871058999999999,-40.0
3943,event_003943.csv,0.0,39.98524,-72.0,-39.98524,36.0,0.0,39.52387,-56.0,-39.52387,4.0,118.8792,79.20150000000001,8.0,-39.67766999999999,-48.0,23.80659,23.806600000000003,0.0,-15.871058999999999,-28.0
3944,event_003944.csv,0.0,39.98524,-64.0,-39.98524,-36.0,0.0,39.52387,-88.0,-39.52387,-64.0,158.5568,39.5239,-28.0,-119.03293000000001,120.0,23.80659,23.806600000000003,0.0,-7.93553,-40.0
3945,event_003945.csv,0.0,39.98524,-100.0,0.0,-96.0,0.0,39.52387,-48.0,-39.52387,-4.0,118.8792,79.20150000000001,200.0,-79.35533,0.0,23.80659,23.806600000000003,0.0,-15.871058999999999,20.0
3946,event_003946.csv,0.0,39.98524,-100.0,-39.98524,-64.0,0.0,39.52387,-84.0,-39.52387,-96.0,118.8792,79.20150000000001,104.0,-39.67766999999999,-4.0,15.87106,31.742130000000003,0.0,-7.935529,-40.0
3947,event_003947.csv,0.0,39.98524,-72.0,-39.98524,-92.0,0.0,39.52387,-72.0,-39.52387,-100.0,118.8792,118.8792,56.0,-79.35533,36.0,31.74213,15.871060000000003,0.0,-15.87107,20.0
3948,event_003948.csv,0.0,39.98524,-92.0,-39.98524,-84.0,0.0,39.52387,-80.0,-39.52387,68.0,118.8792,79.20150000000001,-40.0,-39.67766999999999,-100.0,15.87106,31.742130000000003,0.0,-15.87106,-40.0
3949,event_003949.csv,0.0,39.98524,-92.0,-39.98524,28.0,0.0,39.52387,-64.0,-39.52387,-68.0,118.8792,79.20150000000001,-64.0,-39.67766999999999,-12.0,23.80659,23.806600000000003,0.0,-7.93553,-36.0
3950,event_003950.csv,0.0,39.98524,-40.0,-39.98524,4.0,0.0,39.52387,-80.0,-39.52387,-100.0,118.8792,79.20150000000001,12.0,-39.67766999999999,-76.0,23.80659,23.806600000000003,0.0,-7.93553,-40.0
3951,event_003951.csv,0.0,39.98524,-88.0,-39.98524,36.0,0.0,39.52387,-88.0,-39.52387,-76.0,118.8792,79.20150000000001,-28.0,-79.35533,-12.0,23.80659,23.806600000000003,0.0,-7.93553,-72.0
3952,event_003952.csv,0.0,39.98524,-100.0,-39.98524,-8.0,0.0,39.52387,-24.0,-39.52387,4.0,158.5568,39.5239,4.0,-79.35527,-52.0,27.77436,19.83883,0.0,-11.903300000000002,-68.0
3953,event_003953.csv,0.0,39.98524,-56.0,-39.98524,140.0,0.0,39.52387,-96.0,-39.52387,-28.0,118.8792,118.8792,144.0,-79.35533,172.0,23.80659,23.806600000000003,0.0,-23.80659,-40.0
3954,event_003954.csv,0.0,39.98524,-76.0,-39.98524,-72.0,0.0,39.52387,-92.0,-39.52387,-96.0,118.8792,79.20150000000001,12.0,-39.67766999999999,-100.0,23.80659,23.806600000000003,0.0,-15.871058999999999,-40.0
3955,event_003955.csv,0.0,39.98524,-96.0,0.0,-100.0,0.0,39.52387,-88.0,-39.52387,-100.0,118.8792,79.20150000000001,-40.0,-39.67766999999999,-24.0,23.80659,23.806600000000003,0.0,-15.871058999999999,-36.0
3956,event_003956.csv,0.0,39.98524,-80.0,-39.98524,-40.0,0.0,39.52387,-84.0,-39.52387,-16.0,118.8792,79.20150000000001,108.0,-39.67766999999999,-12.0,23.80659,23.806600000000003,0.0,-7.93553,-48.0
3957,event_003957.csv,0.0,39.98524,-64.0,-39.98524,68.0,0.0,39.52387,-96.0,-39.52387,-60.0,118.8792,118.8792,12.0,-39.67766999999999,-36.0,23.80659,23.806600000000003,0.0,-7.93553,16.0
3958,event_003958.csv,0.0,39.98524,-100.0,0.0,-96.0,0.0,39.52387,-24.0,-39.52387,-44.0,158.5568,39.5239,16.0,-79.35527,-100.0,23.80659,23.806600000000003,0.0,-15.871058999999999,-36.0
3959,event_003959.csv,0.0,39.98524,-100.0,-39.98524,0.0,0.0,39.52387,-68.0,-39.52387,-72.0,138.71800000000002,59.36269999999999,-52.0,-59.51647000000001,-8.0,23.80659,23.806600000000003,0.0,-15.871058999999999,20.0
3960,event_003960.csv,0.0,39.98524,-44.0,0.0,-100.0,0.0,39.52387,-76.0,-39.52387,56.0,118.8792,79.20150000000001,-40.0,-39.67766999999999,-88.0,23.80659,23.806600000000003,0.0,-15.871058999999999,-40.0
3961,event_003961.csv,0.0,39.98524,-72.0,-39.98524,-28.0,0.0,39.52387,-76.0,-39.52387,-100.0,118.8792,79.20150000000001,-40.0,-39.67766999999999,-76.0,23.80659,23.806600000000003,0.0,-15.871058999999999,20.0
3962,event_003962.csv,0.0,39.98524,-84.0,-39.98524,120.0,0.0,39.52387,-92.0,-39.52387,-48.0,118.8792,118.8792,60.0,-118.8792,40.0,23.80659,23.806600000000003,0.0,-15.871058999999999,16.0
3963,event_003963.csv,0.0,39.98524,-96.0,-39.98524,-80.0,0.0,39.52387,-76.0,-39.52387,-48.0,118.8792,79.20150000000001,8.0,-39.67766999999999,-56.0,15.87106,31.742130000000003,0.0,-7.935529,-40.0
3964,event_003964.csv,0.0,39.98524,-84.0,-39.98524,20.0,0.0,39.52387,-40.0,-39.52387,-100.0,158.5568,39.5239,56.0,-79.35527,-20.0,23.80659,23.806600000000003,0.0,-15.871058999999999,-36.0
3965,event_003965.csv,0.0,39.98524,-60.0,-39.98524,-52.0,0.0,39.52387,-72.0,-39.52387,-92.0,118.8792,79.20150000000001,8.0,-39.67766999999999,-44.0,19.838825,27.774365000000003,0.0,-19.838825,-36.0
3966,event_003966.csv,0.0,39.98524,-76.0,-39.98524,156.0,0.0,39.52387,-92.0,-39.52387,-72.0,158.5568,39.5239,-92.0,-79.35527,-36.0,23.80659,23.806600000000003,0.0,-15.871058999999999,-40.0
3967,event_003967.csv,0.0,39.98524,-72.0,0.0,-100.0,0.0,79.20153,176.0,-39.52387,-52.0,158.5568,79.20159999999998,148.0,-79.35527,-60.0,23.80659,23.806600000000003,0.0,-15.871058999999999,20.0
3968,event_003968.csv,0.0,39.98524,-44.0,-39.98524,172.0,0.0,39.52387,-88.0,-39.52387,-60.0,118.8792,79.20150000000001,76.0,-39.67766999999999,-100.0,23.80659,23.806600000000003,0.0,-15.871058999999999,-36.0
3969,event_003969.csv,0.0,39.98524,-80.0,0.0,-100.0,0.0,39.52387,-80.0,-39.52387,36.0,118.8792,79.20150000000001,8.0,-39.67766999999999,-44.0,31.74213,15.871060000000003,0.0,-15.87107,-48.0
3970,event_003970.csv,0.0,39.98524,-60.0,-39.98524,8.0,0.0,39.52387,-68.0,-39.52387,-80.0,158.5568,79.20159999999998,20.0,-79.35527,-48.0,15.87106,31.742130000000003,0.0,-15.87106,20.0
3971,event_003971.csv,0.0,39.98524,-88.0,0.0,-100.0,0.0,39.52387,-88.0,-39.52387,-92.0,158.5568,277.4361,176.0,-79.35527,-96.0,23.80659,23.806600000000003,0.0,-15.871058999999999,-40.0
3972,event_003972.csv,0.0,39.98524,-76.0,-39.98524,-48.0,0.0,39.52387,-88.0,-39.52387,-64.0,118.8792,317.1137,12.0,-79.35533,-32.0,15.87106,31.742130000000003,0.0,-7.935529,-64.0
3973,event_003973.csv,0.0,39.98524,-80.0,-39.98524,60.0,0.0,39.52387,-96.0,-39.52387,-84.0,158.5568,39.5239,-96.0,-79.35527,-12.0,23.80659,23.806600000000003,0.0,-15.871058999999999,-36.0
3974,event_003974.csv,0.0,39.98524,-32.0,-39.98524,12.0,0.0,39.52387,-88.0,-39.52387,-92.0,118.8792,79.20150000000001,144.0,-39.67766999999999,-84.0,23.80659,23.806600000000003,0.0,-15.871058999999999,-36.0
3975,event_003975.csv,0.0,39.98524,-72.0,-39.98524,-84.0,0.0,39.52387,-88.0,-39.52387,-60.0,118.8792,79.20150000000001,-80.0,-39.67766999999999,-100.0,23.80659,23.806600000000003,0.0,-15.871058999999999,-36.0
3976,event_003976.csv,0.0,39.98524,-96.0,-39.98524,52.0,0.0,39.52387,-80.0,-39.52387,-20.0,118.8792,118.8792,12.0,-39.67766999999999,-92.0,23.80659,23.806600000000003,0.0,-15.871058999999999,20.0
3977,event_003977.csv,0.0,39.98524,-68.0,0.0,-100.0,0.0,39.52387,8.0,-39.52387,-68.0,118.8792,79.20150000000001,-24.0,-39.67766999999999,52.0,23.80659,23.806600000000003,0.0,-15.871058999999999,-40.0
3978,event_003978.csv,0.0,39.98524,-76.0,-39.98524,-20.0,0.0,39.52387,-48.0,-39.52387,36.0,118.8792,79.20150000000001,-96.0,-39.67766999999999,-12.0,27.77436,19.83883,0.0,-11.903300000000002,-52.0
3979,event_003979.csv,0.0,39.98524,-88.0,-39.98524,-100.0,0.0,39.52387,-96.0,-39.52387,-68.0,118.8792,79.20150000000001,16.0,-39.67766999999999,-12.0,23.80659,23.806600000000003,0.0,-15.871058999999999,4.0
3980,event_003980.csv,0.0,39.98524,-72.0,0.0,-100.0,0.0,39.52387,-96.0,-39.52387,-92.0,118.8792,79.20150000000001,20.0,-39.67766999999999,-96.0,23.80659,23.806600000000003,0.0,-15.871058999999999,-36.0
3981,event_003981.csv,0.0,39.98524,-44.0,-39.98524,-80.0,0.0,79.20153,36.0,-39.52387,-72.0,158.5568,79.20159999999998,16.0,-119.03293000000001,44.0,23.80659,23.806600000000003,0.0,-7.93553,16.0
3982,event_003982.csv,0.0,39.98524,-84.0,0.0,-100.0,0.0,39.52387,-72.0,-39.52387,-92.0,118.8792,79.20150000000001,40.0,-39.67766999999999,-60.0,23.80659,23.806600000000003,0.0,-23.80659,-8.0
3983,event_003983.csv,0.0,39.98524,-20.0,-39.98524,-36.0,0.0,39.52387,-96.0,-39.52387,-84.0,118.8792,79.20150000000001,8.0,-79.35533,36.0,23.80659,23.806600000000003,0.0,-7.93553,12.0
3984,event_003984.csv,0.0,39.98524,-56.0,0.0,-100.0,0.0,39.52387,-56.0,-39.52387,-92.0,118.8792,79.20150000000001,8.0,0.0,-100.0,23.80659,23.806600000000003,0.0,-15.871058999999999,-40.0
3985,event_003985.csv,0.0,39.98524,-96.0,0.0,-100.0,0.0,39.52387,-24.0,-39.52387,-84.0,118.8792,118.8792,-48.0,-79.35533,-8.0,23.80659,23.806600000000003,0.0,-15.871058999999999,-68.0
3986,event_003986.csv,0.0,39.98524,-72.0,-39.98524,-52.0,0.0,39.52387,-8.0,-39.52387,-28.0,118.8792,79.20150000000001,-92.0,-39.67766999999999,-12.0,23.80659,23.806600000000003,0.0,-7.93553,-64.0
3987,event_003987.csv,0.0,39.98524,-100.0,-39.98524,-16.0,0.0,39.52387,-100.0,-39.52387,-40.0,118.8792,79.20150000000001,-28.0,-39.67766999999999,-8.0,23.80659,23.806600000000003,0.0,-23.80659,32.0
3988,event_003988.csv,0.0,39.98524,-92.0,-39.98524,-96.0,0.0,39.52387,68.0,0.0,-100.0,158.5568,39.5239,8.0,-119.03293000000001,40.0,23.80659,23.806600000000003,0.0,-7.93553,16.0
3989,event_003989.csv,0.0,39.98524,-88.0,-39.98524,148.0,0.0,39.52387,-96.0,-39.52387,-44.0,118.8792,79.20150000000001,8.0,-39.67766999999999,-12.0,23.80659,23.806600000000003,0.0,-15.871058999999999,-28.0
3990,event_003990.csv,0.0,39.98524,-96.0,-39.98524,156.0,0.0,39.52387,-24.0,-39.52387,-68.0,118.8792,79.20150000000001,12.0,-79.35533,124.0,23.80659,23.806600000000003,0.0,-15.871058999999999,-36.0
3991,event_003991.csv,0.0,39.98524,-92.0,-39.98524,-56.0,0.0,39.52387,-80.0,-39.52387,-76.0,118.8792,79.20150000000001,-80.0,-79.35533,-8.0,23.80659,23.806600000000003,0.0,-15.871058999999999,20.0
3992,event_003992.csv,0.0,39.98524,-44.0,-39.98524,-100.0,0.0,39.52387,-72.0,-39.52387,-96.0,118.8792,79.20150000000001,16.0,-79.35533,44.0,23.80659,23.806600000000003,0.0,-15.871058999999999,24.0
3993,event_003993.csv,0.0,39.98524,-84.0,-39.98524,100.0,0.0,39.52387,-80.0,-39.52387,68.0,118.8792,79.20150000000001,-72.0,-39.67766999999999,-100.0,23.80659,23.806600000000003,0.0,-15.871058999999999,-20.0
3994,event_003994.csv,0.0,39.98524,-84.0,-39.98524,-52.0,0.0,39.52387,-88.0,-39.52387,-92.0,118.8792,79.20150000000001,56.0,-79.35533,-48.0,23.80659,23.806600000000003,0.0,-15.871058999999999,-20.0
3995,event_003995.csv,0.0,39.98524,-100.0,-39.98524,56.0,0.0,39.52387,-76.0,-39.52387,-88.0,118.8792,79.20150000000001,16.0,-39.67766999999999,-56.0,23.80659,23.806600000000003,0.0,-15.871058999999999,20.0
3996,event_003996.csv,0.0,39.98524,-88.0,-39.98524,-92.0,0.0,39.52387,-96.0,-39.52387,-60.0,118.8792,79.20150000000001,-8.0,-118.8792,132.0,23.80659,23.806600000000003,0.0,-7.93553,-64.0
3997,event_003997.csv,0.0,39.98524,-84.0,-39.98524,-8.0,0.0,39.52387,-76.0,-39.52387,-80.0,118.8792,79.20150000000001,4.0,-39.67766999999999,-72.0,23.80659,23.806600000000003,0.0,-15.871058999999999,16.0
3998,event_003998.csv,0.0,39.98524,-84.0,-39.98524,-60.0,0.0,39.52387,-96.0,-39.52387,84.0,138.71800000000002,59.36269999999999,8.0,-99.19413000000002,32.0,23.80659,23.806600000000003,0.0,-15.871058999999999,28.0
3999,event_003999.csv,0.0,39.98524,-96.0,-39.98524,128.0,0.0,39.52387,-40.0,-39.52387,-100.0,118.8792,118.8792,172.0,-79.35533,116.0,23.80659,31.742130000000003,0.0,-23.80659,140.0
4000,event_004000.csv,0.0,39.98524,-84.0,0.0,-100.0,0.0,39.52387,-56.0,-39.52387,-72.0,158.5568,39.5239,136.0,-79.35527,-64.0,15.87106,31.742130000000003,0.0,-7.935529,-52.0
4001,event_004001.csv,0.0,39.98524,-76.0,0.0,-100.0,0.0,39.52387,40.0,-39.52387,20.0,118.8792,79.20150000000001,20.0,-39.67766999999999,28.0,23.80659,23.806600000000003,0.0,-15.871058999999999,-36.0
4002,event_004002.csv,0.0,39.98524,-88.0,-39.98524,36.0,0.0,39.52387,-88.0,-39.52387,-92.0,118.8792,4162.9248,8.0,-39.67766999999999,-100.0,0.0,47.61319,0.0,-7.935531,-92.0
4003,event_004003.csv,0.0,39.98524,-84.0,-39.98524,-64.0,0.0,39.52387,-36.0,-39.52387,-96.0,118.8792,79.20150000000001,-92.0,-39.67766999999999,96.0,31.74213,15.871060000000003,0.0,-15.87107,-52.0
4004,event_004004.csv,0.0,39.98524,-36.0,-39.98524,-76.0,0.0,39.52387,-72.0,-39.52387,124.0,118.8792,79.20150000000001,184.0,-39.67766999999999,-100.0,23.80659,23.806600000000003,0.0,-15.871058999999999,4.0
4005,event_004005.csv,0.0,39.98524,-76.0,-39.98524,140.0,0.0,79.20153,136.0,-39.52387,84.0,118.8792,79.20150000000001,16.0,-79.35533,-76.0,15.87106,31.742130000000003,0.0,-15.87106,-28.0
4006,event_004006.csv,0.0,79.97047,112.0,-39.98524,-52.0,0.0,39.52387,-88.0,-39.52387,-44.0,118.8792,118.8792,16.0,-118.8792,40.0,23.80659,23.806600000000003,0.0,-15.871058999999999,28.0
4007,event_004007.csv,0.0,39.98524,-100.0,-39.98524,-12.0,0.0,39.52387,-80.0,-39.52387,-84.0,158.5568,39.5239,-40.0,-79.35527,-60.0,23.80659,23.806600000000003,0.0,-15.871058999999999,-40.0
4008,event_004008.csv,0.0,39.98524,-96.0,-39.98524,108.0,0.0,39.52387,-88.0,-39.52387,-92.0,158.5568,39.5239,-48.0,-79.35527,-8.0,31.74213,15.871060000000003,0.0,-23.806599,20.0
4009,event_004009.csv,0.0,39.98524,-72.0,-39.98524,96.0,0.0,39.52387,44.0,-39.52387,-72.0,118.8792,79.20150000000001,-28.0,-79.35533,-8.0,23.80659,23.806600000000003,0.0,-7.93553,-60.0
4010,event_004010.csv,0.0,39.98524,-92.0,-39.98524,56.0,0.0,39.52387,-76.0,-39.52387,-88.0,118.8792,79.20150000000001,16.0,-39.67766999999999,-64.0,23.80659,23.806600000000003,0.0,-7.93553,-64.0
4011,event_004011.csv,0.0,39.98524,-84.0,0.0,-100.0,0.0,39.52387,-96.0,-39.52387,-52.0,118.8792,118.8792,184.0,-79.35533,0.0,31.74213,15.871060000000003,0.0,-15.87107,20.0
4012,event_004012.csv,0.0,39.98524,-92.0,-39.98524,132.0,0.0,39.52387,-20.0,-39.52387,-100.0,118.8792,79.20150000000001,20.0,-79.35533,-4.0,23.80659,23.806600000000003,0.0,-15.871058999999999,16.0
4013,event_004013.csv,0.0,39.98524,-80.0,-39.98524,52.0,0.0,39.52387,-88.0,-39.52387,-60.0,118.8792,118.8792,160.0,-79.35533,180.0,23.80659,23.806600000000003,0.0,-15.871058999999999,20.0
4014,event_004014.csv,0.0,39.98524,-4.0,-39.98524,68.0,0.0,39.52387,-100.0,-39.52387,-40.0,118.8792,39.67760000000001,-100.0,-39.67766999999999,-76.0,23.80659,23.806600000000003,0.0,-7.93553,-48.0
4015,event_004015.csv,0.0,39.98524,-88.0,-39.98524,4.0,0.0,39.52387,-56.0,-39.52387,-100.0,118.8792,118.8792,-80.0,-39.67766999999999,-60.0,23.80659,23.806600000000003,0.0,-15.871058999999999,-40.0
4016,event_004016.csv,0.0,39.98524,-100.0,0.0,-96.0,0.0,39.52387,-64.0,-39.52387,-52.0,118.8792,79.20150000000001,-96.0,-39.67766999999999,-76.0,23.80659,23.806600000000003,0.0,-7.93553,-52.0
4017,event_004017.csv,0.0,39.98524,-76.0,-39.98524,-60.0,0.0,79.20153,124.0,-39.52387,-32.0,158.5568,39.5239,-84.0,-158.5568,40.0,23.80659,23.806600000000003,0.0,-23.80659,-24.0
4018,event_004018.csv,0.0,39.98524,-88.0,-39.98524,-28.0,0.0,39.52387,-64.0,-39.52387,-52.0,118.8792,79.20150000000001,-36.0,-118.8792,160.0,23.80659,23.806600000000003,0.0,-15.871058999999999,-36.0
4019,event_004019.csv,0.0,39.98524,-72.0,-39.98524,112.0,0.0,39.52387,-96.0,-39.52387,-84.0,118.8792,79.20150000000001,8.0,-39.67766999999999,-32.0,23.80659,23.806600000000003,0.0,-15.871058999999999,-36.0
4020,event_004020.csv,0.0,39.98524,-84.0,-39.98524,-76.0,0.0,39.52387,-80.0,-39.52387,-68.0,118.8792,79.20150000000001,8.0,-39.67766999999999,36.0,23.80659,23.806600000000003,0.0,-15.871058999999999,-40.0
4021,event_004021.csv,0.0,39.98524,-92.0,0.0,-100.0,0.0,39.52387,-20.0,-39.52387,48.0,158.5568,39.5239,68.0,-79.35527,-96.0,23.80659,23.806600000000003,0.0,-15.871058999999999,-40.0
4022,event_004022.csv,0.0,39.98524,-88.0,-39.98524,-28.0,0.0,39.52387,16.0,-39.52387,92.0,118.8792,79.20150000000001,-72.0,-39.67766999999999,-96.0,23.80659,23.806600000000003,0.0,-15.871058999999999,8.0
4023,event_004023.csv,0.0,39.98524,-52.0,0.0,-100.0,0.0,39.52387,-40.0,-39.52387,-100.0,118.8792,118.8792,12.0,-118.8792,0.0,15.87106,31.742130000000003,0.0,-23.806591,-20.0
4024,event_004024.csv,0.0,39.98524,-68.0,-39.98524,100.0,0.0,39.52387,-12.0,-39.52387,-80.0,118.8792,79.20150000000001,8.0,-79.35533,184.0,23.80659,23.806600000000003,0.0,-15.871058999999999,-40.0
4025,event_004025.csv,0.0,39.98524,-84.0,-39.98524,136.0,0.0,39.52387,-8.0,-39.52387,-100.0,118.8792,158.55679999999998,20.0,-79.35533,-12.0,7.935531,39.677659000000006,0.0,-23.806591,-28.0
4026,event_004026.csv,0.0,39.98524,-36.0,-39.98524,100.0,0.0,79.20153,48.0,-39.52387,-100.0,118.8792,79.20150000000001,8.0,-79.35533,-12.0,23.80659,23.806600000000003,0.0,-15.871058999999999,-28.0
4027,event_004027.csv,0.0,39.98524,-96.0,-39.98524,-52.0,0.0,39.52387,-96.0,-39.52387,12.0,118.8792,79.20150000000001,96.0,-39.67766999999999,-76.0,23.80659,23.806600000000003,0.0,-15.871058999999999,-40.0
4028,event_004028.csv,0.0,39.98524,-100.0,0.0,-92.0,0.0,39.52387,-36.0,-39.52387,-48.0,118.8792,79.20150000000001,-52.0,-39.67766999999999,-8.0,23.80659,23.806600000000003,0.0,-15.871058999999999,20.0
4029,event_004029.csv,0.0,39.98524,-100.0,-39.98524,-88.0,0.0,39.52387,12.0,-39.52387,-96.0,118.8792,118.8792,-20.0,-39.67766999999999,40.0,23.80659,23.806600000000003,0.0,-7.93553,16.0
4030,event_004030.csv,0.0,39.98524,-88.0,0.0,-100.0,0.0,39.52387,-96.0,-39.52387,36.0,118.8792,79.20150000000001,-56.0,-39.67766999999999,-12.0,31.74213,23.806590000000003,0.0,-15.87107,-40.0
4031,event_004031.csv,0.0,39.98524,-56.0,-39.98524,116.0,0.0,39.52387,-32.0,-39.52387,-84.0,118.8792,79.20150000000001,8.0,-39.67766999999999,-16.0,23.80659,23.806600000000003,0.0,-15.871058999999999,-40.0
4032,event_004032.csv,0.0,39.98524,-96.0,0.0,-100.0,0.0,39.52387,-48.0,-39.52387,-76.0,118.8792,4881.1208,-4.0,0.0,-100.0,-7.935531,95.257131,4.0,-23.806599,-16.0
4033,event_004033.csv,0.0,39.98524,-96.0,-39.98524,124.0,0.0,39.52387,-88.0,-39.52387,-44.0,118.8792,118.8792,16.0,-39.67766999999999,-100.0,23.80659,23.806600000000003,0.0,-7.93553,-84.0
4034,event_004034.csv,0.0,39.98524,-44.0,-39.98524,132.0,0.0,39.52387,-12.0,-39.52387,-48.0,118.8792,79.20150000000001,96.0,-39.67766999999999,-68.0,23.80659,23.806600000000003,0.0,-7.93553,-72.0
4035,event_004035.csv,0.0,39.98524,-88.0,0.0,-100.0,0.0,39.52387,-72.0,-39.52387,-92.0,138.71800000000002,59.36269999999999,80.0,-59.51647000000001,-68.0,23.80659,23.806600000000003,0.0,-15.871058999999999,-36.0
4036,event_004036.csv,0.0,39.98524,-100.0,-39.98524,148.0,0.0,39.52387,-72.0,-39.52387,-100.0,118.8792,79.20150000000001,8.0,-39.67766999999999,-76.0,23.80659,23.806600000000003,0.0,-15.871058999999999,20.0
4037,event_004037.csv,0.0,39.98524,-28.0,0.0,-100.0,0.0,39.52387,-28.0,-39.52387,64.0,118.8792,79.20150000000001,-84.0,-39.67766999999999,-60.0,23.80659,23.806600000000003,0.0,-15.871058999999999,-40.0
4038,event_004038.csv,0.0,39.98524,-88.0,-39.98524,52.0,0.0,39.52387,-88.0,-39.52387,-76.0,118.8792,79.20150000000001,96.0,-39.67766999999999,-88.0,23.80659,23.806600000000003,0.0,-15.871058999999999,-36.0
4039,event_004039.csv,0.0,39.98524,-80.0,-39.98524,96.0,0.0,39.52387,-80.0,-39.52387,-60.0,118.8792,79.20150000000001,-40.0,-39.67766999999999,-84.0,23.80659,23.806600000000003,0.0,-23.80659,-28.0
4040,event_004040.csv,0.0,39.98524,-48.0,-39.98524,-88.0,0.0,39.52387,-100.0,-39.52387,-96.0,138.71800000000002,59.36269999999999,-52.0,-59.51647000000001,-88.0,23.80659,23.806600000000003,0.0,-15.871058999999999,-40.0
4041,event_004041.csv,0.0,39.98524,-96.0,0.0,-100.0,0.0,39.52387,-56.0,-39.52387,20.0,138.71800000000002,59.36269999999999,20.0,-59.51647000000001,-100.0,23.80659,23.806600000000003,0.0,-15.871058999999999,-40.0
4042,event_004042.csv,0.0,39.98524,-92.0,-39.98524,-100.0,0.0,39.52387,-64.0,-39.52387,-20.0,118.8792,118.8792,20.0,-39.67766999999999,-100.0,23.80659,23.806600000000003,0.0,-15.871058999999999,-52.0
4043,event_004043.csv,0.0,39.98524,-96.0,-39.98524,-4.0,0.0,39.52387,-64.0,-39.52387,-100.0,118.8792,79.20150000000001,-96.0,-39.67766999999999,-28.0,23.80659,23.806600000000003,0.0,-15.871058999999999,20.0
4044,event_004044.csv,0.0,39.98524,-72.0,-39.98524,-92.0,0.0,39.52387,-72.0,-39.52387,-20.0,118.8792,79.20150000000001,8.0,-79.35533,0.0,23.80659,23.806600000000003,0.0,-15.871058999999999,20.0
4045,event_004045.csv,0.0,39.98524,-96.0,0.0,-100.0,0.0,39.52387,-92.0,-39.52387,-88.0,118.8792,79.20150000000001,12.0,-39.67766999999999,-56.0,23.80659,23.806600000000003,0.0,-7.93553,-64.0
4046,event_004046.csv,0.0,39.98524,-68.0,-39.98524,100.0,0.0,39.52387,-56.0,-39.52387,-84.0,118.8792,79.20150000000001,104.0,-39.67766999999999,-76.0,23.80659,23.806600000000003,0.0,-15.871058999999999,-40.0
4047,event_004047.csv,0.0,39.98524,-100.0,-39.98524,-92.0,0.0,39.52387,-88.0,-39.52387,-76.0,118.8792,118.8792,12.0,-118.8792,36.0,23.80659,23.806600000000003,0.0,-15.871058999999999,20.0
4048,event_004048.csv,0.0,39.98524,-88.0,-39.98524,24.0,0.0,39.52387,-44.0,-39.52387,-72.0,118.8792,79.20150000000001,-52.0,-39.67766999999999,-8.0,23.80659,23.806600000000003,0.0,-15.871058999999999,-36.0
4049,event_004049.csv,0.0,39.98524,-64.0,0.0,-100.0,0.0,39.52387,-24.0,-39.52387,12.0,118.8792,79.20150000000001,-92.0,-39.67766999999999,-16.0,23.80659,23.806600000000003,0.0,-15.871058999999999,16.0
4050,event_004050.csv,0.0,39.98524,-88.0,-39.98524,-28.0,0.0,39.52387,-72.0,-39.52387,-84.0,118.8792,79.20150000000001,108.0,-79.35533,72.0,23.80659,23.806600000000003,0.0,-7.93553,-36.0
4051,event_004051.csv,0.0,39.98524,-100.0,-39.98524,-8.0,0.0,79.20153,92.0,-39.52387,184.0,118.8792,118.8792,-40.0,-118.8792,-16.0,23.80659,23.806600000000003,0.0,-7.93553,-64.0
4052,event_004052.csv,0.0,39.98524,-64.0,-39.98524,-36.0,0.0,39.52387,-96.0,-39.52387,-60.0,118.8792,118.8792,8.0,-118.8792,-8.0,23.80659,23.806600000000003,0.0,-23.80659,20.0
4053,event_004053.csv,0.0,39.98524,-96.0,-39.98524,188.0,0.0,39.52387,-88.0,-39.52387,-44.0,118.8792,79.20150000000001,-28.0,-79.35533,120.0,23.80659,23.806600000000003,0.0,-15.871058999999999,-52.0
4054,event_004054.csv,0.0,39.98524,-92.0,-39.98524,-68.0,0.0,39.52387,-72.0,-39.52387,4.0,118.8792,79.20150000000001,20.0,-39.67766999999999,-84.0,23.80659,23.806600000000003,0.0,-23.80659,-36.0
4055,event_004055.csv,0.0,39.98524,-96.0,0.0,-100.0,0.0,39.52387,-80.0,-39.52387,-76.0,118.8792,118.8792,16.0,-39.67766999999999,-4.0,23.80659,23.806600000000003,0.0,-7.93553,16.0
4056,event_004056.csv,0.0,39.98524,-96.0,-39.98524,88.0,0.0,39.52387,-96.0,-39.52387,-68.0,118.8792,79.20150000000001,20.0,-39.67766999999999,-12.0,23.80659,23.806600000000003,0.0,-15.871058999999999,-40.0
4057,event_004057.csv,0.0,39.98524,-72.0,-39.98524,116.0,0.0,39.52387,-56.0,-39.52387,-76.0,158.5568,39.5239,-40.0,-79.35527,-92.0,23.80659,23.806600000000003,0.0,-15.871058999999999,-36.0
4058,event_004058.csv,0.0,39.98524,-72.0,-39.98524,36.0,0.0,39.52387,-72.0,-39.52387,-60.0,118.8792,79.20150000000001,8.0,-39.67766999999999,-92.0,15.87106,31.742130000000003,0.0,-15.87106,-36.0
4059,event_004059.csv,0.0,39.98524,-80.0,-39.98524,-28.0,0.0,39.52387,-64.0,-39.52387,12.0,118.8792,79.20150000000001,-40.0,-39.67766999999999,-12.0,15.87106,31.742130000000003,0.0,-15.87106,-36.0
4060,event_004060.csv,0.0,39.98524,-64.0,-39.98524,52.0,0.0,39.52387,-32.0,-39.52387,-100.0,118.8792,277.43600000000004,164.0,-39.67766999999999,-76.0,23.80659,23.806600000000003,0.0,-7.93553,-96.0
4061,event_004061.csv,0.0,39.98524,-100.0,-39.98524,-28.0,0.0,39.52387,144.0,-39.52387,-76.0,118.8792,79.20150000000001,152.0,-39.67766999999999,-64.0,15.87106,31.742130000000003,0.0,-7.935529,-36.0
4062,event_004062.csv,0.0,39.98524,-64.0,-39.98524,100.0,0.0,39.52387,-96.0,-39.52387,-52.0,158.5568,0.0,-96.0,-79.35527,-28.0,31.74213,15.871060000000003,0.0,-7.93554,-88.0
4063,event_004063.csv,0.0,39.98524,-100.0,-39.98524,8.0,0.0,39.52387,-60.0,-39.52387,-96.0,158.5568,39.5239,-84.0,-119.03293000000001,-8.0,23.80659,23.806600000000003,0.0,-7.93553,-40.0
4064,event_004064.csv,0.0,39.98524,-96.0,0.0,-100.0,0.0,39.52387,-72.0,-39.52387,-52.0,118.8792,79.20150000000001,16.0,-39.67766999999999,-88.0,23.80659,23.806600000000003,0.0,-15.871058999999999,-52.0
4065,event_004065.csv,0.0,39.98524,-100.0,0.0,-96.0,0.0,39.52387,-76.0,-39.52387,-48.0,118.8792,79.20150000000001,-84.0,-39.67766999999999,-24.0,23.80659,23.806600000000003,0.0,-15.871058999999999,-40.0
4066,event_004066.csv,0.0,39.98524,-92.0,-39.98524,0.0,0.0,39.52387,-84.0,-39.52387,-56.0,118.8792,79.20150000000001,-28.0,-79.35533,0.0,23.80659,23.806600000000003,0.0,-15.871058999999999,-40.0
4067,event_004067.csv,0.0,39.98524,-16.0,-39.98524,-44.0,0.0,39.52387,-96.0,-39.52387,60.0,118.8792,118.8792,56.0,-118.8792,80.0,27.77436,19.83883,0.0,-11.903300000000002,-100.0
4068,event_004068.csv,0.0,39.98524,-96.0,-39.98524,-12.0,0.0,39.52387,-64.0,-39.52387,-92.0,118.8792,79.20150000000001,-40.0,-39.67766999999999,-44.0,23.80659,23.806600000000003,0.0,-15.871058999999999,-52.0
4069,event_004069.csv,0.0,39.98524,-44.0,0.0,-100.0,0.0,39.52387,28.0,-39.52387,-88.0,118.8792,79.20150000000001,100.0,-39.67766999999999,-32.0,23.80659,23.806600000000003,0.0,-7.93553,-64.0
4070,event_004070.csv,0.0,39.98524,-52.0,-39.98524,100.0,0.0,39.52387,-72.0,-39.52387,-92.0,118.8792,79.20150000000001,8.0,-79.35533,36.0,23.80659,23.806600000000003,0.0,-15.871058999999999,20.0
4071,event_004071.csv,0.0,39.98524,-92.0,-39.98524,96.0,0.0,39.52387,-68.0,-39.52387,-8.0,118.8792,79.20150000000001,-84.0,-79.35533,124.0,23.80659,23.806600000000003,0.0,-15.871058999999999,-40.0
4072,event_004072.csv,0.0,39.98524,-96.0,-39.98524,-48.0,0.0,39.52387,-72.0,-39.52387,20.0,118.8792,79.20150000000001,-40.0,-39.67766999999999,-60.0,23.80659,23.806600000000003,0.0,-23.80659,-28.0
4073,event_004073.csv,0.0,39.98524,-100.0,-39.98524,-28.0,0.0,39.52387,-64.0,-39.52387,-100.0,118.8792,118.8792,56.0,-39.67766999999999,36.0,23.80659,23.806600000000003,0.0,-15.871058999999999,-40.0
4074,event_004074.csv,0.0,39.98524,-28.0,-39.98524,-16.0,0.0,39.52387,-52.0,-39.52387,-64.0,118.8792,4678.2728,8.0,-39.67766999999999,-80.0,0.0,47.61319,0.0,-15.87106,-20.0
4075,event_004075.csv,0.0,39.98524,-100.0,-39.98524,132.0,0.0,39.52387,-96.0,-39.52387,12.0,158.5568,39.5239,-40.0,-79.35527,-28.0,23.80659,23.806600000000003,0.0,-15.871058999999999,20.0
4076,event_004076.csv,0.0,39.98524,-76.0,0.0,-100.0,0.0,39.52387,-80.0,-39.52387,-44.0,118.8792,79.20150000000001,-76.0,-39.67766999999999,-100.0,31.74213,15.871060000000003,0.0,-15.87107,20.0
4077,event_004077.csv,0.0,39.98524,-72.0,-39.98524,-52.0,0.0,39.52387,-64.0,-39.52387,-44.0,118.8792,79.20150000000001,-80.0,-79.35533,36.0,15.87106,31.742130000000003,0.0,-15.87106,-36.0
4078,event_004078.csv,0.0,39.98524,-52.0,-39.98524,-92.0,0.0,39.52387,-40.0,-39.52387,-100.0,158.5568,39.5239,12.0,-158.5568,36.0,23.80659,23.806600000000003,0.0,-15.871058999999999,28.0
4079,event_004079.csv,0.0,39.98524,-84.0,0.0,-100.0,0.0,39.52387,-32.0,-39.52387,-68.0,118.8792,79.20150000000001,8.0,-39.67766999999999,-48.0,23.80659,23.806600000000003,0.0,-7.93553,-64.0
4080,event_004080.csv,0.0,39.98524,-100.0,-39.98524,-40.0,0.0,39.52387,44.0,-39.52387,-28.0,118.8792,79.20150000000001,-68.0,-39.67766999999999,-24.0,23.80659,23.806600000000003,0.0,-15.871058999999999,-40.0
4081,event_004081.csv,0.0,39.98524,-52.0,0.0,-100.0,0.0,79.20153,104.0,0.0,-100.0,118.8792,79.20150000000001,24.0,-79.35533,-12.0,31.74213,15.871060000000003,0.0,-15.87107,-52.0
4082,event_004082.csv,0.0,39.98524,-84.0,-39.98524,-88.0,0.0,39.52387,-84.0,-39.52387,-80.0,118.8792,79.20150000000001,-84.0,-39.67766999999999,-12.0,23.80659,23.806600000000003,0.0,-15.871058999999999,20.0
4083,event_004083.csv,0.0,39.98524,-60.0,0.0,-100.0,0.0,39.52387,8.0,-39.52387,-44.0,118.8792,79.20150000000001,-96.0,-79.35533,-84.0,15.87106,31.742130000000003,0.0,-23.806591,28.0
4084,event_004084.csv,0.0,39.98524,-32.0,-39.98524,164.0,0.0,39.52387,-96.0,-39.52387,196.0,118.8792,79.20150000000001,-56.0,-39.67766999999999,-48.0,27.77436,19.83883,0.0,-11.903300000000002,-20.0
4085,event_004085.csv,0.0,39.98524,-76.0,-39.98524,-80.0,0.0,39.52387,-20.0,-39.52387,-48.0,118.8792,1189.4068,4.0,-39.67766999999999,-96.0,23.80659,23.806600000000003,0.0,-7.93553,-88.0
4086,event_004086.csv,0.0,39.98524,-96.0,-39.98524,-100.0,0.0,39.52387,-64.0,-39.52387,-60.0,118.8792,79.20150000000001,20.0,-39.67766999999999,-36.0,23.80659,23.806600000000003,0.0,-15.871058999999999,-40.0
4087,event_004087.csv,0.0,39.98524,-24.0,-39.98524,52.0,0.0,39.52387,-80.0,-39.52387,-100.0,118.8792,79.20150000000001,-40.0,-39.67766999999999,-16.0,23.80659,23.806600000000003,0.0,-7.93553,-92.0
4088,event_004088.csv,0.0,39.98524,-100.0,-39.98524,116.0,0.0,79.20153,0.0,-39.52387,-52.0,118.8792,79.20150000000001,-36.0,-39.67766999999999,-12.0,23.80659,23.806600000000003,0.0,-15.871058999999999,-40.0
4089,event_004089.csv,0.0,39.98524,-72.0,0.0,-100.0,0.0,39.52387,-100.0,-39.52387,-72.0,118.8792,79.20150000000001,8.0,-39.67766999999999,-96.0,23.80659,23.806600000000003,0.0,-15.871058999999999,8.0
4090,event_004090.csv,0.0,39.98524,-96.0,-39.98524,92.0,0.0,39.52387,-8.0,-39.52387,-36.0,118.8792,118.8792,16.0,-79.35533,36.0,23.80659,23.806600000000003,0.0,-15.871058999999999,28.0
4091,event_004091.csv,0.0,39.98524,-80.0,0.0,-100.0,0.0,39.52387,-96.0,-39.52387,4.0,118.8792,79.20150000000001,-100.0,-39.67766999999999,-88.0,23.80659,23.806600000000003,0.0,-15.871058999999999,-36.0
4092,event_004092.csv,0.0,39.98524,-100.0,-39.98524,-60.0,0.0,39.52387,-88.0,-39.52387,-92.0,138.71800000000002,59.36269999999999,-24.0,-59.51647000000001,-60.0,23.80659,23.806600000000003,0.0,-7.93553,-48.0
4093,event_004093.csv,0.0,39.98524,-76.0,0.0,-100.0,0.0,39.52387,-56.0,-39.52387,-84.0,118.8792,79.20150000000001,-64.0,-39.67766999999999,-76.0,23.80659,23.806600000000003,0.0,-23.80659,20.0
4094,event_004094.csv,0.0,39.98524,-68.0,-39.98524,-80.0,0.0,39.52387,-96.0,-39.52387,92.0,118.8792,118.8792,8.0,-39.67766999999999,32.0,31.74213,15.871060000000003,0.0,-23.806599,20.0
4095,event_004095.csv,0.0,39.98524,-96.0,-39.98524,-4.0,0.0,39.52387,-96.0,-39.52387,-92.0,118.8792,317.1137,164.0,-39.67766999999999,-100.0,23.80659,23.806600000000003,0.0,-7.93553,-76.0
4096,event_004096.csv,0.0,39.98524,-28.0,-39.98524,-56.0,0.0,39.52387,-100.0,-39.52387,8.0,118.8792,79.20150000000001,-52.0,-79.35533,-8.0,23.80659,23.806600000000003,0.0,-15.871058999999999,-40.0
4097,event_004097.csv,0.0,39.98524,-92.0,-39.98524,-100.0,0.0,39.52387,-96.0,-39.52387,-84.0,118.8792,118.8792,56.0,-79.35533,84.0,23.80659,23.806600000000003,0.0,-15.871058999999999,20.0
4098,event_004098.csv,0.0,39.98524,-40.0,-39.98524,-36.0,0.0,39.52387,-16.0,-39.52387,-44.0,118.8792,79.20150000000001,8.0,-39.67766999999999,52.0,23.80659,23.806600000000003,0.0,-15.871058999999999,-40.0
4099,event_004099.csv,0.0,39.98524,-96.0,0.0,-100.0,0.0,39.52387,-96.0,-39.52387,-76.0,118.8792,79.20150000000001,-80.0,-79.35533,-100.0,23.80659,23.806600000000003,0.0,-15.871058999999999,-20.0
4100,event_004100.csv,0.0,39.98524,-56.0,-39.98524,68.0,0.0,39.52387,-48.0,-39.52387,-60.0,118.8792,79.20150000000001,-40.0,-39.67766999999999,-68.0,23.80659,23.806600000000003,0.0,-23.80659,-36.0
4101,event_004101.csv,0.0,39.98524,-52.0,-39.98524,-44.0,0.0,39.52387,-80.0,-39.52387,-60.0,118.8792,79.20150000000001,72.0,-39.67766999999999,-88.0,23.80659,23.806600000000003,0.0,-15.871058999999999,8.0
4102,event_004102.csv,0.0,39.98524,-64.0,-39.98524,12.0,0.0,39.52387,-72.0,-39.52387,148.0,118.8792,79.20150000000001,-48.0,-79.35533,124.0,23.80659,23.806600000000003,0.0,-15.871058999999999,-36.0
4103,event_004103.csv,0.0,39.98524,-80.0,-39.98524,76.0,0.0,39.52387,-96.0,-39.52387,-92.0,118.8792,79.20150000000001,-96.0,-39.67766999999999,-44.0,31.74213,15.871060000000003,0.0,-15.87107,8.0
4104,event_004104.csv,0.0,39.98524,-92.0,0.0,-100.0,0.0,39.52387,-40.0,-39.52387,-100.0,118.8792,79.20150000000001,8.0,-39.67766999999999,-96.0,15.87106,31.742130000000003,0.0,-15.87106,-52.0
4105,event_004105.csv,0.0,39.98524,-92.0,-39.98524,-64.0,0.0,39.52387,-92.0,-39.52387,-72.0,118.8792,79.20150000000001,196.0,-39.67766999999999,-64.0,23.80659,23.806600000000003,0.0,-7.93553,-8.0
4106,event_004106.csv,0.0,39.98524,-28.0,-39.98524,60.0,0.0,39.52387,-80.0,-39.52387,-92.0,118.8792,4881.1208,-4.0,-39.67766999999999,-52.0,-11.9032955,115.0959955,8.0,-27.774364500000004,-12.0
4107,event_004107.csv,0.0,39.98524,-68.0,-39.98524,-48.0,0.0,79.20153,52.0,-39.52387,-72.0,118.8792,79.20150000000001,-52.0,-39.67766999999999,-88.0,27.77436,19.83883,0.0,-19.838829,-40.0
4108,event_004108.csv,0.0,39.98524,-92.0,-39.98524,16.0,0.0,39.52387,-100.0,-39.52387,152.0,158.5568,79.20159999999998,148.0,-39.67760000000001,-100.0,23.80659,23.806600000000003,0.0,-15.871058999999999,-40.0
4109,event_004109.csv,0.0,39.98524,-96.0,-39.98524,92.0,0.0,39.52387,-80.0,-39.52387,-76.0,118.8792,79.20150000000001,-32.0,-39.67766999999999,-100.0,23.80659,23.806600000000003,0.0,-15.871058999999999,-40.0
4110,event_004110.csv,0.0,39.98524,-80.0,-39.98524,24.0,0.0,39.52387,-80.0,-39.52387,-68.0,118.8792,79.20150000000001,156.0,-39.67766999999999,-76.0,23.80659,23.806600000000003,0.0,-15.871058999999999,-28.0
4111,event_004111.csv,0.0,39.98524,-96.0,0.0,-100.0,0.0,39.52387,-80.0,-39.52387,-64.0,118.8792,79.20150000000001,8.0,-39.67766999999999,36.0,23.80659,23.806600000000003,0.0,-7.93553,-48.0
4112,event_004112.csv,0.0,39.98524,-52.0,0.0,-100.0,0.0,39.52387,-92.0,-39.52387,-88.0,118.8792,79.20150000000001,16.0,-39.67766999999999,-92.0,23.80659,23.806600000000003,0.0,-15.871058999999999,-36.0
4113,event_004113.csv,0.0,39.98524,-88.0,-39.98524,-76.0,0.0,39.52387,-72.0,-39.52387,-76.0,118.8792,118.8792,104.0,-79.35533,80.0,23.80659,23.806600000000003,0.0,-7.93553,-32.0
4114,event_004114.csv,0.0,39.98524,-88.0,-39.98524,-24.0,0.0,79.20153,188.0,-39.52387,-80.0,158.5568,39.5239,20.0,-119.03293000000001,40.0,15.87106,31.742130000000003,0.0,-15.87106,20.0
4115,event_004115.csv,0.0,39.98524,-28.0,-39.98524,76.0,0.0,39.52387,-88.0,-39.52387,-44.0,118.8792,79.20150000000001,16.0,-39.67766999999999,-60.0,23.80659,23.806600000000003,0.0,-15.871058999999999,-52.0
4116,event_004116.csv,0.0,39.98524,-84.0,-39.98524,164.0,0.0,39.52387,-52.0,-39.52387,-96.0,118.8792,79.20150000000001,-96.0,-39.67766999999999,-8.0,23.80659,23.806600000000003,0.0,-7.93553,-96.0
4117,event_004117.csv,0.0,39.98524,-52.0,0.0,-100.0,0.0,39.52387,-20.0,-39.52387,-88.0,158.5568,39.5239,-28.0,-119.03293000000001,-4.0,23.80659,23.806600000000003,0.0,-15.871058999999999,-24.0
4118,event_004118.csv,0.0,39.98524,-72.0,0.0,-100.0,0.0,39.52387,-52.0,-39.52387,-96.0,118.8792,356.7913,4.0,-39.67766999999999,-80.0,23.80659,23.806600000000003,0.0,-15.871058999999999,-36.0
4119,event_004119.csv,0.0,39.98524,-100.0,-39.98524,-52.0,0.0,39.52387,-88.0,-39.52387,-28.0,118.8792,118.8792,64.0,-79.35533,44.0,23.80659,23.806600000000003,0.0,-15.871058999999999,-36.0
4120,event_004120.csv,0.0,39.98524,-88.0,-39.98524,52.0,0.0,39.52387,-80.0,-39.52387,-84.0,118.8792,79.20150000000001,-40.0,-39.67766999999999,-92.0,23.80659,23.806600000000003,0.0,-7.93553,-64.0
4121,event_004121.csv,0.0,39.98524,-36.0,-39.98524,0.0,0.0,39.52387,-20.0,-39.52387,24.0,118.8792,3726.7778000000003,4.0,-39.67766999999999,-52.0,0.0,47.61319,0.0,0.0,-100.0
4122,event_004122.csv,0.0,39.98524,-32.0,-39.98524,24.0,0.0,39.52387,-16.0,-39.52387,-84.0,118.8792,118.8792,144.0,-39.67766999999999,-72.0,23.80659,23.806600000000003,0.0,-15.871058999999999,-36.0
4123,event_004123.csv,0.0,39.98524,-88.0,0.0,-100.0,0.0,39.52387,-64.0,-39.52387,-68.0,118.8792,118.8792,12.0,-79.35533,0.0,23.80659,23.806600000000003,0.0,-15.871058999999999,16.0
4124,event_004124.csv,0.0,39.98524,-100.0,-39.98524,-24.0,0.0,39.52387,-100.0,-39.52387,-88.0,118.8792,79.20150000000001,16.0,-39.67766999999999,-8.0,23.80659,23.806600000000003,0.0,-15.871058999999999,20.0
4125,event_004125.csv,0.0,39.98524,-72.0,-39.98524,-28.0,0.0,39.52387,-32.0,-39.52387,-84.0,118.8792,118.8792,16.0,-118.8792,132.0,23.80659,23.806600000000003,0.0,-15.871058999999999,24.0
4126,event_004126.csv,0.0,39.98524,-92.0,-39.98524,-64.0,0.0,39.52387,-68.0,-39.52387,-80.0,118.8792,79.20150000000001,8.0,-39.67766999999999,-96.0,31.74213,15.871060000000003,0.0,-15.87107,-52.0
4127,event_004127.csv,0.0,39.98524,-84.0,0.0,-100.0,0.0,39.52387,-68.0,-39.52387,-88.0,118.8792,118.8792,64.0,-79.35533,36.0,23.80659,23.806600000000003,0.0,-23.80659,28.0
4128,event_004128.csv,0.0,39.98524,-48.0,0.0,-100.0,0.0,39.52387,-64.0,-39.52387,-76.0,118.8792,79.20150000000001,16.0,-39.67766999999999,36.0,23.80659,23.806600000000003,0.0,-15.871058999999999,-36.0
4129,event_004129.csv,0.0,39.98524,-100.0,-39.98524,-12.0,0.0,39.52387,-64.0,-39.52387,-60.0,118.8792,39.67760000000001,-92.0,-39.67766999999999,-100.0,15.87106,31.742130000000003,0.0,-15.87106,20.0
4130,event_004130.csv,0.0,39.98524,-84.0,0.0,-100.0,0.0,39.52387,-100.0,-39.52387,-96.0,118.8792,118.8792,16.0,-39.67766999999999,-12.0,23.80659,23.806600000000003,0.0,-15.871058999999999,20.0
4131,event_004131.csv,0.0,39.98524,-96.0,0.0,-100.0,0.0,39.52387,-72.0,-39.52387,-44.0,138.71800000000002,59.36269999999999,32.0,-59.51647000000001,-8.0,31.74213,15.871060000000003,0.0,-15.87107,-36.0
4132,event_004132.csv,0.0,39.98524,-96.0,-39.98524,-52.0,0.0,39.52387,-48.0,-39.52387,-20.0,118.8792,79.20150000000001,16.0,-79.35533,172.0,23.80659,23.806600000000003,0.0,-15.871058999999999,-28.0
4133,event_004133.csv,0.0,39.98524,-96.0,-39.98524,-52.0,0.0,39.52387,-96.0,-39.52387,-52.0,158.5568,79.20159999999998,20.0,-119.03293000000001,40.0,23.80659,23.806600000000003,0.0,-15.871058999999999,28.0
4134,event_004134.csv,0.0,39.98524,-72.0,0.0,-100.0,0.0,39.52387,-100.0,-39.52387,28.0,118.8792,158.55679999999998,16.0,-79.35533,-12.0,7.935531,39.677659000000006,0.0,-15.871062,-32.0
4135,event_004135.csv,0.0,39.98524,-72.0,-39.98524,68.0,0.0,39.52387,72.0,-39.52387,-76.0,118.8792,79.20150000000001,140.0,-39.67766999999999,-80.0,23.80659,23.806600000000003,0.0,-15.871058999999999,-52.0
4136,event_004136.csv,0.0,39.98524,-88.0,0.0,-100.0,0.0,39.52387,-80.0,-39.52387,-84.0,118.8792,79.20150000000001,-24.0,-39.67766999999999,-76.0,23.80659,23.806600000000003,0.0,-15.871058999999999,-4.0
4137,event_004137.csv,0.0,39.98524,-12.0,0.0,-100.0,0.0,39.52387,-52.0,-39.52387,4.0,118.8792,79.20150000000001,-80.0,-39.67766999999999,-100.0,31.74213,15.871060000000003,0.0,-15.87107,8.0
4138,event_004138.csv,0.0,39.98524,-96.0,-39.98524,-84.0,0.0,39.52387,-24.0,-39.52387,-84.0,118.8792,79.20150000000001,8.0,-39.67766999999999,40.0,23.80659,23.806600000000003,0.0,-15.871058999999999,-36.0
4139,event_004139.csv,0.0,39.98524,-88.0,-39.98524,92.0,0.0,39.52387,-72.0,-39.52387,-68.0,118.8792,4881.1208,-4.0,-39.67766999999999,-84.0,-19.838825,75.387545,0.0,-19.838835000000003,-20.0
4140,event_004140.csv,0.0,39.98524,-96.0,-39.98524,-28.0,0.0,39.52387,-88.0,-39.52387,-68.0,118.8792,79.20150000000001,-8.0,-39.67766999999999,-28.0,23.80659,23.806600000000003,0.0,-15.871058999999999,-8.0
4141,event_004141.csv,0.0,39.98524,-96.0,-39.98524,-20.0,0.0,39.52387,-56.0,-39.52387,-68.0,118.8792,118.8792,8.0,-118.8792,36.0,23.80659,23.806600000000003,0.0,-15.871058999999999,12.0
4142,event_004142.csv,0.0,39.98524,-76.0,-39.98524,-8.0,0.0,39.52387,-92.0,-39.52387,-40.0,118.8792,79.20150000000001,-28.0,-39.67766999999999,-12.0,23.80659,23.806600000000003,0.0,-15.871058999999999,20.0
4143,event_004143.csv,0.0,39.98524,-56.0,-39.98524,20.0,0.0,39.52387,0.0,-39.52387,-68.0,118.8792,79.20150000000001,136.0,-39.67766999999999,-16.0,23.80659,23.806600000000003,0.0,-15.871058999999999,-52.0
4144,event_004144.csv,0.0,39.98524,-68.0,0.0,-100.0,0.0,39.52387,-92.0,-39.52387,-64.0,118.8792,79.20150000000001,-92.0,-39.67766999999999,-48.0,23.80659,23.806600000000003,0.0,-15.871058999999999,-40.0
4145,event_004145.csv,0.0,39.98524,-56.0,-39.98524,84.0,0.0,39.52387,-96.0,-39.52387,-44.0,118.8792,79.20150000000001,8.0,-39.67766999999999,-60.0,27.77436,19.83883,0.0,-11.903300000000002,-52.0
4146,event_004146.csv,0.0,39.98524,-96.0,-39.98524,-24.0,0.0,39.52387,-8.0,-39.52387,-76.0,118.8792,118.8792,16.0,-79.35533,-4.0,23.80659,23.806600000000003,0.0,-15.871058999999999,20.0
4147,event_004147.csv,0.0,39.98524,-52.0,-39.98524,-60.0,0.0,39.52387,-40.0,-39.52387,-28.0,118.8792,79.20150000000001,56.0,-39.67766999999999,-12.0,23.80659,23.806600000000003,0.0,-7.93553,-60.0
4148,event_004148.csv,0.0,39.98524,-64.0,-39.98524,12.0,0.0,39.52387,-64.0,-39.52387,-84.0,118.8792,79.20150000000001,-40.0,-79.35533,124.0,23.80659,23.806600000000003,0.0,-15.871058999999999,-28.0
4149,event_004149.csv,0.0,39.98524,-84.0,0.0,-100.0,0.0,39.52387,-88.0,-39.52387,-52.0,118.8792,79.20150000000001,8.0,-39.67766999999999,-92.0,23.80659,31.742130000000003,0.0,-7.93553,-52.0
4150,event_004150.csv,0.0,39.98524,-96.0,-39.98524,-56.0,0.0,39.52387,-84.0,-39.52387,-56.0,158.5568,39.5239,108.0,-119.03293000000001,32.0,23.80659,23.806600000000003,0.0,-7.93553,4.0
4151,event_004151.csv,0.0,39.98524,-64.0,-39.98524,-52.0,0.0,39.52387,-80.0,-39.52387,-44.0,118.8792,79.20150000000001,-28.0,-39.67766999999999,-100.0,23.80659,23.806600000000003,0.0,-7.93553,-36.0
4152,event_004152.csv,0.0,39.98524,-96.0,-39.98524,60.0,0.0,39.52387,-56.0,-39.52387,-12.0,118.8792,79.20150000000001,32.0,-39.67766999999999,-4.0,23.80659,23.806600000000003,0.0,-7.93553,-60.0
4153,event_004153.csv,0.0,39.98524,-100.0,0.0,-96.0,0.0,39.52387,-84.0,-39.52387,-64.0,118.8792,79.20150000000001,20.0,-39.67766999999999,-52.0,23.80659,23.806600000000003,0.0,-15.871058999999999,24.0
4154,event_004154.csv,0.0,39.98524,-64.0,0.0,-100.0,0.0,79.20153,64.0,-39.52387,-76.0,118.8792,79.20150000000001,100.0,-79.35533,120.0,23.80659,23.806600000000003,0.0,-15.871058999999999,-52.0
4155,event_004155.csv,0.0,39.98524,-88.0,-39.98524,76.0,0.0,39.52387,-96.0,-39.52387,-60.0,158.5568,39.5239,64.0,-119.03293000000001,32.0,23.80659,23.806600000000003,0.0,-15.871058999999999,20.0
4156,event_004156.csv,0.0,39.98524,-84.0,-39.98524,-40.0,0.0,39.52387,-28.0,-39.52387,-88.0,118.8792,79.20150000000001,16.0,-79.35533,120.0,23.80659,23.806600000000003,0.0,-15.871058999999999,-52.0
4157,event_004157.csv,0.0,39.98524,-64.0,0.0,-100.0,0.0,39.52387,-24.0,-39.52387,-92.0,158.5568,317.1137,-72.0,-79.35527,-100.0,23.80659,23.806600000000003,0.0,-15.871058999999999,-60.0
4158,event_004158.csv,0.0,39.98524,-32.0,-39.98524,156.0,0.0,39.52387,-88.0,-39.52387,52.0,118.8792,79.20150000000001,-76.0,-39.67766999999999,-20.0,23.80659,23.806600000000003,0.0,-15.871058999999999,-36.0
4159,event_004159.csv,0.0,39.98524,-96.0,-39.98524,92.0,0.0,39.52387,-64.0,-39.52387,-92.0,138.71800000000002,99.04039999999998,12.0,-99.19413000000002,32.0,23.80659,23.806600000000003,0.0,-15.871058999999999,20.0
4160,event_004160.csv,0.0,39.98524,-64.0,0.0,-100.0,0.0,39.52387,-64.0,-39.52387,-100.0,118.8792,79.20150000000001,-96.0,-39.67766999999999,-76.0,23.80659,23.806600000000003,0.0,-7.93553,-92.0
4161,event_004161.csv,0.0,39.98524,-88.0,-39.98524,100.0,0.0,39.52387,-28.0,-39.52387,-32.0,118.8792,79.20150000000001,12.0,-39.67766999999999,-12.0,23.80659,23.806600000000003,0.0,-7.93553,-52.0
4162,event_004162.csv,0.0,39.98524,-88.0,-39.98524,-68.0,0.0,39.52387,32.0,-39.52387,-84.0,118.8792,79.20150000000001,-100.0,-79.35533,-4.0,23.80659,23.806600000000003,0.0,-15.871058999999999,-52.0
4163,event_004163.csv,0.0,39.98524,-64.0,-39.98524,92.0,0.0,39.52387,-56.0,-39.52387,-44.0,118.8792,79.20150000000001,-32.0,-79.35533,-48.0,23.80659,23.806600000000003,0.0,-15.871058999999999,-20.0
4164,event_004164.csv,0.0,39.98524,-84.0,-39.98524,68.0,0.0,39.52387,-72.0,-39.52387,-32.0,158.5568,39.5239,8.0,-119.03293000000001,36.0,31.74213,15.871060000000003,0.0,-15.87107,20.0
4165,event_004165.csv,0.0,39.98524,-68.0,-39.98524,8.0,0.0,39.52387,-4.0,-39.52387,-96.0,118.8792,79.20150000000001,-96.0,-39.67766999999999,-72.0,23.80659,23.806600000000003,0.0,-15.871058999999999,-40.0
4166,event_004166.csv,0.0,39.98524,-52.0,0.0,-100.0,0.0,39.52387,-60.0,-39.52387,-48.0,118.8792,79.20150000000001,-36.0,-39.67766999999999,-56.0,31.74213,15.871060000000003,0.0,-15.87107,-40.0
4167,event_004167.csv,0.0,39.98524,-92.0,0.0,-100.0,0.0,39.52387,112.0,-39.52387,-84.0,158.5568,39.5239,148.0,-119.03293000000001,44.0,23.80659,23.806600000000003,0.0,-15.871058999999999,-40.0
4168,event_004168.csv,0.0,39.98524,-84.0,0.0,-100.0,0.0,39.52387,-40.0,-39.52387,-68.0,118.8792,79.20150000000001,-88.0,-39.67766999999999,-76.0,23.80659,23.806600000000003,0.0,-7.93553,-60.0
4169,event_004169.csv,0.0,39.98524,-52.0,0.0,-100.0,0.0,39.52387,-76.0,-39.52387,-8.0,158.5568,39.5239,12.0,-119.03293000000001,40.0,31.74213,15.871060000000003,0.0,-15.87107,20.0
4170,event_004170.csv,0.0,39.98524,-56.0,0.0,-100.0,0.0,39.52387,-100.0,-39.52387,16.0,118.8792,79.20150000000001,16.0,-39.67766999999999,-8.0,23.80659,23.806600000000003,0.0,-15.871058999999999,-40.0
4171,event_004171.csv,0.0,39.98524,-92.0,-39.98524,16.0,0.0,39.52387,-100.0,-39.52387,-40.0,158.5568,39.5239,12.0,-119.03293000000001,32.0,23.80659,23.806600000000003,0.0,-15.871058999999999,24.0
4172,event_004172.csv,0.0,39.98524,-92.0,0.0,-100.0,0.0,39.52387,-96.0,-39.52387,-4.0,118.8792,317.1137,176.0,-39.67766999999999,-36.0,23.80659,23.806600000000003,0.0,-15.871058999999999,-40.0
4173,event_004173.csv,0.0,39.98524,-80.0,-39.98524,156.0,0.0,39.52387,-88.0,-39.52387,-60.0,118.8792,79.20150000000001,16.0,-39.67766999999999,-64.0,15.87106,31.742130000000003,0.0,-15.87106,-40.0
4174,event_004174.csv,0.0,39.98524,-96.0,0.0,-100.0,0.0,39.52387,40.0,-39.52387,36.0,118.8792,79.20150000000001,136.0,-39.67766999999999,-100.0,23.80659,23.806600000000003,0.0,-15.871058999999999,20.0
4175,event_004175.csv,0.0,39.98524,-88.0,0.0,-100.0,0.0,39.52387,-72.0,-39.52387,-76.0,118.8792,79.20150000000001,-96.0,-39.67766999999999,-8.0,23.80659,23.806600000000003,0.0,-23.80659,-36.0
4176,event_004176.csv,0.0,39.98524,-100.0,0.0,-96.0,0.0,39.52387,-84.0,-39.52387,-80.0,118.8792,79.20150000000001,140.0,-39.67766999999999,-12.0,23.80659,23.806600000000003,0.0,-7.93553,-64.0
4177,event_004177.csv,0.0,39.98524,-72.0,-39.98524,172.0,0.0,39.52387,8.0,-39.52387,-100.0,118.8792,79.20150000000001,32.0,-39.67766999999999,-100.0,23.80659,23.806600000000003,0.0,-15.871058999999999,20.0
4178,event_004178.csv,0.0,39.98524,-48.0,-39.98524,-52.0,0.0,39.52387,-96.0,-39.52387,76.0,158.5568,39.5239,-32.0,-79.35527,-8.0,23.80659,23.806600000000003,0.0,-15.871058999999999,-28.0
4179,event_004179.csv,0.0,39.98524,-88.0,-39.98524,-20.0,0.0,39.52387,-8.0,-39.52387,-84.0,118.8792,79.20150000000001,68.0,-39.67766999999999,28.0,23.80659,23.806600000000003,0.0,-7.93553,-36.0
4180,event_004180.csv,0.0,39.98524,-96.0,-39.98524,-64.0,0.0,39.52387,-24.0,-39.52387,-36.0,118.8792,79.20150000000001,-100.0,-39.67766999999999,-48.0,23.80659,23.806600000000003,0.0,-15.871058999999999,-40.0
4181,event_004181.csv,0.0,39.98524,-92.0,-39.98524,-100.0,0.0,39.52387,-96.0,-39.52387,4.0,118.8792,118.8792,16.0,-79.35533,172.0,23.80659,23.806600000000003,0.0,-15.871058999999999,20.0
4182,event_004182.csv,0.0,39.98524,-92.0,-39.98524,180.0,0.0,39.52387,20.0,-39.52387,-24.0,118.8792,79.20150000000001,-24.0,-39.67766999999999,-88.0,23.80659,23.806600000000003,0.0,-15.871058999999999,-48.0
4183,event_004183.csv,0.0,39.98524,-100.0,-39.98524,72.0,0.0,39.52387,-20.0,-39.52387,-96.0,118.8792,79.20150000000001,16.0,-79.35533,-8.0,15.87106,31.742130000000003,0.0,-15.87106,16.0
4184,event_004184.csv,0.0,39.98524,-76.0,-39.98524,20.0,0.0,39.52387,-80.0,-39.52387,-52.0,158.5568,39.5239,-40.0,-79.35527,-96.0,31.74213,15.871060000000003,0.0,-15.87107,-36.0
4185,event_004185.csv,0.0,39.98524,-92.0,-39.98524,172.0,0.0,39.52387,-72.0,-39.52387,-60.0,118.8792,79.20150000000001,144.0,-39.67766999999999,-36.0,23.80659,23.806600000000003,0.0,-15.871058999999999,-28.0
4186,event_004186.csv,0.0,39.98524,-88.0,-39.98524,-92.0,0.0,39.52387,-96.0,-39.52387,-100.0,118.8792,79.20150000000001,12.0,-39.67766999999999,-88.0,23.80659,23.806600000000003,0.0,-23.80659,20.0
4187,event_004187.csv,0.0,39.98524,-72.0,-39.98524,-44.0,0.0,39.52387,-48.0,-39.52387,-100.0,118.8792,158.55679999999998,16.0,-118.8792,0.0,23.80659,23.806600000000003,0.0,-23.80659,20.0
4188,event_004188.csv,0.0,39.98524,-92.0,-39.98524,-4.0,0.0,39.52387,-32.0,-39.52387,-84.0,118.8792,79.20150000000001,-48.0,-79.35533,36.0,23.80659,23.806600000000003,0.0,-15.871058999999999,20.0
4189,event_004189.csv,0.0,39.98524,-96.0,0.0,-100.0,0.0,39.52387,-96.0,-39.52387,-100.0,118.8792,118.8792,52.0,-79.35533,-28.0,23.80659,23.806600000000003,0.0,-7.93553,-36.0
4190,event_004190.csv,0.0,39.98524,-96.0,-39.98524,-76.0,0.0,39.52387,-96.0,-39.52387,4.0,118.8792,79.20150000000001,-48.0,-39.67766999999999,28.0,23.80659,23.806600000000003,0.0,-15.871058999999999,4.0
4191,event_004191.csv,0.0,39.98524,-40.0,0.0,-100.0,0.0,39.52387,-96.0,-39.52387,-92.0,118.8792,118.8792,-40.0,-39.67766999999999,44.0,23.80659,23.806600000000003,0.0,-15.871058999999999,-36.0
4192,event_004192.csv,0.0,39.98524,-72.0,-39.98524,-84.0,0.0,39.52387,-72.0,-39.52387,-92.0,118.8792,79.20150000000001,8.0,-39.67766999999999,-80.0,23.80659,23.806600000000003,0.0,-7.93553,-40.0
4193,event_004193.csv,0.0,39.98524,-92.0,-39.98524,-64.0,0.0,79.20153,-28.0,-39.52387,-92.0,118.8792,118.8792,20.0,-79.35533,128.0,23.80659,23.806600000000003,0.0,-15.871058999999999,-36.0
4194,event_004194.csv,0.0,39.98524,-100.0,-39.98524,116.0,0.0,39.52387,-32.0,-39.52387,-52.0,158.5568,39.5239,8.0,-158.5568,36.0,23.80659,23.806600000000003,0.0,-7.93553,12.0
4195,event_004195.csv,0.0,39.98524,-52.0,0.0,-100.0,0.0,39.52387,48.0,-39.52387,-60.0,118.8792,79.20150000000001,144.0,-39.67766999999999,-76.0,23.80659,23.806600000000003,0.0,-15.871058999999999,-40.0
4196,event_004196.csv,0.0,39.98524,-96.0,-39.98524,-84.0,0.0,79.20153,176.0,-39.52387,-68.0,158.5568,39.5239,16.0,-79.35527,-84.0,23.80659,23.806600000000003,0.0,-15.871058999999999,-48.0
4197,event_004197.csv,0.0,39.98524,-56.0,0.0,-100.0,0.0,79.20153,-72.0,-39.52387,-100.0,118.8792,79.20150000000001,156.0,-39.67766999999999,-80.0,31.74213,15.871060000000003,0.0,-15.87107,-28.0
4198,event_004198.csv,0.0,39.98524,-88.0,0.0,-100.0,0.0,39.52387,-24.0,-39.52387,-100.0,118.8792,118.8792,-68.0,-79.35533,112.0,15.87106,31.742130000000003,0.0,-15.87106,20.0
4199,event_004199.csv,0.0,39.98524,-76.0,-39.98524,-20.0,0.0,39.52387,-48.0,-39.52387,-92.0,118.8792,79.20150000000001,144.0,-39.67766999999999,-56.0,31.74213,15.871060000000003,0.0,-15.87107,8.0
4200,event_004200.csv,0.0,39.98524,-100.0,0.0,-96.0,0.0,39.52387,-12.0,0.0,-100.0,158.5568,39.5239,-68.0,-79.35527,-88.0,23.80659,23.806600000000003,0.0,-15.871058999999999,-24.0
4201,event_004201.csv,0.0,39.98524,-96.0,0.0,-100.0,0.0,39.52387,-72.0,-39.52387,-68.0,118.8792,39.67760000000001,-96.0,-39.67766999999999,44.0,23.80659,23.806600000000003,0.0,-15.871058999999999,-36.0
4202,event_004202.csv,0.0,39.98524,-92.0,-39.98524,-36.0,0.0,39.52387,-56.0,-39.52387,48.0,158.5568,39.5239,-72.0,-119.03293000000001,-92.0,23.80659,23.806600000000003,0.0,-23.80659,20.0
4203,event_004203.csv,0.0,39.98524,-92.0,-39.98524,72.0,0.0,39.52387,-84.0,-39.52387,-40.0,158.5568,39.5239,12.0,-79.35527,-60.0,23.80659,23.806600000000003,0.0,-15.871058999999999,-48.0
4204,event_004204.csv,0.0,39.98524,-72.0,-39.98524,172.0,0.0,39.52387,-64.0,-39.52387,4.0,158.5568,39.5239,-28.0,-79.35527,-56.0,23.80659,23.806600000000003,0.0,-15.871058999999999,-36.0
4205,event_004205.csv,0.0,39.98524,-88.0,-39.98524,16.0,0.0,39.52387,-68.0,-39.52387,-48.0,118.8792,79.20150000000001,-28.0,-79.35533,120.0,15.87106,31.742130000000003,0.0,-15.87106,20.0
4206,event_004206.csv,0.0,39.98524,-76.0,-39.98524,-20.0,0.0,39.52387,-56.0,-39.52387,-28.0,118.8792,79.20150000000001,16.0,-39.67766999999999,-48.0,31.74213,15.871060000000003,0.0,-15.87107,-52.0
4207,event_004207.csv,0.0,39.98524,-100.0,0.0,-92.0,0.0,39.52387,-96.0,-39.52387,-100.0,118.8792,79.20150000000001,-52.0,-39.67766999999999,40.0,23.80659,23.806600000000003,0.0,-15.871058999999999,-40.0
4208,event_004208.csv,0.0,39.98524,-64.0,-39.98524,-40.0,0.0,39.52387,-92.0,-39.52387,-96.0,118.8792,79.20150000000001,-52.0,-79.35533,168.0,23.80659,23.806600000000003,0.0,-15.871058999999999,-36.0
4209,event_004209.csv,0.0,39.98524,-96.0,-39.98524,-56.0,0.0,39.52387,-92.0,-39.52387,-88.0,118.8792,79.20150000000001,-84.0,-39.67766999999999,-92.0,23.80659,23.806600000000003,0.0,-15.871058999999999,-48.0
4210,event_004210.csv,0.0,39.98524,-68.0,0.0,-100.0,0.0,39.52387,-44.0,-39.52387,-32.0,118.8792,79.20150000000001,60.0,-39.67766999999999,-24.0,23.80659,23.806600000000003,0.0,-23.80659,-40.0
4211,event_004211.csv,0.0,39.98524,-100.0,-39.98524,-28.0,0.0,39.52387,-48.0,-39.52387,-60.0,118.8792,79.20150000000001,-84.0,-118.8792,-4.0,23.80659,23.806600000000003,0.0,-7.93553,-80.0
4212,event_004212.csv,0.0,39.98524,-72.0,0.0,-100.0,0.0,39.52387,-100.0,-39.52387,-80.0,118.8792,79.20150000000001,-28.0,-79.35533,-4.0,23.80659,23.806600000000003,0.0,-15.871058999999999,20.0
4213,event_004213.csv,0.0,39.98524,-100.0,-39.98524,116.0,0.0,39.52387,-96.0,-39.52387,-52.0,118.8792,118.8792,140.0,-39.67766999999999,36.0,23.80659,23.806600000000003,0.0,-15.871058999999999,28.0
4214,event_004214.csv,0.0,39.98524,-60.0,0.0,-100.0,0.0,39.52387,-92.0,-39.52387,-88.0,118.8792,118.8792,20.0,-79.35533,128.0,23.80659,23.806600000000003,0.0,-15.871058999999999,20.0
4215,event_004215.csv,0.0,39.98524,-88.0,-39.98524,120.0,0.0,39.52387,-56.0,-39.52387,-100.0,118.8792,118.8792,100.0,-118.8792,36.0,23.80659,23.806600000000003,0.0,-23.80659,24.0
4216,event_004216.csv,0.0,39.98524,16.0,-39.98524,44.0,0.0,39.52387,-24.0,-39.52387,-76.0,118.8792,118.8792,16.0,-39.67766999999999,-72.0,23.80659,23.806600000000003,0.0,-15.871058999999999,28.0
4217,event_004217.csv,0.0,39.98524,-100.0,0.0,-96.0,0.0,39.52387,-28.0,-39.52387,-72.0,118.8792,317.1137,192.0,-79.35533,120.0,23.80659,23.806600000000003,0.0,-15.871058999999999,-36.0
4218,event_004218.csv,0.0,39.98524,-92.0,0.0,-100.0,0.0,39.52387,-76.0,-39.52387,-96.0,118.8792,79.20150000000001,-52.0,-39.67766999999999,-80.0,23.80659,23.806600000000003,0.0,-15.871058999999999,-40.0
4219,event_004219.csv,0.0,39.98524,-96.0,0.0,-100.0,0.0,39.52387,-88.0,-39.52387,-68.0,118.8792,79.20150000000001,12.0,-39.67766999999999,-64.0,23.80659,23.806600000000003,0.0,-15.871058999999999,-28.0
4220,event_004220.csv,0.0,39.98524,-68.0,-39.98524,24.0,0.0,39.52387,-100.0,-39.52387,-96.0,118.8792,317.1137,96.0,-39.67766999999999,40.0,23.80659,23.806600000000003,0.0,-7.93553,-40.0
4221,event_004221.csv,0.0,39.98524,-80.0,-39.98524,-44.0,0.0,39.52387,-84.0,-39.52387,-96.0,118.8792,79.20150000000001,-36.0,-39.67766999999999,-20.0,23.80659,23.806600000000003,0.0,-15.871058999999999,-36.0
4222,event_004222.csv,0.0,39.98524,-92.0,-39.98524,152.0,0.0,39.52387,-52.0,-39.52387,-96.0,158.5568,277.4361,96.0,-119.03293000000001,-8.0,23.80659,23.806600000000003,0.0,-15.871058999999999,-24.0
4223,event_004223.csv,0.0,39.98524,-68.0,0.0,-100.0,0.0,39.52387,-80.0,-39.52387,-88.0,118.8792,317.1137,48.0,-39.67766999999999,-60.0,23.80659,23.806600000000003,0.0,-15.871058999999999,-48.0
4224,event_004224.csv,0.0,39.98524,-96.0,-39.98524,-20.0,0.0,39.52387,-96.0,-39.52387,52.0,118.8792,79.20150000000001,-96.0,-79.35533,124.0,23.80659,23.806600000000003,0.0,-23.80659,-36.0
4225,event_004225.csv,0.0,39.98524,-76.0,-39.98524,-4.0,0.0,39.52387,-88.0,-39.52387,-36.0,118.8792,79.20150000000001,-48.0,-39.67766999999999,-84.0,23.80659,23.806600000000003,0.0,-15.871058999999999,20.0
4226,event_004226.csv,0.0,39.98524,-100.0,-39.98524,68.0,0.0,39.52387,-64.0,-39.52387,-84.0,118.8792,79.20150000000001,-80.0,-39.67766999999999,-100.0,23.80659,23.806600000000003,0.0,-7.93553,-40.0
4227,event_004227.csv,0.0,39.98524,-84.0,-39.98524,8.0,0.0,39.52387,-100.0,-39.52387,128.0,118.8792,79.20150000000001,-100.0,-39.67766999999999,-12.0,15.87106,31.742130000000003,0.0,-15.87106,-40.0
4228,event_004228.csv,0.0,39.98524,-76.0,-39.98524,-4.0,0.0,39.52387,40.0,-39.52387,-4.0,118.8792,118.8792,164.0,-79.35533,140.0,23.80659,23.806600000000003,0.0,-7.93553,-52.0
4229,event_004229.csv,0.0,39.98524,-92.0,-39.98524,-64.0,0.0,39.52387,-100.0,-39.52387,-24.0,118.8792,79.20150000000001,8.0,-39.67766999999999,-36.0,15.87106,31.742130000000003,0.0,-15.87106,-40.0
4230,event_004230.csv,0.0,39.98524,-88.0,-39.98524,-100.0,0.0,39.52387,-96.0,-39.52387,-84.0,118.8792,118.8792,52.0,-79.35533,32.0,23.80659,23.806600000000003,0.0,-15.871058999999999,8.0
4231,event_004231.csv,0.0,39.98524,-88.0,0.0,-100.0,0.0,39.52387,-64.0,-39.52387,-60.0,118.8792,79.20150000000001,-40.0,-39.67766999999999,112.0,31.74213,15.871060000000003,0.0,-23.806599,-36.0
4232,event_004232.csv,0.0,39.98524,-84.0,-39.98524,-20.0,0.0,39.52387,-100.0,-39.52387,-96.0,158.5568,39.5239,8.0,-119.03293000000001,120.0,23.80659,23.806600000000003,0.0,-15.871058999999999,-40.0
4233,event_004233.csv,0.0,39.98524,-92.0,-39.98524,176.0,0.0,39.52387,-92.0,-39.52387,-96.0,118.8792,39.67760000000001,-76.0,-39.67766999999999,-32.0,31.74213,15.871060000000003,0.0,-15.87107,-80.0
4234,event_004234.csv,0.0,39.98524,-80.0,0.0,-100.0,0.0,79.20153,-24.0,-39.52387,116.0,118.8792,79.20150000000001,8.0,-39.67766999999999,-68.0,23.80659,23.806600000000003,0.0,-15.871058999999999,-52.0
4235,event_004235.csv,0.0,39.98524,-92.0,-39.98524,-100.0,0.0,39.52387,-88.0,-39.52387,-28.0,158.5568,39.5239,16.0,-79.35527,-88.0,23.80659,23.806600000000003,0.0,-15.871058999999999,-20.0
4236,event_004236.csv,0.0,39.98524,-64.0,0.0,-100.0,0.0,39.52387,-80.0,-39.52387,-84.0,158.5568,39.5239,8.0,-79.35527,-44.0,23.80659,23.806600000000003,0.0,-15.871058999999999,-52.0
4237,event_004237.csv,0.0,39.98524,40.0,-39.98524,76.0,0.0,39.52387,-72.0,-39.52387,-76.0,118.8792,79.20150000000001,20.0,-39.67766999999999,40.0,23.80659,23.806600000000003,0.0,-7.93553,-52.0
4238,event_004238.csv,0.0,39.98524,-96.0,0.0,-100.0,0.0,39.52387,-64.0,-39.52387,-84.0,118.8792,79.20150000000001,72.0,-39.67766999999999,-4.0,23.80659,23.806600000000003,0.0,-15.871058999999999,-36.0
4239,event_004239.csv,0.0,39.98524,-88.0,0.0,-100.0,0.0,79.20153,44.0,-39.52387,-40.0,138.71800000000002,99.04039999999998,-28.0,-59.51647000000001,172.0,23.80659,23.806600000000003,0.0,-15.871058999999999,-40.0
4240,event_004240.csv,0.0,39.98524,-88.0,-39.98524,4.0,0.0,39.52387,-96.0,-39.52387,-36.0,118.8792,118.8792,112.0,-79.35533,128.0,31.74213,15.871060000000003,0.0,-15.87107,28.0
4241,event_004241.csv,0.0,39.98524,-84.0,-39.98524,116.0,0.0,39.52387,-88.0,-39.52387,-28.0,118.8792,118.8792,12.0,-118.8792,-12.0,15.87106,31.742130000000003,0.0,-23.806591,-36.0
4242,event_004242.csv,0.0,39.98524,-76.0,-39.98524,168.0,0.0,39.52387,-100.0,-39.52387,-16.0,118.8792,118.8792,-72.0,-79.35533,80.0,15.87106,31.742130000000003,0.0,-15.87106,-28.0
4243,event_004243.csv,0.0,39.98524,-80.0,0.0,-100.0,0.0,39.52387,-84.0,-39.52387,-72.0,118.8792,79.20150000000001,20.0,-39.67766999999999,-16.0,23.80659,23.806600000000003,0.0,-15.871058999999999,-36.0
4244,event_004244.csv,0.0,39.98524,-100.0,0.0,-96.0,0.0,39.52387,-100.0,-39.52387,-72.0,118.8792,79.20150000000001,148.0,-39.67766999999999,-48.0,23.80659,23.806600000000003,0.0,-23.80659,-40.0
4245,event_004245.csv,0.0,39.98524,40.0,-39.98524,-32.0,0.0,39.52387,-100.0,-39.52387,-44.0,158.5568,79.20159999999998,60.0,-158.5568,40.0,23.80659,31.742130000000003,4.0,-15.871058999999999,20.0
4246,event_004246.csv,0.0,39.98524,-96.0,0.0,-100.0,0.0,39.52387,-96.0,-39.52387,-100.0,158.5568,39.5239,16.0,-79.35527,-88.0,15.87106,31.742130000000003,0.0,-15.87106,-28.0
4247,event_004247.csv,0.0,39.98524,-40.0,0.0,-100.0,0.0,39.52387,-80.0,-39.52387,-92.0,118.8792,79.20150000000001,192.0,-39.67766999999999,-76.0,23.80659,23.806600000000003,0.0,-15.871058999999999,-4.0
4248,event_004248.csv,0.0,39.98524,-96.0,0.0,-100.0,0.0,39.52387,-88.0,-39.52387,-92.0,118.8792,79.20150000000001,-32.0,-39.67766999999999,-8.0,23.80659,23.806600000000003,0.0,-15.871058999999999,-28.0
4249,event_004249.csv,0.0,39.98524,-24.0,0.0,-100.0,0.0,39.52387,-96.0,-39.52387,-60.0,118.8792,79.20150000000001,16.0,-79.35533,120.0,23.80659,23.806600000000003,0.0,-15.871058999999999,-52.0
4250,event_004250.csv,0.0,39.98524,-96.0,-39.98524,-100.0,0.0,39.52387,-8.0,-39.52387,-36.0,118.8792,39.67760000000001,-100.0,-39.67766999999999,88.0,31.74213,15.871060000000003,0.0,-15.87107,-20.0
4251,event_004251.csv,0.0,39.98524,-100.0,0.0,-96.0,0.0,39.52387,-32.0,-39.52387,-76.0,118.8792,79.20150000000001,64.0,-39.67766999999999,-76.0,31.74213,15.871060000000003,0.0,-15.87107,-36.0
4252,event_004252.csv,0.0,39.98524,-40.0,-39.98524,-76.0,0.0,39.52387,-80.0,-39.52387,-100.0,118.8792,79.20150000000001,152.0,-39.67766999999999,-4.0,23.80659,23.806600000000003,0.0,-15.871058999999999,20.0
4253,event_004253.csv,0.0,39.98524,-96.0,0.0,-100.0,0.0,39.52387,-72.0,-39.52387,-52.0,118.8792,79.20150000000001,68.0,-39.67766999999999,-76.0,15.87106,31.742130000000003,0.0,-7.935529,-84.0
4254,event_004254.csv,0.0,39.98524,-20.0,-39.98524,152.0,0.0,39.52387,-100.0,-39.52387,-72.0,118.8792,79.20150000000001,12.0,-79.35533,116.0,23.80659,23.806600000000003,0.0,-7.93553,-84.0
4255,event_004255.csv,0.0,39.98524,-56.0,0.0,-100.0,0.0,39.52387,-88.0,-39.52387,-12.0,118.8792,79.20150000000001,-68.0,-39.67766999999999,-52.0,23.80659,23.806600000000003,0.0,-7.93553,-92.0
4256,event_004256.csv,0.0,39.98524,-100.0,-39.98524,24.0,0.0,39.52387,-68.0,-39.52387,-72.0,118.8792,79.20150000000001,192.0,-39.67766999999999,-44.0,23.80659,23.806600000000003,0.0,-15.871058999999999,-40.0
4257,event_004257.csv,0.0,39.98524,-56.0,-39.98524,-4.0,0.0,39.52387,-80.0,-39.52387,-4.0,118.8792,79.20150000000001,-72.0,-39.67766999999999,-56.0,31.74213,15.871060000000003,0.0,-15.87107,-36.0
4258,event_004258.csv,0.0,39.98524,-68.0,-39.98524,-60.0,0.0,39.52387,-88.0,-39.52387,-60.0,118.8792,79.20150000000001,-56.0,-39.67766999999999,48.0,23.80659,23.806600000000003,0.0,-15.871058999999999,-52.0
4259,event_004259.csv,0.0,39.98524,-84.0,-39.98524,-80.0,0.0,39.52387,-96.0,-39.52387,36.0,138.71800000000002,99.04039999999998,-56.0,-99.19413000000002,-76.0,23.80659,23.806600000000003,0.0,-23.80659,-52.0
4260,event_004260.csv,0.0,39.98524,28.0,0.0,-100.0,0.0,39.52387,32.0,-39.52387,-44.0,118.8792,79.20150000000001,16.0,-79.35533,32.0,23.80659,23.806600000000003,0.0,-15.871058999999999,20.0
4261,event_004261.csv,0.0,39.98524,-40.0,-39.98524,-96.0,0.0,39.52387,-36.0,-39.52387,-40.0,118.8792,79.20150000000001,-40.0,-79.35533,32.0,27.77436,19.83883,0.0,-11.903300000000002,-36.0
4262,event_004262.csv,0.0,39.98524,-72.0,0.0,-100.0,0.0,39.52387,-20.0,-39.52387,24.0,118.8792,79.20150000000001,88.0,-39.67766999999999,-80.0,23.80659,23.806600000000003,0.0,-7.93553,-64.0
4263,event_004263.csv,0.0,39.98524,36.0,-39.98524,-52.0,0.0,39.52387,8.0,-39.52387,28.0,158.5568,79.20159999999998,-32.0,-158.5568,-12.0,15.87106,31.742130000000003,0.0,-23.806591,-24.0
4264,event_004264.csv,0.0,39.98524,-60.0,-39.98524,-64.0,0.0,79.20153,-64.0,-39.52387,56.0,118.8792,79.20150000000001,8.0,-39.67766999999999,-32.0,23.80659,23.806600000000003,0.0,-15.871058999999999,-40.0
4265,event_004265.csv,0.0,39.98524,-60.0,-39.98524,-84.0,0.0,39.52387,-96.0,-39.52387,16.0,118.8792,79.20150000000001,8.0,-79.35533,40.0,23.80659,23.806600000000003,0.0,-7.93553,-56.0
4266,event_004266.csv,0.0,39.98524,-64.0,-39.98524,60.0,0.0,39.52387,-96.0,-39.52387,-76.0,158.5568,118.87919999999997,20.0,-158.5568,0.0,23.80659,23.806600000000003,0.0,-23.80659,-24.0
4267,event_004267.csv,0.0,39.98524,-76.0,0.0,-100.0,0.0,39.52387,-40.0,-39.52387,-76.0,118.8792,118.8792,144.0,-39.67766999999999,-100.0,23.80659,23.806600000000003,0.0,-15.871058999999999,16.0
4268,event_004268.csv,0.0,39.98524,-100.0,-39.98524,112.0,0.0,39.52387,-80.0,0.0,-100.0,118.8792,79.20150000000001,104.0,-39.67766999999999,-12.0,23.80659,23.806600000000003,0.0,-15.871058999999999,-52.0
4269,event_004269.csv,0.0,39.98524,-68.0,-39.98524,180.0,0.0,39.52387,-64.0,-39.52387,-84.0,158.5568,79.20159999999998,80.0,-119.03293000000001,68.0,23.80659,23.806600000000003,0.0,-15.871058999999999,-36.0
4270,event_004270.csv,0.0,39.98524,-56.0,-39.98524,-100.0,0.0,39.52387,-88.0,-39.52387,-44.0,118.8792,79.20150000000001,8.0,-39.67766999999999,-72.0,23.80659,23.806600000000003,0.0,-15.871058999999999,20.0
4271,event_004271.csv,0.0,39.98524,-88.0,0.0,-100.0,0.0,39.52387,-72.0,-39.52387,-60.0,118.8792,79.20150000000001,-40.0,-39.67766999999999,-80.0,15.87106,31.742130000000003,0.0,-7.935529,-52.0
4272,event_004272.csv,0.0,39.98524,-88.0,-39.98524,-44.0,0.0,39.52387,-100.0,0.0,-92.0,118.8792,79.20150000000001,16.0,-39.67766999999999,-100.0,23.80659,23.806600000000003,0.0,-7.93553,-76.0
4273,event_004273.csv,0.0,39.98524,-84.0,-39.98524,36.0,0.0,39.52387,-88.0,-39.52387,-76.0,118.8792,79.20150000000001,148.0,-39.67766999999999,-12.0,23.80659,23.806600000000003,0.0,-15.871058999999999,20.0
4274,event_004274.csv,0.0,39.98524,-92.0,-39.98524,68.0,0.0,79.20153,64.0,-39.52387,-60.0,158.5568,39.5239,-80.0,-79.35527,-100.0,23.80659,23.806600000000003,0.0,-15.871058999999999,-36.0
4275,event_004275.csv,0.0,39.98524,-88.0,-39.98524,4.0,0.0,39.52387,-88.0,-39.52387,-52.0,118.8792,118.8792,56.0,-39.67766999999999,-92.0,23.80659,23.806600000000003,0.0,-15.871058999999999,68.0
4276,event_004276.csv,0.0,39.98524,-76.0,-39.98524,32.0,0.0,39.52387,-92.0,-39.52387,48.0,118.8792,118.8792,-28.0,-39.67766999999999,-64.0,23.80659,23.806600000000003,0.0,-23.80659,-40.0
4277,event_004277.csv,0.0,39.98524,-96.0,-39.98524,-4.0,0.0,39.52387,-88.0,-39.52387,-92.0,158.5568,39.5239,-32.0,-79.35527,-100.0,23.80659,23.806600000000003,0.0,-15.871058999999999,-20.0
4278,event_004278.csv,0.0,39.98524,-84.0,-39.98524,-44.0,0.0,39.52387,-96.0,-39.52387,20.0,118.8792,79.20150000000001,-40.0,-39.67766999999999,-92.0,23.80659,23.806600000000003,0.0,-7.93553,-40.0
4279,event_004279.csv,0.0,39.98524,-96.0,-39.98524,-68.0,0.0,39.52387,-56.0,-39.52387,-100.0,158.5568,39.5239,16.0,-79.35527,-4.0,23.80659,23.806600000000003,0.0,-15.871058999999999,-52.0
4280,event_004280.csv,0.0,39.98524,-8.0,0.0,-100.0,0.0,39.52387,-32.0,-39.52387,-60.0,158.5568,39.5239,8.0,-79.35527,-12.0,23.80659,23.806600000000003,0.0,-15.871058999999999,-28.0
4281,event_004281.csv,0.0,39.98524,-48.0,-39.98524,44.0,0.0,79.20153,-40.0,-39.52387,36.0,118.8792,79.20150000000001,64.0,-39.67766999999999,-88.0,23.80659,23.806600000000003,0.0,-15.871058999999999,4.0
4282,event_004282.csv,0.0,39.98524,-96.0,-39.98524,-28.0,0.0,39.52387,-24.0,-39.52387,-28.0,118.8792,79.20150000000001,8.0,-39.67766999999999,124.0,23.80659,23.806600000000003,0.0,-7.93553,-52.0
4283,event_004283.csv,0.0,39.98524,-24.0,0.0,-100.0,0.0,39.52387,-96.0,-39.52387,-36.0,118.8792,118.8792,-72.0,-118.8792,-44.0,23.80659,23.806600000000003,0.0,-15.871058999999999,20.0
4284,event_004284.csv,0.0,39.98524,-68.0,0.0,-100.0,0.0,39.52387,-96.0,-39.52387,-44.0,118.8792,79.20150000000001,-56.0,-39.67766999999999,68.0,23.80659,23.806600000000003,0.0,-7.93553,-52.0
4285,event_004285.csv,0.0,39.98524,-96.0,0.0,-100.0,0.0,39.52387,-48.0,-39.52387,-36.0,158.5568,158.55689999999998,-100.0,-79.35527,44.0,23.80659,23.806600000000003,0.0,-7.93553,-52.0
4286,event_004286.csv,0.0,39.98524,-72.0,0.0,-100.0,0.0,39.52387,-56.0,-39.52387,-100.0,118.8792,118.8792,60.0,-79.35533,36.0,31.74213,15.871060000000003,0.0,-23.806599,28.0
4287,event_004287.csv,0.0,39.98524,-96.0,-39.98524,-36.0,0.0,39.52387,-56.0,-39.52387,-76.0,158.5568,39.5239,8.0,-119.03293000000001,32.0,23.80659,23.806600000000003,0.0,-15.871058999999999,20.0
4288,event_004288.csv,0.0,39.98524,-72.0,-39.98524,4.0,0.0,39.52387,-72.0,0.0,-100.0,118.8792,118.8792,20.0,-39.67766999999999,-12.0,15.87106,31.742130000000003,0.0,-7.935529,-60.0
4289,event_004289.csv,0.0,39.98524,-88.0,-39.98524,-84.0,0.0,39.52387,-96.0,-39.52387,-76.0,118.8792,79.20150000000001,64.0,-39.67766999999999,-44.0,23.80659,23.806600000000003,0.0,-15.871058999999999,-48.0
4290,event_004290.csv,0.0,39.98524,-88.0,-39.98524,140.0,0.0,39.52387,-88.0,-39.52387,-44.0,118.8792,79.20150000000001,16.0,-39.67766999999999,-68.0,31.74213,15.871060000000003,0.0,-15.87107,-20.0
4291,event_004291.csv,0.0,39.98524,-80.0,0.0,-100.0,0.0,39.52387,-88.0,-39.52387,-76.0,118.8792,79.20150000000001,-28.0,-39.67766999999999,-8.0,23.80659,23.806600000000003,0.0,-15.871058999999999,-28.0
4292,event_004292.csv,0.0,39.98524,-100.0,0.0,-96.0,0.0,39.52387,-72.0,-39.52387,-12.0,118.8792,118.8792,168.0,-79.35533,32.0,31.74213,15.871060000000003,0.0,-15.87107,20.0
4293,event_004293.csv,0.0,39.98524,-92.0,-39.98524,172.0,0.0,39.52387,-16.0,-39.52387,-76.0,118.8792,79.20150000000001,-48.0,-79.35533,124.0,23.80659,23.806600000000003,0.0,-15.871058999999999,-40.0
4294,event_004294.csv,0.0,39.98524,-100.0,-39.98524,48.0,0.0,39.52387,-4.0,-39.52387,-96.0,118.8792,79.20150000000001,-36.0,-39.67766999999999,-20.0,31.74213,15.871060000000003,0.0,-15.87107,-28.0
4295,event_004295.csv,0.0,39.98524,-96.0,-39.98524,-36.0,0.0,39.52387,-72.0,-39.52387,-88.0,118.8792,79.20150000000001,16.0,-39.67766999999999,-56.0,23.80659,31.742130000000003,0.0,-15.871058999999999,-40.0
4296,event_004296.csv,0.0,39.98524,-88.0,-39.98524,-92.0,0.0,39.52387,-40.0,-39.52387,-36.0,118.8792,118.8792,152.0,-79.35533,-60.0,23.80659,23.806600000000003,0.0,-15.871058999999999,156.0
4297,event_004297.csv,0.0,1359.959,-4.0,-39.98524,-44.0,0.0,2617.803,-4.0,0.0,-100.0,118.8792,4876.5068,8.0,-39.67766999999999,-76.0,0.0,55.54872,4.0,-15.87106,-16.0
4298,event_004298.csv,0.0,39.98524,-88.0,-39.98524,68.0,0.0,39.52387,-96.0,-39.52387,-52.0,118.8792,39.67760000000001,-100.0,-39.67766999999999,-40.0,31.74213,15.871060000000003,0.0,-7.93554,-92.0
4299,event_004299.csv,0.0,39.98524,-56.0,-39.98524,-76.0,0.0,39.52387,-56.0,-39.52387,-12.0,118.8792,79.20150000000001,8.0,-39.67766999999999,-44.0,23.80659,23.806600000000003,0.0,-15.871058999999999,20.0
4300,event_004300.csv,0.0,39.98524,-72.0,-39.98524,140.0,0.0,39.52387,8.0,-39.52387,-76.0,118.8792,79.20150000000001,104.0,-79.35533,84.0,23.80659,23.806600000000003,0.0,-7.93553,20.0
4301,event_004301.csv,0.0,39.98524,-100.0,-39.98524,-16.0,0.0,39.52387,-36.0,-39.52387,-24.0,118.8792,79.20150000000001,-40.0,-39.67766999999999,-64.0,23.80659,23.806600000000003,0.0,-15.871058999999999,-40.0
4302,event_004302.csv,0.0,39.98524,0.0,-39.98524,-36.0,0.0,39.52387,-40.0,-39.52387,-92.0,158.5568,39.5239,-64.0,-79.35527,-100.0,23.80659,23.806600000000003,0.0,-15.871058999999999,-52.0
4303,event_004303.csv,0.0,39.98524,-96.0,-39.98524,148.0,0.0,39.52387,-56.0,-39.52387,-84.0,118.8792,79.20150000000001,-72.0,-79.35533,-48.0,31.74213,15.871060000000003,0.0,-23.806599,-60.0
4304,event_004304.csv,0.0,39.98524,-88.0,-39.98524,-12.0,0.0,39.52387,-88.0,-39.52387,-20.0,118.8792,158.55679999999998,12.0,-79.35533,-12.0,7.935531,39.677659000000006,0.0,-15.871062,-28.0
4305,event_004305.csv,0.0,39.98524,-92.0,-39.98524,100.0,0.0,39.52387,-80.0,-39.52387,-92.0,118.8792,79.20150000000001,8.0,-39.67766999999999,-48.0,23.80659,31.742130000000003,0.0,-15.871058999999999,20.0
4306,event_004306.csv,0.0,39.98524,-92.0,-39.98524,-64.0,0.0,39.52387,-100.0,-39.52387,88.0,118.8792,79.20150000000001,-44.0,-39.67766999999999,-12.0,31.74213,15.871060000000003,0.0,-23.806599,-40.0
4307,event_004307.csv,0.0,39.98524,-92.0,0.0,-100.0,0.0,39.52387,-100.0,-39.52387,-40.0,118.8792,79.20150000000001,-40.0,-39.67766999999999,-4.0,23.80659,23.806600000000003,0.0,-15.871058999999999,32.0
4308,event_004308.csv,0.0,39.98524,-96.0,0.0,-100.0,0.0,39.52387,-80.0,-39.52387,-100.0,118.8792,79.20150000000001,-48.0,-39.67766999999999,40.0,31.74213,15.871060000000003,0.0,-15.87107,-36.0
4309,event_004309.csv,0.0,39.98524,-96.0,-39.98524,20.0,0.0,79.20153,148.0,-39.52387,-68.0,118.8792,118.8792,152.0,-79.35533,36.0,23.80659,23.806600000000003,0.0,-15.871058999999999,-36.0
4310,event_004310.csv,0.0,39.98524,-96.0,-39.98524,-100.0,0.0,39.52387,-56.0,-39.52387,-28.0,118.8792,79.20150000000001,16.0,-39.67766999999999,-84.0,23.80659,23.806600000000003,0.0,-7.93553,-100.0
4311,event_004311.csv,0.0,39.98524,-96.0,-39.98524,104.0,0.0,39.52387,-64.0,-39.52387,20.0,118.8792,39.67760000000001,-64.0,-39.67766999999999,-88.0,23.80659,23.806600000000003,0.0,-7.93553,-8.0
4312,event_004312.csv,0.0,39.98524,-28.0,-39.98524,-20.0,0.0,39.52387,-88.0,-39.52387,-44.0,118.8792,79.20150000000001,16.0,-39.67766999999999,-24.0,23.80659,23.806600000000003,0.0,-15.871058999999999,-40.0
4313,event_004313.csv,0.0,39.98524,-88.0,0.0,-100.0,0.0,39.52387,-48.0,-39.52387,-60.0,158.5568,39.5239,8.0,-79.35527,-84.0,23.80659,23.806600000000003,0.0,-15.871058999999999,24.0
4314,event_004314.csv,0.0,39.98524,-88.0,0.0,-100.0,0.0,39.52387,-80.0,-39.52387,-84.0,118.8792,79.20150000000001,104.0,-39.67766999999999,-28.0,23.80659,23.806600000000003,0.0,-7.93553,-84.0
4315,event_004315.csv,0.0,39.98524,-52.0,0.0,-100.0,0.0,39.52387,-92.0,-39.52387,-96.0,118.8792,79.20150000000001,-84.0,-39.67766999999999,-8.0,23.80659,23.806600000000003,0.0,-15.871058999999999,-64.0
4316,event_004316.csv,0.0,39.98524,-96.0,0.0,-100.0,0.0,79.20153,88.0,-39.52387,-100.0,158.5568,39.5239,-80.0,-79.35527,-76.0,23.80659,23.806600000000003,0.0,-7.93553,-92.0
4317,event_004317.csv,0.0,39.98524,-40.0,-39.98524,-76.0,0.0,39.52387,-88.0,-39.52387,-76.0,118.8792,317.1137,8.0,-79.35533,-52.0,23.80659,23.806600000000003,0.0,-15.871058999999999,-20.0
4318,event_004318.csv,0.0,39.98524,-100.0,-39.98524,52.0,0.0,39.52387,-96.0,-39.52387,12.0,118.8792,118.8792,12.0,-79.35533,36.0,23.80659,23.806600000000003,0.0,-7.93553,16.0
4319,event_004319.csv,0.0,39.98524,-100.0,-39.98524,-12.0,0.0,39.52387,-80.0,-39.52387,-76.0,158.5568,79.20159999999998,-80.0,-119.03293000000001,-100.0,23.80659,23.806600000000003,0.0,-15.871058999999999,-76.0
4320,event_004320.csv,0.0,39.98524,180.0,-39.98524,-28.0,0.0,39.52387,-72.0,-39.52387,-68.0,158.5568,39.5239,-64.0,-79.35527,-84.0,23.80659,23.806600000000003,0.0,-15.871058999999999,-52.0
4321,event_004321.csv,0.0,39.98524,-72.0,-39.98524,-60.0,0.0,39.52387,-88.0,-39.52387,-84.0,118.8792,79.20150000000001,-40.0,-39.67766999999999,-12.0,23.80659,23.806600000000003,0.0,-15.871058999999999,-16.0
4322,event_004322.csv,0.0,39.98524,-92.0,0.0,-100.0,0.0,39.52387,-96.0,-39.52387,-68.0,118.8792,317.1137,-36.0,-79.35533,164.0,23.80659,23.806600000000003,0.0,-7.93553,-92.0
4323,event_004323.csv,0.0,39.98524,-56.0,-39.98524,52.0,0.0,39.52387,-56.0,-39.52387,-100.0,118.8792,317.1137,-8.0,-39.67766999999999,-92.0,23.80659,23.806600000000003,0.0,-7.93553,-92.0
4324,event_004324.csv,0.0,39.98524,-100.0,-39.98524,-44.0,0.0,39.52387,-76.0,-39.52387,-88.0,118.8792,79.20150000000001,-28.0,-39.67766999999999,40.0,23.80659,23.806600000000003,0.0,-15.871058999999999,-40.0
4325,event_004325.csv,0.0,39.98524,-100.0,-39.98524,100.0,0.0,39.52387,-76.0,-39.52387,-80.0,118.8792,118.8792,12.0,-39.67766999999999,-8.0,15.87106,31.742130000000003,0.0,-7.935529,-64.0
4326,event_004326.csv,0.0,39.98524,-64.0,-39.98524,-36.0,0.0,39.52387,-24.0,-39.52387,32.0,118.8792,79.20150000000001,20.0,-39.67766999999999,-92.0,23.80659,23.806600000000003,0.0,-15.871058999999999,-40.0
4327,event_004327.csv,0.0,39.98524,-88.0,0.0,-100.0,0.0,39.52387,-80.0,-39.52387,-92.0,118.8792,118.8792,16.0,-79.35533,-20.0,7.935531,39.677659000000006,0.0,-23.806591,-28.0
4328,event_004328.csv,0.0,39.98524,-64.0,0.0,-100.0,0.0,39.52387,24.0,-39.52387,-76.0,118.8792,79.20150000000001,-48.0,-39.67766999999999,-100.0,23.80659,23.806600000000003,0.0,-7.93553,-20.0
4329,event_004329.csv,0.0,39.98524,-44.0,-39.98524,184.0,0.0,39.52387,-96.0,-39.52387,-100.0,118.8792,79.20150000000001,0.0,-39.67766999999999,-68.0,23.80659,23.806600000000003,0.0,-7.93553,-20.0
4330,event_004330.csv,0.0,39.98524,-92.0,-39.98524,-36.0,0.0,39.52387,-88.0,-39.52387,-100.0,118.8792,79.20150000000001,192.0,-39.67766999999999,-84.0,23.80659,23.806600000000003,0.0,-15.871058999999999,20.0
4331,event_004331.csv,0.0,39.98524,-96.0,-39.98524,-52.0,0.0,39.52387,-56.0,-39.52387,-20.0,118.8792,118.8792,8.0,-79.35533,-4.0,23.80659,23.806600000000003,0.0,-7.93553,-60.0
4332,event_004332.csv,0.0,39.98524,-80.0,-39.98524,108.0,0.0,39.52387,-40.0,0.0,-100.0,118.8792,79.20150000000001,-28.0,-39.67766999999999,-12.0,23.80659,23.806600000000003,0.0,-15.871058999999999,-40.0
4333,event_004333.csv,0.0,39.98524,-100.0,-39.98524,76.0,0.0,39.52387,-96.0,-39.52387,-60.0,118.8792,158.55679999999998,152.0,-79.35533,120.0,23.80659,23.806600000000003,0.0,-15.871058999999999,112.0
4334,event_004334.csv,0.0,39.98524,-40.0,-39.98524,-52.0,0.0,39.52387,-32.0,-39.52387,-60.0,118.8792,79.20150000000001,8.0,-39.67766999999999,-64.0,23.80659,23.806600000000003,0.0,-15.871058999999999,-36.0
4335,event_004335.csv,0.0,39.98524,-96.0,0.0,-100.0,0.0,39.52387,-40.0,-39.52387,-100.0,118.8792,79.20150000000001,-64.0,-39.67766999999999,-20.0,23.80659,31.742130000000003,0.0,-15.871058999999999,-40.0
4336,event_004336.csv,0.0,39.98524,-76.0,-39.98524,-100.0,0.0,39.52387,-72.0,-39.52387,-44.0,118.8792,79.20150000000001,-100.0,-79.35533,116.0,23.80659,23.806600000000003,0.0,-15.871058999999999,-52.0
4337,event_004337.csv,0.0,39.98524,-100.0,-39.98524,-44.0,0.0,39.52387,-64.0,-39.52387,-92.0,158.5568,39.5239,8.0,-79.35527,116.0,23.80659,23.806600000000003,0.0,-15.871058999999999,-40.0
4338,event_004338.csv,0.0,39.98524,-80.0,-39.98524,-56.0,0.0,39.52387,0.0,-39.52387,-36.0,118.8792,118.8792,8.0,-79.35533,-92.0,15.87106,31.742130000000003,0.0,-15.87106,-52.0
4339,event_004339.csv,0.0,39.98524,-100.0,0.0,-88.0,0.0,79.20153,148.0,-39.52387,-96.0,118.8792,79.20150000000001,148.0,-39.67766999999999,-84.0,23.80659,23.806600000000003,0.0,-15.871058999999999,16.0
4340,event_004340.csv,0.0,39.98524,-80.0,-39.98524,-100.0,0.0,39.52387,-88.0,-39.52387,84.0,118.8792,118.8792,148.0,-39.67766999999999,40.0,23.80659,23.806600000000003,0.0,-15.871058999999999,-36.0
4341,event_004341.csv,0.0,39.98524,-88.0,-39.98524,-64.0,0.0,39.52387,-100.0,-39.52387,-64.0,118.8792,79.20150000000001,-40.0,-39.67766999999999,-88.0,23.80659,23.806600000000003,0.0,-7.93553,-96.0
4342,event_004342.csv,0.0,39.98524,-88.0,-39.98524,-68.0,0.0,39.52387,-96.0,-39.52387,-76.0,118.8792,79.20150000000001,96.0,-39.67766999999999,-72.0,23.80659,23.806600000000003,0.0,-7.93553,-84.0
4343,event_004343.csv,0.0,39.98524,-84.0,-39.98524,80.0,0.0,39.52387,-84.0,-39.52387,-56.0,118.8792,4881.1208,-8.0,-39.67766999999999,-72.0,-31.74213,87.29085,4.0,-15.871060000000003,-24.0
4344,event_004344.csv,0.0,39.98524,-88.0,-39.98524,116.0,0.0,39.52387,8.0,-39.52387,-68.0,118.8792,79.20150000000001,-40.0,-39.67766999999999,72.0,15.87106,31.742130000000003,0.0,-7.935529,-100.0
4345,event_004345.csv,0.0,39.98524,-92.0,-39.98524,-80.0,0.0,39.52387,-20.0,-39.52387,-88.0,118.8792,79.20150000000001,-52.0,-39.67766999999999,-72.0,23.80659,23.806600000000003,0.0,-15.871058999999999,20.0
4346,event_004346.csv,0.0,79.97047,144.0,-39.98524,-100.0,0.0,39.52387,-88.0,-39.52387,-60.0,118.8792,79.20150000000001,16.0,-79.35533,-4.0,23.80659,23.806600000000003,0.0,-7.93553,-36.0
4347,event_004347.csv,0.0,39.98524,-100.0,-39.98524,132.0,0.0,79.20153,48.0,-39.52387,-100.0,118.8792,118.8792,12.0,-118.8792,-12.0,23.80659,23.806600000000003,0.0,-15.871058999999999,-52.0
4348,event_004348.csv,0.0,39.98524,-100.0,-39.98524,104.0,0.0,39.52387,-92.0,-39.52387,-64.0,118.8792,79.20150000000001,12.0,-39.67766999999999,-44.0,15.87106,31.742130000000003,0.0,-7.935529,-64.0
4349,event_004349.csv,0.0,39.98524,-72.0,-39.98524,156.0,0.0,79.20153,56.0,-39.52387,-60.0,118.8792,79.20150000000001,-28.0,-39.67766999999999,-44.0,23.80659,23.806600000000003,0.0,-23.80659,20.0
4350,event_004350.csv,0.0,39.98524,-84.0,-39.98524,24.0,0.0,39.52387,-76.0,-39.52387,-96.0,118.8792,79.20150000000001,-28.0,-39.67766999999999,-72.0,23.80659,23.806600000000003,0.0,-7.93553,-64.0
4351,event_004351.csv,0.0,39.98524,-80.0,-39.98524,-20.0,0.0,39.52387,-88.0,-39.52387,-4.0,118.8792,79.20150000000001,-60.0,-39.67766999999999,-8.0,23.80659,23.806600000000003,0.0,-23.80659,-36.0
4352,event_004352.csv,0.0,39.98524,-80.0,0.0,-100.0,0.0,39.52387,-80.0,-39.52387,-32.0,118.8792,118.8792,16.0,-79.35533,44.0,23.80659,23.806600000000003,0.0,-7.93553,-92.0
4353,event_004353.csv,0.0,39.98524,-76.0,-39.98524,-48.0,0.0,39.52387,-100.0,-39.52387,-24.0,118.8792,118.8792,-72.0,-79.35533,-88.0,23.80659,23.806600000000003,0.0,-15.871058999999999,-68.0
4354,event_004354.csv,0.0,79.97047,0.0,-39.98524,-92.0,0.0,39.52387,-32.0,-39.52387,-100.0,118.8792,79.20150000000001,8.0,-39.67766999999999,-76.0,23.80659,23.806600000000003,0.0,-15.871058999999999,-40.0
4355,event_004355.csv,0.0,39.98524,-56.0,-39.98524,172.0,0.0,39.52387,-56.0,-39.52387,-92.0,138.71800000000002,59.36269999999999,144.0,-59.51647000000001,-60.0,23.80659,23.806600000000003,0.0,-15.871058999999999,-36.0
4356,event_004356.csv,0.0,39.98524,-92.0,0.0,-100.0,0.0,39.52387,-40.0,-39.52387,-60.0,118.8792,158.55679999999998,104.0,-79.35533,80.0,23.80659,23.806600000000003,0.0,-15.871058999999999,4.0
4357,event_004357.csv,0.0,39.98524,-80.0,-39.98524,124.0,0.0,39.52387,-80.0,-39.52387,-100.0,118.8792,118.8792,60.0,-79.35533,84.0,31.74213,15.871060000000003,0.0,-23.806599,28.0
4358,event_004358.csv,0.0,39.98524,-80.0,-39.98524,124.0,0.0,39.52387,-8.0,-39.52387,-92.0,118.8792,79.20150000000001,16.0,-39.67766999999999,-56.0,23.80659,31.742130000000003,0.0,-15.871058999999999,-52.0
4359,event_004359.csv,0.0,39.98524,-96.0,-39.98524,-84.0,0.0,79.20153,-8.0,-39.52387,-92.0,118.8792,79.20150000000001,52.0,-39.67766999999999,-84.0,23.80659,23.806600000000003,0.0,-15.871058999999999,4.0
4360,event_004360.csv,0.0,39.98524,-100.0,-39.98524,-44.0,0.0,39.52387,-80.0,-39.52387,12.0,118.8792,79.20150000000001,-36.0,-39.67766999999999,-100.0,23.80659,23.806600000000003,0.0,-15.871058999999999,-64.0
4361,event_004361.csv,0.0,39.98524,-88.0,-39.98524,148.0,0.0,39.52387,-48.0,-39.52387,-60.0,118.8792,79.20150000000001,8.0,-39.67766999999999,-16.0,23.80659,31.742130000000003,0.0,-23.80659,-36.0
4362,event_004362.csv,0.0,39.98524,-84.0,-39.98524,-8.0,0.0,79.20153,76.0,-39.52387,176.0,158.5568,79.20159999999998,12.0,-119.03293000000001,40.0,23.80659,23.806600000000003,0.0,-7.93553,16.0
4363,event_004363.csv,0.0,39.98524,-100.0,-39.98524,-20.0,0.0,39.52387,-72.0,-39.52387,4.0,118.8792,79.20150000000001,-24.0,-39.67766999999999,-20.0,23.80659,23.806600000000003,0.0,-15.871058999999999,-36.0
4364,event_004364.csv,0.0,39.98524,-72.0,-39.98524,92.0,0.0,39.52387,-32.0,-39.52387,140.0,118.8792,79.20150000000001,16.0,-79.35533,188.0,23.80659,23.806600000000003,0.0,-15.871058999999999,-36.0
4365,event_004365.csv,0.0,39.98524,-48.0,0.0,-100.0,0.0,39.52387,-40.0,-39.52387,-76.0,118.8792,118.8792,16.0,-79.35533,40.0,23.80659,23.806600000000003,0.0,-15.871058999999999,24.0
4366,event_004366.csv,0.0,39.98524,-88.0,-39.98524,-68.0,0.0,39.52387,-64.0,-39.52387,-100.0,118.8792,79.20150000000001,16.0,-39.67766999999999,-20.0,23.80659,23.806600000000003,0.0,-15.871058999999999,-40.0
4367,event_004367.csv,0.0,39.98524,-100.0,0.0,-96.0,0.0,39.52387,-32.0,-39.52387,-28.0,118.8792,39.67760000000001,-92.0,-39.67766999999999,68.0,23.80659,23.806600000000003,0.0,-15.871058999999999,-40.0
4368,event_004368.csv,0.0,39.98524,-76.0,-39.98524,-72.0,0.0,39.52387,-56.0,-39.52387,-60.0,118.8792,79.20150000000001,-80.0,-39.67766999999999,-100.0,15.87106,31.742130000000003,0.0,-15.87106,-36.0
4369,event_004369.csv,0.0,39.98524,-84.0,-39.98524,196.0,0.0,39.52387,-32.0,-39.52387,-52.0,118.8792,79.20150000000001,12.0,-118.8792,36.0,23.80659,23.806600000000003,0.0,-15.871058999999999,28.0
4370,event_004370.csv,0.0,39.98524,-80.0,-39.98524,-36.0,0.0,39.52387,-96.0,-39.52387,-84.0,118.8792,118.8792,144.0,-39.67766999999999,-100.0,23.80659,23.806600000000003,0.0,-15.871058999999999,-36.0
4371,event_004371.csv,0.0,39.98524,-84.0,-39.98524,44.0,0.0,39.52387,32.0,-39.52387,12.0,118.8792,79.20150000000001,-40.0,-39.67766999999999,-80.0,23.80659,23.806600000000003,0.0,-15.871058999999999,-36.0
4372,event_004372.csv,0.0,39.98524,-92.0,-39.98524,148.0,0.0,39.52387,-4.0,-39.52387,-80.0,138.71800000000002,59.36269999999999,-96.0,-99.19413000000002,-68.0,23.80659,31.742130000000003,0.0,-15.871058999999999,8.0
4373,event_004373.csv,0.0,39.98524,-100.0,-39.98524,-60.0,0.0,39.52387,-16.0,-39.52387,-84.0,118.8792,79.20150000000001,24.0,-39.67766999999999,-44.0,23.80659,23.806600000000003,0.0,-15.871058999999999,-40.0
4374,event_004374.csv,0.0,39.98524,-24.0,-39.98524,-92.0,0.0,39.52387,-80.0,-39.52387,-36.0,118.8792,79.20150000000001,-36.0,-39.67766999999999,-16.0,23.80659,23.806600000000003,0.0,-15.871058999999999,20.0
4375,event_004375.csv,0.0,39.98524,-76.0,-39.98524,156.0,0.0,39.52387,-72.0,-39.52387,-52.0,118.8792,79.20150000000001,92.0,-39.67766999999999,-88.0,23.80659,23.806600000000003,0.0,-15.871058999999999,-40.0
4376,event_004376.csv,0.0,39.98524,-92.0,-39.98524,136.0,0.0,39.52387,-100.0,-39.52387,-96.0,118.8792,118.8792,16.0,-118.8792,40.0,15.87106,31.742130000000003,0.0,-15.87106,-64.0
4377,event_004377.csv,0.0,39.98524,-96.0,-39.98524,156.0,0.0,39.52387,-64.0,-39.52387,-28.0,118.8792,118.8792,16.0,-39.67766999999999,-100.0,23.80659,23.806600000000003,0.0,-15.871058999999999,-28.0
4378,event_004378.csv,0.0,39.98524,-68.0,-39.98524,36.0,0.0,39.52387,-96.0,-39.52387,-92.0,118.8792,79.20150000000001,-52.0,-39.67766999999999,-32.0,23.80659,23.806600000000003,0.0,-15.871058999999999,-40.0
4379,event_004379.csv,0.0,39.98524,-80.0,-39.98524,76.0,0.0,39.52387,-72.0,-39.52387,-92.0,118.8792,79.20150000000001,160.0,-39.67766999999999,0.0,23.80659,23.806600000000003,0.0,-7.93553,-52.0
4380,event_004380.csv,0.0,39.98524,-92.0,0.0,-100.0,0.0,39.52387,-84.0,-39.52387,-88.0,118.8792,79.20150000000001,-52.0,-79.35533,120.0,23.80659,23.806600000000003,0.0,-23.80659,-40.0
4381,event_004381.csv,0.0,39.98524,-92.0,-39.98524,-60.0,0.0,39.52387,-96.0,-39.52387,-76.0,158.5568,79.20159999999998,200.0,-119.03293000000001,176.0,23.80659,23.806600000000003,0.0,-15.871058999999999,156.0
4382,event_004382.csv,0.0,39.98524,-68.0,0.0,-100.0,0.0,39.52387,-100.0,-39.52387,80.0,158.5568,39.5239,-28.0,-119.03293000000001,-8.0,23.80659,23.806600000000003,0.0,-15.871058999999999,-28.0
4383,event_004383.csv,0.0,39.98524,-100.0,-39.98524,-96.0,0.0,39.52387,-84.0,-39.52387,-68.0,118.8792,118.8792,164.0,-79.35533,84.0,23.80659,23.806600000000003,0.0,-7.93553,28.0
4384,event_004384.csv,0.0,39.98524,-88.0,0.0,-100.0,0.0,39.52387,-76.0,-39.52387,72.0,118.8792,79.20150000000001,-44.0,-39.67766999999999,-68.0,23.80659,23.806600000000003,0.0,-15.871058999999999,-40.0
4385,event_004385.csv,0.0,39.98524,-56.0,-39.98524,-92.0,0.0,39.52387,-96.0,-39.52387,-52.0,118.8792,79.20150000000001,-96.0,-39.67766999999999,-60.0,23.80659,23.806600000000003,0.0,-15.871058999999999,-36.0
4386,event_004386.csv,0.0,39.98524,-76.0,-39.98524,-88.0,0.0,39.52387,-92.0,-39.52387,0.0,118.8792,79.20150000000001,188.0,-39.67766999999999,-20.0,23.80659,23.806600000000003,0.0,-7.93553,-52.0
4387,event_004387.csv,0.0,39.98524,-64.0,-39.98524,68.0,0.0,79.20153,-64.0,-39.52387,-12.0,118.8792,79.20150000000001,8.0,-39.67766999999999,-96.0,23.80659,23.806600000000003,0.0,-23.80659,-40.0
4388,event_004388.csv,0.0,39.98524,-72.0,0.0,-100.0,0.0,39.52387,24.0,-39.52387,-100.0,118.8792,39.67760000000001,-92.0,-39.67766999999999,-68.0,23.80659,23.806600000000003,0.0,-7.93553,-52.0
4389,event_004389.csv,0.0,39.98524,-100.0,-39.98524,196.0,0.0,39.52387,-100.0,-39.52387,-72.0,118.8792,118.8792,4.0,-39.67766999999999,-8.0,23.80659,23.806600000000003,0.0,-15.871058999999999,20.0
4390,event_004390.csv,0.0,39.98524,-76.0,-39.98524,28.0,0.0,39.52387,40.0,-39.52387,-76.0,118.8792,118.8792,8.0,-79.35533,28.0,23.80659,23.806600000000003,0.0,-7.93553,16.0
4391,event_004391.csv,0.0,39.98524,-92.0,0.0,-100.0,0.0,39.52387,-24.0,-39.52387,-92.0,158.5568,39.5239,16.0,-79.35527,36.0,15.87106,31.742130000000003,0.0,-7.935529,-28.0
4392,event_004392.csv,0.0,39.98524,-64.0,-39.98524,60.0,0.0,39.52387,-80.0,-39.52387,-76.0,118.8792,79.20150000000001,4.0,-39.67766999999999,-84.0,15.87106,31.742130000000003,0.0,-15.87106,-28.0
4393,event_004393.csv,0.0,39.98524,-72.0,0.0,-100.0,0.0,39.52387,-64.0,-39.52387,-100.0,118.8792,79.20150000000001,-24.0,-39.67766999999999,-96.0,15.87106,31.742130000000003,0.0,-15.87106,-40.0
4394,event_004394.csv,0.0,39.98524,-96.0,-39.98524,140.0,0.0,79.20153,160.0,-39.52387,-88.0,158.5568,79.20159999999998,20.0,-79.35527,-68.0,23.80659,23.806600000000003,0.0,-7.93553,16.0
4395,event_004395.csv,0.0,39.98524,-68.0,0.0,-100.0,0.0,39.52387,-100.0,-39.52387,-96.0,118.8792,4881.1208,8.0,-39.67766999999999,-96.0,0.0,63.51501,8.0,-7.935531,-76.0
4396,event_004396.csv,0.0,39.98524,-28.0,-39.98524,-100.0,0.0,39.52387,-76.0,-39.52387,-96.0,158.5568,39.5239,16.0,-79.35527,-32.0,23.80659,23.806600000000003,0.0,-15.871058999999999,-36.0
4397,event_004397.csv,0.0,39.98524,-100.0,-39.98524,-44.0,0.0,39.52387,-88.0,-39.52387,-76.0,118.8792,79.20150000000001,-36.0,-39.67766999999999,-80.0,23.80659,23.806600000000003,0.0,-15.871058999999999,20.0
4398,event_004398.csv,0.0,39.98524,-68.0,-39.98524,184.0,0.0,39.52387,-36.0,-39.52387,72.0,118.8792,79.20150000000001,8.0,-79.35533,40.0,23.80659,23.806600000000003,0.0,-7.93553,-40.0
4399,event_004399.csv,0.0,39.98524,-88.0,0.0,-100.0,0.0,39.52387,168.0,-39.52387,-68.0,118.8792,39.67760000000001,-92.0,-39.67766999999999,-100.0,23.80659,23.806600000000003,0.0,-7.93553,28.0
4400,event_004400.csv,0.0,39.98524,-72.0,-39.98524,28.0,0.0,79.20153,96.0,-39.52387,-76.0,118.8792,356.7913,196.0,-79.35533,-8.0,23.80659,23.806600000000003,0.0,-23.80659,-36.0
4401,event_004401.csv,0.0,39.98524,-48.0,-39.98524,-32.0,0.0,39.52387,-88.0,-39.52387,-100.0,118.8792,79.20150000000001,-88.0,-39.67766999999999,-44.0,23.80659,23.806600000000003,0.0,-15.871058999999999,20.0
4402,event_004402.csv,0.0,39.98524,-60.0,-39.98524,24.0,0.0,39.52387,-88.0,-39.52387,28.0,118.8792,118.8792,-80.0,-39.67766999999999,-96.0,23.80659,23.806600000000003,0.0,-15.871058999999999,-76.0
4403,event_004403.csv,0.0,39.98524,-24.0,-39.98524,48.0,0.0,39.52387,-76.0,-39.52387,24.0,118.8792,79.20150000000001,20.0,-79.35533,120.0,23.80659,23.806600000000003,0.0,-15.871058999999999,-40.0
4404,event_004404.csv,0.0,39.98524,-60.0,-39.98524,84.0,0.0,39.52387,-96.0,-39.52387,-20.0,158.5568,39.5239,52.0,-79.35527,-24.0,23.80659,23.806600000000003,0.0,-7.93553,-40.0
4405,event_004405.csv,0.0,39.98524,-76.0,0.0,-100.0,0.0,39.52387,4.0,-39.52387,8.0,118.8792,118.8792,20.0,-39.67766999999999,-12.0,23.80659,23.806600000000003,0.0,-23.80659,-40.0
4406,event_004406.csv,0.0,39.98524,-76.0,-39.98524,-32.0,0.0,39.52387,-68.0,-39.52387,-56.0,118.8792,79.20150000000001,8.0,-79.35533,0.0,23.80659,23.806600000000003,0.0,-15.871058999999999,24.0
4407,event_004407.csv,0.0,39.98524,-68.0,0.0,-100.0,0.0,39.52387,-24.0,-39.52387,12.0,118.8792,79.20150000000001,12.0,-39.67766999999999,-12.0,23.80659,23.806600000000003,0.0,-15.871058999999999,-52.0
4408,event_004408.csv,0.0,39.98524,-84.0,-39.98524,8.0,0.0,39.52387,-100.0,-39.52387,56.0,118.8792,79.20150000000001,-100.0,-39.67766999999999,-44.0,23.80659,23.806600000000003,0.0,-15.871058999999999,8.0
4409,event_004409.csv,0.0,39.98524,-80.0,-39.98524,-36.0,0.0,39.52387,-88.0,-39.52387,-60.0,118.8792,79.20150000000001,-84.0,-39.67766999999999,-96.0,23.80659,23.806600000000003,0.0,-15.871058999999999,-68.0
4410,event_004410.csv,0.0,39.98524,-92.0,-39.98524,-68.0,0.0,39.52387,-8.0,-39.52387,-28.0,118.8792,79.20150000000001,-40.0,-39.67766999999999,-76.0,19.838825,27.774365000000003,0.0,-11.903293999999999,-76.0
4411,event_004411.csv,0.0,39.98524,-96.0,-39.98524,-52.0,0.0,39.52387,-80.0,-39.52387,-28.0,118.8792,118.8792,64.0,-79.35533,40.0,31.74213,15.871060000000003,0.0,-15.87107,16.0
4412,event_004412.csv,0.0,79.97047,52.0,-39.98524,-80.0,0.0,39.52387,-52.0,-39.52387,-88.0,118.8792,79.20150000000001,-40.0,-79.35533,-32.0,23.80659,23.806600000000003,0.0,-15.871058999999999,-36.0
4413,event_004413.csv,0.0,39.98524,-56.0,0.0,-100.0,0.0,39.52387,-96.0,-39.52387,-36.0,118.8792,79.20150000000001,48.0,-39.67766999999999,0.0,23.80659,23.806600000000003,0.0,-15.871058999999999,4.0
4414,event_004414.csv,0.0,39.98524,-48.0,-39.98524,96.0,0.0,39.52387,-100.0,-39.52387,-40.0,118.8792,3409.5108,8.0,-39.67766999999999,-96.0,0.0,55.54872,4.0,-7.935531,-20.0
4415,event_004415.csv,0.0,39.98524,-40.0,-39.98524,-96.0,0.0,39.52387,-84.0,-39.52387,-96.0,138.71800000000002,59.36269999999999,12.0,-59.51647000000001,116.0,23.80659,23.806600000000003,0.0,-15.871058999999999,-40.0
4416,event_004416.csv,0.0,39.98524,-72.0,0.0,-100.0,0.0,39.52387,-96.0,-39.52387,-44.0,118.8792,79.20150000000001,-40.0,-39.67766999999999,-76.0,23.80659,23.806600000000003,0.0,-15.871058999999999,-36.0
4417,event_004417.csv,0.0,39.98524,-100.0,-39.98524,36.0,0.0,39.52387,-72.0,-39.52387,124.0,118.8792,4598.917799999999,4.0,-39.67766999999999,-44.0,-7.935531,55.548721,0.0,-15.871058999999999,-60.0
4418,event_004418.csv,0.0,39.98524,-100.0,-39.98524,16.0,0.0,39.52387,-76.0,-39.52387,-64.0,158.5568,39.5239,-40.0,-79.35527,-12.0,23.80659,23.806600000000003,0.0,-15.871058999999999,-40.0
4419,event_004419.csv,0.0,39.98524,-52.0,-39.98524,-64.0,0.0,79.20153,24.0,-39.52387,-92.0,118.8792,118.8792,140.0,-39.67766999999999,-92.0,23.80659,23.806600000000003,0.0,-7.93553,-64.0
4420,event_004420.csv,0.0,39.98524,-76.0,0.0,-100.0,0.0,39.52387,-68.0,-39.52387,-88.0,138.71800000000002,59.36269999999999,-20.0,-99.19413000000002,80.0,23.80659,23.806600000000003,0.0,-15.871058999999999,68.0
4421,event_004421.csv,0.0,39.98524,-96.0,-39.98524,72.0,0.0,39.52387,-60.0,-39.52387,-88.0,118.8792,118.8792,16.0,-79.35533,36.0,23.80659,23.806600000000003,0.0,-15.871058999999999,20.0
4422,event_004422.csv,0.0,39.98524,-96.0,0.0,-100.0,0.0,39.52387,32.0,-39.52387,-20.0,118.8792,79.20150000000001,16.0,-39.67766999999999,92.0,23.80659,23.806600000000003,0.0,-15.871058999999999,20.0
4423,event_004423.csv,0.0,39.98524,-56.0,-39.98524,32.0,0.0,39.52387,-92.0,-39.52387,112.0,158.5568,39.5239,-72.0,-79.35527,-84.0,15.87106,31.742130000000003,0.0,-7.935529,-40.0
4424,event_004424.csv,0.0,39.98524,-84.0,-39.98524,-72.0,0.0,39.52387,-88.0,-39.52387,-52.0,118.8792,118.8792,64.0,-79.35533,40.0,23.80659,23.806600000000003,0.0,-15.871058999999999,32.0
4425,event_004425.csv,0.0,39.98524,-88.0,-39.98524,-64.0,0.0,39.52387,-84.0,-39.52387,-96.0,118.8792,79.20150000000001,100.0,-79.35533,120.0,23.80659,23.806600000000003,0.0,-15.871058999999999,-40.0
4426,event_004426.csv,0.0,39.98524,-92.0,-39.98524,-4.0,0.0,79.20153,-64.0,-39.52387,-20.0,118.8792,79.20150000000001,-28.0,-39.67766999999999,-4.0,15.87106,31.742130000000003,0.0,-23.806591,-40.0
4427,event_004427.csv,0.0,39.98524,-88.0,0.0,-100.0,0.0,39.52387,-96.0,-39.52387,-60.0,118.8792,79.20150000000001,8.0,-39.67766999999999,-92.0,23.80659,23.806600000000003,0.0,-15.871058999999999,-40.0
4428,event_004428.csv,0.0,39.98524,-72.0,-39.98524,-20.0,0.0,39.52387,-40.0,-39.52387,20.0,118.8792,158.55679999999998,52.0,-118.8792,76.0,23.80659,23.806600000000003,0.0,-15.871058999999999,-32.0
4429,event_004429.csv,0.0,39.98524,-72.0,0.0,-100.0,0.0,39.52387,-80.0,-39.52387,-68.0,118.8792,79.20150000000001,148.0,-39.67766999999999,-100.0,23.80659,23.806600000000003,0.0,-15.871058999999999,-36.0
4430,event_004430.csv,0.0,39.98524,-92.0,-39.98524,60.0,0.0,39.52387,-64.0,-39.52387,-60.0,118.8792,79.20150000000001,16.0,-79.35533,36.0,23.80659,23.806600000000003,0.0,-15.871058999999999,28.0
4431,event_004431.csv,0.0,39.98524,-32.0,-39.98524,68.0,0.0,39.52387,-96.0,-39.52387,-44.0,118.8792,79.20150000000001,-40.0,-79.35533,-12.0,23.80659,23.806600000000003,0.0,-15.871058999999999,-36.0
4432,event_004432.csv,0.0,39.98524,-60.0,-39.98524,172.0,0.0,39.52387,-24.0,-39.52387,0.0,118.8792,118.8792,-48.0,-39.67766999999999,28.0,27.77436,19.83883,0.0,-11.903300000000002,-52.0
4433,event_004433.csv,0.0,39.98524,-96.0,-39.98524,28.0,0.0,39.52387,-56.0,-39.52387,-100.0,118.8792,79.20150000000001,-28.0,-39.67766999999999,-72.0,15.87106,31.742130000000003,0.0,-7.935529,-52.0
4434,event_004434.csv,0.0,39.98524,-88.0,-39.98524,140.0,0.0,39.52387,-72.0,-39.52387,116.0,158.5568,79.20159999999998,148.0,-119.03293000000001,-12.0,23.80659,23.806600000000003,0.0,-7.93553,-52.0
4435,event_004435.csv,0.0,39.98524,-72.0,-39.98524,188.0,0.0,39.52387,-64.0,-39.52387,-100.0,118.8792,79.20150000000001,16.0,-79.35533,28.0,31.74213,15.871060000000003,0.0,-15.87107,-68.0
4436,event_004436.csv,0.0,39.98524,-92.0,-39.98524,184.0,0.0,39.52387,-92.0,-39.52387,-88.0,118.8792,118.8792,148.0,-39.67766999999999,-80.0,23.80659,23.806600000000003,0.0,-15.871058999999999,-36.0
4437,event_004437.csv,0.0,39.98524,-64.0,-39.98524,-76.0,0.0,39.52387,-96.0,-39.52387,-84.0,138.71800000000002,59.36269999999999,-64.0,-59.51647000000001,-16.0,23.80659,23.806600000000003,0.0,-7.93553,-64.0
4438,event_004438.csv,0.0,39.98524,-88.0,-39.98524,-28.0,0.0,39.52387,-56.0,-39.52387,-76.0,138.71800000000002,59.36269999999999,16.0,-99.19413000000002,36.0,23.80659,23.806600000000003,0.0,-7.93553,-52.0
4439,event_004439.csv,0.0,39.98524,-100.0,-39.98524,-8.0,0.0,39.52387,-52.0,-39.52387,-72.0,138.71800000000002,99.04039999999998,16.0,-99.19413000000002,36.0,23.80659,23.806600000000003,0.0,-15.871058999999999,16.0
4440,event_004440.csv,0.0,39.98524,-68.0,-39.98524,152.0,0.0,39.52387,52.0,-39.52387,-96.0,118.8792,79.20150000000001,92.0,-39.67766999999999,-60.0,23.80659,23.806600000000003,0.0,-7.93553,-52.0
4441,event_004441.csv,0.0,39.98524,-88.0,-39.98524,116.0,0.0,39.52387,-96.0,-39.52387,-100.0,118.8792,79.20150000000001,16.0,-39.67766999999999,-92.0,23.80659,23.806600000000003,0.0,-15.871058999999999,-40.0
4442,event_004442.csv,0.0,39.98524,-80.0,-39.98524,-88.0,0.0,39.52387,-60.0,-39.52387,-32.0,118.8792,79.20150000000001,8.0,-79.35533,36.0,23.80659,23.806600000000003,0.0,-7.93553,16.0
4443,event_004443.csv,0.0,39.98524,-72.0,-39.98524,144.0,0.0,39.52387,-100.0,-39.52387,-96.0,118.8792,79.20150000000001,20.0,-39.67766999999999,-52.0,23.80659,23.806600000000003,0.0,-15.871058999999999,-40.0
4444,event_004444.csv,0.0,39.98524,-8.0,0.0,-100.0,0.0,39.52387,-16.0,-39.52387,-84.0,118.8792,79.20150000000001,16.0,-79.35533,40.0,23.80659,23.806600000000003,0.0,-15.871058999999999,28.0
4445,event_004445.csv,0.0,39.98524,-52.0,-39.98524,20.0,0.0,39.52387,-64.0,-39.52387,-52.0,118.8792,79.20150000000001,-56.0,-39.67766999999999,-32.0,23.80659,23.806600000000003,0.0,-7.93553,4.0
4446,event_004446.csv,0.0,39.98524,-88.0,-39.98524,-52.0,0.0,39.52387,-88.0,-39.52387,-60.0,118.8792,79.20150000000001,-76.0,-79.35533,-100.0,23.80659,23.806600000000003,0.0,-15.871058999999999,-68.0
4447,event_004447.csv,0.0,39.98524,-96.0,-39.98524,-68.0,0.0,39.52387,32.0,-39.52387,-84.0,118.8792,79.20150000000001,8.0,-39.67766999999999,88.0,23.80659,23.806600000000003,0.0,-15.871058999999999,60.0
4448,event_004448.csv,0.0,39.98524,-68.0,-39.98524,100.0,0.0,39.52387,-100.0,-39.52387,-52.0,118.8792,79.20150000000001,-40.0,-39.67766999999999,-64.0,23.80659,23.806600000000003,0.0,-15.871058999999999,-40.0
4449,event_004449.csv,0.0,39.98524,-88.0,-39.98524,156.0,0.0,39.52387,-72.0,-39.52387,-44.0,118.8792,79.20150000000001,16.0,-79.35533,36.0,23.80659,23.806600000000003,0.0,-15.871058999999999,28.0
4450,event_004450.csv,0.0,39.98524,0.0,-39.98524,-76.0,0.0,39.52387,-96.0,-39.52387,12.0,118.8792,118.8792,8.0,-79.35533,-96.0,15.87106,31.742130000000003,0.0,-15.87106,-52.0
4451,event_004451.csv,0.0,39.98524,-84.0,-39.98524,144.0,0.0,39.52387,-100.0,-39.52387,-88.0,118.8792,79.20150000000001,24.0,-39.67766999999999,-20.0,23.80659,23.806600000000003,0.0,-7.93553,-48.0
4452,event_004452.csv,0.0,39.98524,-44.0,0.0,-100.0,0.0,39.52387,-96.0,-39.52387,-28.0,138.71800000000002,59.36269999999999,84.0,-59.51647000000001,-92.0,23.80659,23.806600000000003,0.0,-15.871058999999999,-52.0
4453,event_004453.csv,0.0,39.98524,-84.0,-39.98524,-40.0,0.0,39.52387,-100.0,-39.52387,32.0,118.8792,79.20150000000001,8.0,-79.35533,124.0,23.80659,23.806600000000003,0.0,-15.871058999999999,-40.0
4454,event_004454.csv,0.0,39.98524,-24.0,-39.98524,12.0,0.0,39.52387,-24.0,-39.52387,-76.0,118.8792,79.20150000000001,20.0,-39.67766999999999,-88.0,23.80659,23.806600000000003,0.0,-15.871058999999999,20.0
4455,event_004455.csv,0.0,39.98524,-88.0,0.0,-100.0,0.0,39.52387,-88.0,-39.52387,12.0,118.8792,118.8792,60.0,-79.35533,36.0,23.80659,23.806600000000003,0.0,-15.871058999999999,28.0
4456,event_004456.csv,0.0,39.98524,-88.0,-39.98524,-96.0,0.0,39.52387,-68.0,-39.52387,-80.0,118.8792,118.8792,8.0,-39.67766999999999,-80.0,23.80659,23.806600000000003,0.0,-7.93553,-52.0
4457,event_004457.csv,0.0,39.98524,-88.0,0.0,-100.0,0.0,39.52387,-68.0,-39.52387,-88.0,118.8792,79.20150000000001,8.0,-79.35533,-16.0,23.80659,23.806600000000003,0.0,-23.80659,-40.0
4458,event_004458.csv,0.0,39.98524,-12.0,-39.98524,-56.0,0.0,79.20153,188.0,-39.52387,-32.0,118.8792,79.20150000000001,12.0,-39.67766999999999,-16.0,23.80659,23.806600000000003,0.0,-7.93553,-60.0
4459,event_004459.csv,0.0,79.97047,12.0,-39.98524,136.0,0.0,39.52387,-100.0,-39.52387,-52.0,118.8792,39.67760000000001,-84.0,-39.67766999999999,-8.0,23.80659,23.806600000000003,0.0,-7.93553,-40.0
4460,event_004460.csv,0.0,39.98524,-64.0,-39.98524,-88.0,0.0,39.52387,-44.0,-39.52387,-32.0,118.8792,79.20150000000001,12.0,-79.35533,168.0,23.80659,23.806600000000003,0.0,-15.871058999999999,-40.0
4461,event_004461.csv,0.0,39.98524,-96.0,-39.98524,84.0,0.0,39.52387,-32.0,-39.52387,-76.0,158.5568,39.5239,-52.0,-79.35527,-24.0,23.80659,23.806600000000003,0.0,-7.93553,-52.0
4462,event_004462.csv,0.0,39.98524,-36.0,-39.98524,136.0,0.0,39.52387,-76.0,-39.52387,-40.0,158.5568,39.5239,-48.0,-79.35527,-64.0,23.80659,23.806600000000003,0.0,-15.871058999999999,-40.0
4463,event_004463.csv,0.0,39.98524,-100.0,-39.98524,56.0,0.0,39.52387,-52.0,-39.52387,-96.0,118.8792,4881.1208,4.0,-39.67766999999999,-100.0,0.0,63.51501,4.0,-15.87106,-16.0
4464,event_004464.csv,0.0,39.98524,-68.0,-39.98524,32.0,0.0,39.52387,-64.0,-39.52387,-28.0,118.8792,79.20150000000001,140.0,-39.67766999999999,-92.0,23.80659,23.806600000000003,0.0,-15.871058999999999,-52.0
4465,event_004465.csv,0.0,39.98524,-96.0,-39.98524,76.0,0.0,39.52387,-56.0,-39.52387,-92.0,118.8792,79.20150000000001,16.0,-39.67766999999999,-36.0,23.80659,23.806600000000003,0.0,-7.93553,-100.0
4466,event_004466.csv,0.0,39.98524,-96.0,0.0,-100.0,0.0,39.52387,-80.0,-39.52387,-92.0,118.8792,79.20150000000001,8.0,-79.35533,40.0,31.74213,23.806590000000003,0.0,-23.806599,20.0
4467,event_004467.csv,0.0,39.98524,-64.0,-39.98524,52.0,0.0,39.52387,8.0,-39.52387,-20.0,118.8792,118.8792,156.0,-79.35533,-4.0,23.80659,23.806600000000003,0.0,-15.871058999999999,156.0
4468,event_004468.csv,0.0,39.98524,-88.0,-39.98524,-52.0,0.0,79.20153,172.0,-39.52387,8.0,118.8792,39.67760000000001,-92.0,-79.35533,0.0,23.80659,23.806600000000003,0.0,-15.871058999999999,20.0
4469,event_004469.csv,0.0,39.98524,-92.0,-39.98524,16.0,0.0,39.52387,-100.0,-39.52387,184.0,118.8792,79.20150000000001,-28.0,-39.67766999999999,-72.0,23.80659,23.806600000000003,0.0,-7.93553,-80.0
4470,event_004470.csv,0.0,39.98524,32.0,-39.98524,116.0,0.0,39.52387,-64.0,-39.52387,-84.0,118.8792,79.20150000000001,8.0,-79.35533,32.0,19.838825,27.774365000000003,0.0,-11.903293999999999,8.0
4471,event_004471.csv,0.0,39.98524,-84.0,0.0,-100.0,0.0,79.20153,40.0,-39.52387,-68.0,158.5568,39.5239,-96.0,-79.35527,-44.0,23.80659,23.806600000000003,0.0,-7.93553,-92.0
4472,event_004472.csv,0.0,39.98524,-96.0,-39.98524,108.0,0.0,39.52387,-24.0,-39.52387,-92.0,118.8792,39.67760000000001,-40.0,-39.67766999999999,-100.0,23.80659,23.806600000000003,0.0,-7.93553,-48.0
4473,event_004473.csv,0.0,39.98524,-40.0,-39.98524,140.0,0.0,39.52387,24.0,-39.52387,-100.0,118.8792,79.20150000000001,-64.0,-79.35533,76.0,23.80659,23.806600000000003,0.0,-15.871058999999999,24.0
4474,event_004474.csv,0.0,39.98524,-72.0,-39.98524,52.0,0.0,39.52387,-88.0,-39.52387,-52.0,158.5568,0.0,-100.0,-79.35527,-80.0,23.80659,23.806600000000003,0.0,-7.93553,-52.0
4475,event_004475.csv,0.0,39.98524,-96.0,-39.98524,-84.0,0.0,39.52387,-16.0,-39.52387,-44.0,118.8792,79.20150000000001,8.0,-39.67766999999999,-36.0,23.80659,23.806600000000003,0.0,-15.871058999999999,-52.0
4476,event_004476.csv,0.0,39.98524,-92.0,-39.98524,8.0,0.0,39.52387,-76.0,-39.52387,-64.0,118.8792,79.20150000000001,144.0,-39.67766999999999,-92.0,23.80659,23.806600000000003,0.0,-15.871058999999999,-40.0
4477,event_004477.csv,0.0,39.98524,-88.0,0.0,-100.0,0.0,79.20153,-72.0,-39.52387,-100.0,118.8792,79.20150000000001,-40.0,-39.67766999999999,-80.0,15.87106,31.742130000000003,0.0,-7.935529,-40.0
4478,event_004478.csv,0.0,39.98524,-44.0,-39.98524,-64.0,0.0,39.52387,-76.0,-39.52387,-32.0,118.8792,79.20150000000001,-76.0,-39.67766999999999,-100.0,23.80659,23.806600000000003,0.0,-7.93553,-40.0
4479,event_004479.csv,0.0,39.98524,-100.0,-39.98524,-16.0,0.0,39.52387,-88.0,-39.52387,-68.0,118.8792,79.20150000000001,12.0,-79.35533,36.0,23.80659,23.806600000000003,0.0,-7.93553,-48.0
4480,event_004480.csv,0.0,39.98524,-64.0,0.0,-100.0,0.0,39.52387,-88.0,-39.52387,-52.0,118.8792,79.20150000000001,12.0,-79.35533,172.0,23.80659,23.806600000000003,0.0,-15.871058999999999,-36.0
4481,event_004481.csv,0.0,39.98524,-84.0,-39.98524,-44.0,0.0,39.52387,-96.0,-39.52387,-52.0,118.8792,79.20150000000001,136.0,-39.67766999999999,-92.0,23.80659,23.806600000000003,0.0,-15.871058999999999,20.0
4482,event_004482.csv,0.0,39.98524,-96.0,-39.98524,-72.0,0.0,39.52387,-72.0,-39.52387,-4.0,158.5568,79.20159999999998,-96.0,-79.35527,-20.0,23.80659,23.806600000000003,0.0,-15.871058999999999,-40.0
4483,event_004483.csv,0.0,39.98524,-72.0,-39.98524,-68.0,0.0,39.52387,-64.0,-39.52387,-60.0,118.8792,79.20150000000001,-96.0,-39.67766999999999,-20.0,15.87106,31.742130000000003,0.0,-15.87106,20.0
4484,event_004484.csv,0.0,39.98524,-80.0,-39.98524,-84.0,0.0,39.52387,-24.0,-39.52387,-84.0,158.5568,39.5239,-80.0,-119.03293000000001,-100.0,23.80659,23.806600000000003,0.0,-7.93553,-68.0
4485,event_004485.csv,0.0,39.98524,-76.0,0.0,-100.0,0.0,39.52387,-92.0,-39.52387,-96.0,118.8792,118.8792,8.0,-79.35533,-12.0,23.80659,23.806600000000003,0.0,-15.871058999999999,20.0
4486,event_004486.csv,0.0,39.98524,-96.0,-39.98524,-36.0,0.0,39.52387,-32.0,-39.52387,-100.0,118.8792,79.20150000000001,8.0,-79.35533,-4.0,23.80659,23.806600000000003,0.0,-23.80659,28.0
4487,event_004487.csv,0.0,39.98524,-56.0,-39.98524,-84.0,0.0,39.52387,-88.0,-39.52387,-28.0,118.8792,118.8792,-80.0,-39.67766999999999,-100.0,23.80659,31.742130000000003,0.0,-15.871058999999999,16.0
4488,event_004488.csv,0.0,39.98524,-84.0,-39.98524,-8.0,0.0,39.52387,-44.0,-39.52387,-72.0,138.71800000000002,59.36269999999999,-40.0,-59.51647000000001,-12.0,23.80659,23.806600000000003,0.0,-15.871058999999999,8.0
4489,event_004489.csv,0.0,39.98524,-100.0,0.0,-96.0,0.0,39.52387,-80.0,-39.52387,-52.0,118.8792,79.20150000000001,-72.0,-39.67766999999999,-96.0,23.80659,23.806600000000003,0.0,-15.871058999999999,-64.0
4490,event_004490.csv,0.0,39.98524,-76.0,-39.98524,68.0,0.0,39.52387,-80.0,-39.52387,-76.0,118.8792,79.20150000000001,-40.0,-39.67766999999999,-68.0,23.80659,23.806600000000003,0.0,-23.80659,20.0
4491,event_004491.csv,0.0,39.98524,-100.0,-39.98524,-76.0,0.0,79.20153,-16.0,0.0,-96.0,158.5568,39.5239,60.0,-79.35527,-96.0,23.80659,23.806600000000003,0.0,-7.93553,-52.0
4492,event_004492.csv,0.0,39.98524,-100.0,-39.98524,0.0,0.0,39.52387,-36.0,-39.52387,-96.0,118.8792,118.8792,-68.0,-79.35533,-8.0,23.80659,23.806600000000003,0.0,-15.871058999999999,-60.0
4493,event_004493.csv,0.0,39.98524,-80.0,-39.98524,92.0,0.0,39.52387,-96.0,-39.52387,28.0,118.8792,79.20150000000001,100.0,-79.35533,168.0,23.80659,23.806600000000003,0.0,-15.871058999999999,-40.0
4494,event_004494.csv,0.0,39.98524,-44.0,-39.98524,16.0,0.0,39.52387,-68.0,-39.52387,-16.0,118.8792,79.20150000000001,12.0,-39.67766999999999,-96.0,27.77436,19.83883,0.0,-19.838829,-36.0
4495,event_004495.csv,0.0,39.98524,-60.0,-39.98524,-88.0,0.0,39.52387,4.0,-39.52387,16.0,118.8792,79.20150000000001,104.0,-39.67766999999999,-12.0,23.80659,23.806600000000003,0.0,-15.871058999999999,-8.0
4496,event_004496.csv,0.0,39.98524,-24.0,-39.98524,-32.0,0.0,79.20153,48.0,-39.52387,-52.0,118.8792,79.20150000000001,-88.0,-39.67766999999999,-44.0,23.80659,23.806600000000003,0.0,-15.871058999999999,64.0
4497,event_004497.csv,0.0,39.98524,-12.0,-39.98524,-92.0,0.0,79.20153,0.0,-39.52387,156.0,118.8792,79.20150000000001,-88.0,-39.67766999999999,-76.0,19.838825,27.774365000000003,0.0,-19.838825,-36.0
4498,event_004498.csv,0.0,39.98524,-100.0,-39.98524,40.0,0.0,39.52387,-92.0,-39.52387,104.0,118.8792,79.20150000000001,-36.0,-39.67766999999999,-76.0,23.80659,23.806600000000003,0.0,-15.871058999999999,-52.0
4499,event_004499.csv,0.0,39.98524,-72.0,0.0,-100.0,0.0,39.52387,-56.0,-39.52387,-60.0,118.8792,39.67760000000001,-88.0,-39.67766999999999,-96.0,23.80659,23.806600000000003,0.0,-7.93553,-72.0
4500,event_004500.csv,0.0,39.98524,-100.0,-39.98524,-28.0,0.0,39.52387,-32.0,-39.52387,28.0,118.8792,79.20150000000001,-40.0,-39.67766999999999,-76.0,19.838825,27.774365000000003,0.0,-11.903293999999999,-92.0
4501,event_004501.csv,0.0,39.98524,-96.0,0.0,-100.0,0.0,39.52387,-76.0,-39.52387,-80.0,118.8792,79.20150000000001,-52.0,-39.67766999999999,-56.0,23.80659,23.806600000000003,0.0,-15.871058999999999,-40.0
4502,event_004502.csv,0.0,39.98524,-56.0,-39.98524,72.0,0.0,39.52387,-28.0,-39.52387,-32.0,118.8792,79.20150000000001,-52.0,-39.67766999999999,-76.0,23.80659,23.806600000000003,0.0,-15.871058999999999,-36.0
4503,event_004503.csv,0.0,39.98524,-100.0,-39.98524,136.0,0.0,39.52387,-92.0,-39.52387,72.0,118.8792,118.8792,12.0,-39.67766999999999,-100.0,23.80659,23.806600000000003,0.0,-15.871058999999999,20.0
4504,event_004504.csv,0.0,39.98524,-84.0,-39.98524,-32.0,0.0,39.52387,20.0,-39.52387,-40.0,118.8792,118.8792,-76.0,-79.35533,32.0,23.80659,23.806600000000003,0.0,-15.871058999999999,-64.0
4505,event_004505.csv,0.0,39.98524,-64.0,-39.98524,-32.0,0.0,79.20153,-96.0,-39.52387,-28.0,118.8792,118.8792,12.0,-118.8792,36.0,23.80659,23.806600000000003,0.0,-15.871058999999999,28.0
4506,event_004506.csv,0.0,39.98524,-96.0,-39.98524,-28.0,0.0,39.52387,-24.0,-39.52387,-44.0,118.8792,79.20150000000001,-96.0,-39.67766999999999,-60.0,23.80659,23.806600000000003,0.0,-15.871058999999999,-40.0
4507,event_004507.csv,0.0,39.98524,-76.0,-39.98524,-60.0,0.0,39.52387,-40.0,-39.52387,-60.0,118.8792,79.20150000000001,-32.0,-79.35533,36.0,23.80659,23.806600000000003,0.0,-7.93553,-92.0
4508,event_004508.csv,0.0,39.98524,-88.0,0.0,-100.0,0.0,39.52387,-96.0,-39.52387,-44.0,138.71800000000002,59.36269999999999,64.0,-59.51647000000001,-68.0,23.80659,23.806600000000003,0.0,-15.871058999999999,20.0
4509,event_004509.csv,0.0,39.98524,-76.0,0.0,-100.0,0.0,39.52387,44.0,-39.52387,-64.0,118.8792,79.20150000000001,-20.0,-39.67766999999999,-12.0,23.80659,23.806600000000003,0.0,-15.871058999999999,-36.0
4510,event_004510.csv,0.0,39.98524,-64.0,-39.98524,-84.0,0.0,39.52387,-96.0,-39.52387,-52.0,118.8792,79.20150000000001,-40.0,-79.35533,180.0,23.80659,23.806600000000003,0.0,-7.93553,-92.0
4511,event_004511.csv,0.0,39.98524,-100.0,-39.98524,152.0,0.0,39.52387,-100.0,-39.52387,24.0,118.8792,79.20150000000001,-32.0,-39.67766999999999,-16.0,23.80659,23.806600000000003,0.0,-15.871058999999999,-40.0
4512,event_004512.csv,0.0,39.98524,-96.0,0.0,-100.0,0.0,39.52387,-56.0,-39.52387,-84.0,118.8792,79.20150000000001,-28.0,-79.35533,172.0,15.87106,31.742130000000003,0.0,-7.935529,-52.0
4513,event_004513.csv,0.0,39.98524,-100.0,0.0,-96.0,0.0,39.52387,-100.0,-39.52387,-72.0,118.8792,79.20150000000001,-92.0,-79.35533,44.0,23.80659,23.806600000000003,0.0,-7.93553,-48.0
4514,event_004514.csv,0.0,39.98524,-100.0,-39.98524,56.0,0.0,39.52387,-100.0,-39.52387,16.0,138.71800000000002,59.36269999999999,92.0,-59.51647000000001,-20.0,23.80659,23.806600000000003,0.0,-7.93553,-96.0
4515,event_004515.csv,0.0,39.98524,-80.0,-39.98524,-4.0,0.0,39.52387,-56.0,-39.52387,-28.0,118.8792,79.20150000000001,144.0,-39.67766999999999,-76.0,31.74213,15.871060000000003,0.0,-15.87107,-52.0
4516,event_004516.csv,0.0,39.98524,-80.0,-39.98524,72.0,0.0,39.52387,-12.0,-39.52387,-40.0,118.8792,79.20150000000001,12.0,-79.35533,-12.0,23.80659,23.806600000000003,0.0,-23.80659,-40.0
4517,event_004517.csv,0.0,39.98524,-100.0,-39.98524,-40.0,0.0,39.52387,-100.0,-39.52387,-80.0,158.5568,39.5239,-68.0,-119.03293000000001,32.0,23.80659,23.806600000000003,0.0,-15.871058999999999,-40.0
4518,event_004518.csv,0.0,39.98524,-92.0,-39.98524,-56.0,0.0,39.52387,-4.0,-39.52387,-88.0,118.8792,79.20150000000001,-40.0,-79.35533,124.0,27.77436,19.83883,0.0,-11.903300000000002,-48.0
4519,event_004519.csv,0.0,39.98524,-96.0,0.0,-100.0,0.0,39.52387,-88.0,-39.52387,-76.0,138.71800000000002,99.04039999999998,148.0,-59.51647000000001,-8.0,23.80659,23.806600000000003,0.0,-23.80659,20.0
4520,event_004520.csv,0.0,39.98524,-92.0,-39.98524,-36.0,0.0,39.52387,-24.0,-39.52387,-12.0,118.8792,118.8792,16.0,-79.35533,40.0,31.74213,15.871060000000003,0.0,-23.806599,28.0
4521,event_004521.csv,0.0,39.98524,-92.0,-39.98524,0.0,0.0,39.52387,-4.0,-39.52387,8.0,158.5568,39.5239,20.0,-79.35527,-48.0,23.80659,23.806600000000003,0.0,-7.93553,-60.0
4522,event_004522.csv,0.0,39.98524,-92.0,-39.98524,56.0,0.0,39.52387,-32.0,-39.52387,-44.0,118.8792,79.20150000000001,8.0,-39.67766999999999,-100.0,23.80659,23.806600000000003,0.0,-7.93553,-52.0
4523,event_004523.csv,0.0,39.98524,-56.0,-39.98524,-20.0,0.0,39.52387,-48.0,-39.52387,-12.0,118.8792,79.20150000000001,-32.0,-39.67766999999999,-100.0,23.80659,23.806600000000003,0.0,-15.871058999999999,-64.0
4524,event_004524.csv,0.0,39.98524,-76.0,-39.98524,112.0,0.0,39.52387,28.0,-39.52387,-88.0,118.8792,118.8792,52.0,-118.8792,36.0,23.80659,23.806600000000003,0.0,-15.871058999999999,8.0
4525,event_004525.csv,0.0,39.98524,-60.0,0.0,-100.0,0.0,39.52387,-84.0,-39.52387,-80.0,118.8792,118.8792,140.0,-39.67766999999999,-60.0,23.80659,23.806600000000003,0.0,-7.93553,-96.0
4526,event_004526.csv,0.0,39.98524,-88.0,-39.98524,148.0,0.0,39.52387,-88.0,-39.52387,-52.0,118.8792,79.20150000000001,152.0,-39.67766999999999,-100.0,23.80659,23.806600000000003,0.0,-15.871058999999999,-60.0
4527,event_004527.csv,0.0,39.98524,-20.0,-39.98524,-32.0,0.0,39.52387,-84.0,-39.52387,-32.0,118.8792,79.20150000000001,-100.0,-79.35533,104.0,31.74213,15.871060000000003,0.0,-15.87107,-40.0
4528,event_004528.csv,0.0,39.98524,-84.0,-39.98524,16.0,0.0,39.52387,-100.0,-39.52387,24.0,158.5568,39.5239,8.0,-79.35527,-84.0,23.80659,23.806600000000003,0.0,-15.871058999999999,-40.0
4529,event_004529.csv,0.0,39.98524,-96.0,-39.98524,52.0,0.0,39.52387,-64.0,-39.52387,-100.0,118.8792,79.20150000000001,60.0,-39.67766999999999,-80.0,23.80659,23.806600000000003,0.0,-15.871058999999999,-36.0
4530,event_004530.csv,0.0,39.98524,-92.0,0.0,-100.0,0.0,39.52387,-88.0,-39.52387,20.0,118.8792,79.20150000000001,56.0,-39.67766999999999,-52.0,23.80659,23.806600000000003,0.0,-15.871058999999999,-40.0
4531,event_004531.csv,0.0,39.98524,-92.0,-39.98524,-8.0,0.0,39.52387,-92.0,-39.52387,48.0,158.5568,118.87919999999997,92.0,-119.03293000000001,112.0,23.80659,23.806600000000003,0.0,-15.871058999999999,-36.0
4532,event_004532.csv,0.0,39.98524,-64.0,-39.98524,-100.0,0.0,39.52387,-40.0,-39.52387,-100.0,118.8792,118.8792,64.0,-79.35533,44.0,23.80659,23.806600000000003,0.0,-15.871058999999999,28.0
4533,event_004533.csv,0.0,39.98524,-92.0,-39.98524,0.0,0.0,39.52387,-100.0,-39.52387,24.0,118.8792,79.20150000000001,-28.0,-79.35533,-8.0,23.80659,23.806600000000003,0.0,-15.871058999999999,-36.0
4534,event_004534.csv,0.0,39.98524,-88.0,-39.98524,112.0,0.0,39.52387,-92.0,-39.52387,8.0,118.8792,277.43600000000004,-40.0,-79.35533,132.0,23.80659,23.806600000000003,0.0,-7.93553,-96.0
4535,event_004535.csv,0.0,39.98524,-68.0,-39.98524,-40.0,0.0,39.52387,-96.0,-39.52387,-84.0,158.5568,79.20159999999998,144.0,-79.35527,-8.0,23.80659,23.806600000000003,0.0,-15.871058999999999,-52.0
4536,event_004536.csv,0.0,39.98524,-76.0,-39.98524,112.0,0.0,39.52387,-100.0,-39.52387,-40.0,118.8792,79.20150000000001,-28.0,-39.67766999999999,-96.0,23.80659,23.806600000000003,0.0,-15.871058999999999,-40.0
4537,event_004537.csv,0.0,39.98524,-88.0,-79.97047,-20.0,0.0,39.52387,-32.0,-39.52387,-92.0,118.8792,79.20150000000001,8.0,-39.67766999999999,-92.0,27.77436,19.83883,0.0,-19.838829,-40.0
4538,event_004538.csv,0.0,39.98524,-96.0,-39.98524,-20.0,0.0,79.20153,-24.0,-39.52387,-60.0,118.8792,79.20150000000001,20.0,-39.67766999999999,-4.0,23.80659,23.806600000000003,0.0,-23.80659,-36.0
4539,event_004539.csv,0.0,79.97047,-68.0,-39.98524,72.0,0.0,39.52387,-92.0,-39.52387,-36.0,118.8792,79.20150000000001,140.0,-39.67766999999999,-48.0,23.80659,23.806600000000003,0.0,-7.93553,-80.0
4540,event_004540.csv,0.0,39.98524,-60.0,-39.98524,-48.0,0.0,39.52387,-84.0,-39.52387,-80.0,118.8792,79.20150000000001,8.0,-39.67766999999999,-96.0,23.80659,23.806600000000003,0.0,-7.93553,-88.0
4541,event_004541.csv,0.0,39.98524,-100.0,-39.98524,56.0,0.0,39.52387,24.0,-39.52387,-84.0,158.5568,39.5239,64.0,-79.35527,-100.0,23.80659,23.806600000000003,0.0,-15.871058999999999,20.0
4542,event_004542.csv,0.0,39.98524,-84.0,0.0,-100.0,0.0,39.52387,-68.0,-39.52387,-16.0,158.5568,39.5239,-100.0,-119.03293000000001,40.0,23.80659,23.806600000000003,0.0,-15.871058999999999,-48.0
4543,event_004543.csv,0.0,39.98524,-80.0,0.0,-100.0,0.0,39.52387,-80.0,-39.52387,-60.0,118.8792,79.20150000000001,-32.0,-39.67766999999999,-8.0,23.80659,23.806600000000003,0.0,-15.871058999999999,-100.0
4544,event_004544.csv,0.0,39.98524,-92.0,-39.98524,92.0,0.0,39.52387,-96.0,-39.52387,-76.0,118.8792,118.8792,12.0,-79.35533,-12.0,23.80659,23.806600000000003,0.0,-15.871058999999999,-52.0
4545,event_004545.csv,0.0,39.98524,-80.0,-39.98524,-76.0,0.0,39.52387,-64.0,-39.52387,-44.0,118.8792,79.20150000000001,12.0,-39.67766999999999,-8.0,23.80659,23.806600000000003,0.0,-15.871058999999999,-36.0
4546,event_004546.csv,0.0,39.98524,-92.0,-39.98524,164.0,0.0,39.52387,-56.0,-39.52387,-100.0,118.8792,79.20150000000001,-20.0,-79.35533,140.0,31.74213,15.871060000000003,0.0,-15.87107,4.0
4547,event_004547.csv,0.0,39.98524,-80.0,-39.98524,60.0,0.0,79.20153,-32.0,-39.52387,36.0,118.8792,79.20150000000001,-96.0,-79.35533,172.0,23.80659,31.742130000000003,0.0,-7.93553,-48.0
4548,event_004548.csv,0.0,79.97047,152.0,-39.98524,-16.0,0.0,39.52387,-84.0,-39.52387,-88.0,118.8792,118.8792,-28.0,-79.35533,120.0,23.80659,23.806600000000003,0.0,-15.871058999999999,-40.0
4549,event_004549.csv,0.0,39.98524,-88.0,-39.98524,148.0,0.0,39.52387,-16.0,-39.52387,-36.0,118.8792,79.20150000000001,88.0,-39.67766999999999,-88.0,23.80659,23.806600000000003,0.0,-15.871058999999999,-36.0
4550,event_004550.csv,0.0,39.98524,-76.0,-39.98524,-40.0,0.0,39.52387,-92.0,-39.52387,-96.0,118.8792,79.20150000000001,-28.0,-39.67766999999999,124.0,23.80659,23.806600000000003,0.0,-23.80659,-40.0
4551,event_004551.csv,0.0,39.98524,-16.0,-39.98524,-52.0,0.0,39.52387,40.0,-39.52387,-28.0,158.5568,39.5239,12.0,-79.35527,-8.0,23.80659,23.806600000000003,0.0,-15.871058999999999,20.0
4552,event_004552.csv,0.0,39.98524,-92.0,-39.98524,60.0,0.0,39.52387,-96.0,-39.52387,-12.0,118.8792,79.20150000000001,-12.0,-79.35533,36.0,23.80659,23.806600000000003,0.0,-7.93553,-100.0
4553,event_004553.csv,0.0,39.98524,-88.0,-39.98524,-16.0,0.0,39.52387,-100.0,-39.52387,-96.0,138.71800000000002,59.36269999999999,-28.0,-59.51647000000001,-100.0,23.80659,23.806600000000003,0.0,-15.871058999999999,-48.0
4554,event_004554.csv,0.0,39.98524,-40.0,-39.98524,92.0,0.0,39.52387,-64.0,-39.52387,-92.0,118.8792,79.20150000000001,8.0,-39.67766999999999,-32.0,15.87106,31.742130000000003,0.0,-7.935529,-64.0
4555,event_004555.csv,0.0,39.98524,-88.0,0.0,-100.0,0.0,39.52387,-84.0,-39.52387,-64.0,158.5568,39.5239,-40.0,-79.35527,32.0,15.87106,31.742130000000003,0.0,-7.935529,-52.0
4556,event_004556.csv,0.0,39.98524,-100.0,-39.98524,36.0,0.0,39.52387,-96.0,-39.52387,-68.0,118.8792,79.20150000000001,-40.0,-39.67766999999999,32.0,23.80659,23.806600000000003,0.0,-15.871058999999999,-36.0
4557,event_004557.csv,0.0,39.98524,-72.0,-39.98524,-76.0,0.0,39.52387,-56.0,-39.52387,-52.0,118.8792,118.8792,8.0,-79.35533,-12.0,23.80659,23.806600000000003,0.0,-15.871058999999999,-60.0
4558,event_004558.csv,0.0,39.98524,-92.0,-39.98524,-80.0,0.0,39.52387,-84.0,-39.52387,-64.0,118.8792,79.20150000000001,12.0,-79.35533,36.0,23.80659,23.806600000000003,0.0,-15.871058999999999,32.0
4559,event_004559.csv,0.0,39.98524,-88.0,-39.98524,20.0,0.0,39.52387,-80.0,-39.52387,-12.0,118.8792,79.20150000000001,8.0,-39.67766999999999,-92.0,31.74213,15.871060000000003,0.0,-15.87107,-20.0
4560,event_004560.csv,0.0,39.98524,-100.0,-39.98524,84.0,0.0,39.52387,-96.0,-39.52387,-60.0,118.8792,118.8792,12.0,-79.35533,32.0,23.80659,23.806600000000003,0.0,-15.871058999999999,24.0
4561,event_004561.csv,0.0,39.98524,-96.0,-39.98524,12.0,0.0,39.52387,-100.0,-39.52387,76.0,118.8792,118.8792,16.0,-79.35533,-8.0,31.74213,15.871060000000003,0.0,-23.806599,-20.0
4562,event_004562.csv,0.0,39.98524,-88.0,-39.98524,-20.0,0.0,39.52387,-56.0,-39.52387,20.0,118.8792,118.8792,52.0,-39.67766999999999,-60.0,23.80659,31.742130000000003,32.0,-15.871058999999999,52.0
4563,event_004563.csv,0.0,39.98524,-68.0,-39.98524,-16.0,0.0,39.52387,-20.0,-39.52387,-24.0,118.8792,118.8792,160.0,-79.35533,80.0,23.80659,23.806600000000003,0.0,-7.93553,-40.0
4564,event_004564.csv,0.0,39.98524,-48.0,-39.98524,-60.0,0.0,39.52387,-80.0,-39.52387,-100.0,118.8792,79.20150000000001,-40.0,-39.67766999999999,36.0,23.80659,23.806600000000003,0.0,-15.871058999999999,-40.0
4565,event_004565.csv,0.0,39.98524,-8.0,-39.98524,28.0,0.0,39.52387,-96.0,-39.52387,-28.0,118.8792,79.20150000000001,-88.0,-79.35533,-60.0,23.80659,23.806600000000003,0.0,-15.871058999999999,-36.0
4566,event_004566.csv,0.0,39.98524,-100.0,-39.98524,-4.0,0.0,39.52387,-16.0,-39.52387,-76.0,118.8792,79.20150000000001,-32.0,-39.67766999999999,-8.0,23.80659,23.806600000000003,0.0,-7.93553,-100.0
4567,event_004567.csv,0.0,39.98524,16.0,-39.98524,-20.0,0.0,79.20153,200.0,-39.52387,-92.0,158.5568,39.5239,16.0,-79.35527,-12.0,23.80659,31.742130000000003,0.0,-23.80659,-28.0
4568,event_004568.csv,0.0,39.98524,-100.0,0.0,-96.0,0.0,39.52387,-76.0,-39.52387,-68.0,118.8792,317.1137,4.0,-39.67766999999999,-96.0,31.74213,15.871060000000003,0.0,-15.87107,-20.0
4569,event_004569.csv,0.0,39.98524,-100.0,-39.98524,-52.0,0.0,39.52387,-56.0,-39.52387,-24.0,158.5568,39.5239,-28.0,-79.35527,-8.0,23.80659,23.806600000000003,0.0,-23.80659,-40.0
4570,event_004570.csv,0.0,39.98524,-48.0,-39.98524,-76.0,0.0,39.52387,-72.0,-39.52387,-44.0,118.8792,79.20150000000001,-64.0,-79.35533,44.0,23.80659,23.806600000000003,0.0,-15.871058999999999,-36.0
4571,event_004571.csv,0.0,39.98524,-80.0,-39.98524,116.0,0.0,79.20153,0.0,-39.52387,-100.0,118.8792,79.20150000000001,8.0,-39.67766999999999,-20.0,23.80659,23.806600000000003,0.0,-15.871058999999999,-40.0
4572,event_004572.csv,0.0,39.98524,-68.0,-39.98524,168.0,0.0,39.52387,-72.0,-39.52387,-44.0,118.8792,118.8792,196.0,-118.8792,180.0,23.80659,23.806600000000003,0.0,-23.80659,-36.0
4573,event_004573.csv,0.0,39.98524,-96.0,-39.98524,108.0,0.0,39.52387,-16.0,-39.52387,-76.0,118.8792,79.20150000000001,16.0,-39.67766999999999,-72.0,23.80659,23.806600000000003,0.0,-15.871058999999999,-20.0
4574,event_004574.csv,0.0,39.98524,-64.0,0.0,-100.0,0.0,39.52387,-72.0,-39.52387,-92.0,118.8792,79.20150000000001,-28.0,-39.67766999999999,-100.0,15.87106,31.742130000000003,0.0,-15.87106,20.0
4575,event_004575.csv,0.0,39.98524,-72.0,0.0,-100.0,0.0,39.52387,-96.0,-39.52387,-84.0,118.8792,79.20150000000001,-24.0,-79.35533,36.0,23.80659,23.806600000000003,0.0,-15.871058999999999,28.0
4576,event_004576.csv,0.0,39.98524,-44.0,-39.98524,-40.0,0.0,39.52387,-12.0,-39.52387,-64.0,138.71800000000002,297.2749,8.0,-59.51647000000001,124.0,23.80659,23.806600000000003,0.0,-7.93553,-40.0
4577,event_004577.csv,0.0,39.98524,-40.0,-39.98524,68.0,0.0,39.52387,8.0,-39.52387,36.0,118.8792,118.8792,8.0,-79.35533,36.0,23.80659,23.806600000000003,0.0,-15.871058999999999,24.0
4578,event_004578.csv,0.0,39.98524,-88.0,0.0,-100.0,0.0,39.52387,-56.0,-39.52387,-100.0,158.5568,39.5239,-28.0,-79.35527,-44.0,15.87106,31.742130000000003,0.0,0.0,-84.0
4579,event_004579.csv,0.0,39.98524,-88.0,-39.98524,-52.0,0.0,39.52387,-72.0,-39.52387,-28.0,118.8792,118.8792,144.0,-39.67766999999999,-100.0,23.80659,23.806600000000003,0.0,-15.871058999999999,-40.0
4580,event_004580.csv,0.0,39.98524,-72.0,0.0,-100.0,0.0,39.52387,-96.0,-39.52387,-52.0,118.8792,79.20150000000001,48.0,-79.35533,-92.0,23.80659,23.806600000000003,0.0,-15.871058999999999,-72.0
4581,event_004581.csv,0.0,39.98524,-36.0,-39.98524,72.0,0.0,39.52387,-92.0,-39.52387,72.0,118.8792,79.20150000000001,60.0,-79.35533,168.0,23.80659,23.806600000000003,0.0,-15.871058999999999,-40.0
4582,event_004582.csv,0.0,39.98524,-64.0,-39.98524,-4.0,0.0,39.52387,-72.0,-39.52387,20.0,118.8792,79.20150000000001,-40.0,-39.67766999999999,-88.0,23.80659,23.806600000000003,0.0,-15.871058999999999,-36.0
4583,event_004583.csv,0.0,39.98524,36.0,0.0,-100.0,0.0,39.52387,-12.0,-39.52387,-80.0,118.8792,79.20150000000001,8.0,-39.67766999999999,-100.0,23.80659,23.806600000000003,0.0,-7.93553,-48.0
4584,event_004584.csv,0.0,39.98524,-88.0,-39.98524,92.0,0.0,39.52387,-40.0,-39.52387,-92.0,118.8792,118.8792,144.0,-39.67766999999999,-84.0,23.80659,23.806600000000003,0.0,-15.871058999999999,-40.0
4585,event_004585.csv,0.0,39.98524,16.0,-39.98524,-20.0,0.0,39.52387,-96.0,-39.52387,20.0,118.8792,79.20150000000001,-80.0,-39.67766999999999,188.0,23.80659,23.806600000000003,0.0,-7.93553,-52.0
4586,event_004586.csv,0.0,39.98524,-80.0,0.0,-100.0,0.0,39.52387,-96.0,-39.52387,-84.0,118.8792,79.20150000000001,8.0,-39.67766999999999,-84.0,15.87106,31.742130000000003,0.0,-15.87106,-36.0
4587,event_004587.csv,0.0,39.98524,-80.0,-39.98524,116.0,0.0,39.52387,-64.0,-39.52387,-28.0,118.8792,79.20150000000001,148.0,-79.35533,168.0,23.80659,23.806600000000003,0.0,-7.93553,-40.0
4588,event_004588.csv,0.0,39.98524,-60.0,0.0,-100.0,0.0,39.52387,-92.0,-39.52387,-96.0,118.8792,79.20150000000001,8.0,-39.67766999999999,-32.0,23.80659,23.806600000000003,0.0,-15.871058999999999,-40.0
4589,event_004589.csv,0.0,39.98524,-80.0,-39.98524,-84.0,0.0,39.52387,-48.0,-39.52387,-100.0,158.5568,79.20159999999998,152.0,-79.35527,48.0,23.80659,23.806600000000003,0.0,-15.871058999999999,-36.0
4590,event_004590.csv,0.0,39.98524,-96.0,0.0,-100.0,0.0,39.52387,-80.0,-39.52387,68.0,158.5568,39.5239,12.0,-79.35527,124.0,23.80659,23.806600000000003,0.0,-15.871058999999999,-52.0
4591,event_004591.csv,0.0,39.98524,-84.0,-39.98524,52.0,0.0,39.52387,-96.0,-39.52387,-60.0,158.5568,39.5239,-24.0,-79.35527,-96.0,23.80659,23.806600000000003,0.0,-23.80659,-36.0
4592,event_004592.csv,0.0,39.98524,-60.0,-39.98524,-80.0,0.0,39.52387,156.0,-39.52387,-72.0,118.8792,79.20150000000001,12.0,-39.67766999999999,-48.0,23.80659,23.806600000000003,0.0,-7.93553,-64.0
4593,event_004593.csv,0.0,39.98524,-56.0,0.0,-100.0,0.0,39.52387,-32.0,-39.52387,-68.0,118.8792,118.8792,-40.0,-79.35533,-60.0,23.80659,23.806600000000003,0.0,-23.80659,20.0
4594,event_004594.csv,0.0,39.98524,-92.0,-39.98524,144.0,0.0,39.52387,-60.0,-39.52387,-80.0,118.8792,79.20150000000001,148.0,-39.67766999999999,168.0,27.77436,27.77436,0.0,-11.903300000000002,-40.0
4595,event_004595.csv,0.0,39.98524,-84.0,-39.98524,56.0,0.0,39.52387,-44.0,-39.52387,0.0,118.8792,79.20150000000001,-72.0,-39.67766999999999,-56.0,23.80659,23.806600000000003,0.0,-15.871058999999999,-64.0
4596,event_004596.csv,0.0,39.98524,-92.0,-39.98524,-44.0,0.0,39.52387,-76.0,-39.52387,64.0,158.5568,39.5239,40.0,-119.03293000000001,176.0,23.80659,23.806600000000003,0.0,-7.93553,-96.0
4597,event_004597.csv,0.0,39.98524,-100.0,-39.98524,132.0,0.0,39.52387,-72.0,-39.52387,-92.0,118.8792,79.20150000000001,8.0,-79.35533,-4.0,23.80659,23.806600000000003,0.0,-23.80659,24.0
4598,event_004598.csv,0.0,39.98524,-72.0,-39.98524,156.0,0.0,39.52387,-80.0,-39.52387,-40.0,118.8792,79.20150000000001,-40.0,-39.67766999999999,-20.0,23.80659,23.806600000000003,0.0,-15.871058999999999,-28.0
4599,event_004599.csv,0.0,39.98524,-80.0,-39.98524,84.0,0.0,39.52387,-96.0,-39.52387,-60.0,118.8792,79.20150000000001,-84.0,-79.35533,180.0,23.80659,23.806600000000003,0.0,-15.871058999999999,-36.0
4600,event_004600.csv,0.0,39.98524,-80.0,-39.98524,152.0,0.0,39.52387,200.0,-39.52387,4.0,118.8792,158.55679999999998,16.0,-118.8792,0.0,23.80659,23.806600000000003,0.0,-15.871058999999999,20.0
4601,event_004601.csv,0.0,39.98524,-60.0,-39.98524,-96.0,0.0,39.52387,-100.0,-39.52387,-80.0,118.8792,79.20150000000001,196.0,-39.67766999999999,-88.0,23.80659,23.806600000000003,0.0,-15.871058999999999,-48.0
4602,event_004602.csv,0.0,39.98524,-96.0,-39.98524,20.0,0.0,39.52387,-24.0,-39.52387,-100.0,138.71800000000002,99.04039999999998,16.0,-99.19413000000002,-4.0,23.80659,23.806600000000003,0.0,-7.93553,-92.0
4603,event_004603.csv,0.0,39.98524,-88.0,-39.98524,96.0,0.0,39.52387,-52.0,-39.52387,-24.0,118.8792,118.8792,20.0,-39.67766999999999,-100.0,19.838825,27.774365000000003,0.0,-11.903293999999999,-40.0
4604,event_004604.csv,0.0,39.98524,56.0,-39.98524,-76.0,0.0,39.52387,-72.0,-39.52387,-100.0,158.5568,118.87919999999997,-40.0,-158.5568,-16.0,23.80659,23.806600000000003,0.0,-15.871058999999999,-36.0
4605,event_004605.csv,0.0,39.98524,-92.0,-39.98524,156.0,0.0,39.52387,-52.0,-39.52387,-96.0,158.5568,79.20159999999998,152.0,-79.35527,-96.0,23.80659,23.806600000000003,0.0,-15.871058999999999,-36.0
4606,event_004606.csv,0.0,39.98524,-80.0,-39.98524,-52.0,0.0,39.52387,-32.0,0.0,-100.0,118.8792,79.20150000000001,-96.0,-39.67766999999999,-76.0,23.80659,23.806600000000003,0.0,-23.80659,20.0
4607,event_004607.csv,0.0,39.98524,-56.0,-39.98524,0.0,0.0,39.52387,40.0,0.0,-100.0,118.8792,118.8792,16.0,-79.35533,-8.0,23.80659,23.806600000000003,0.0,-7.93553,-84.0
4608,event_004608.csv,0.0,39.98524,-40.0,-39.98524,96.0,0.0,39.52387,12.0,-39.52387,-80.0,118.8792,118.8792,148.0,-79.35533,172.0,23.80659,23.806600000000003,0.0,-23.80659,-40.0
4609,event_004609.csv,0.0,39.98524,-96.0,-39.98524,12.0,0.0,39.52387,-8.0,-39.52387,-52.0,158.5568,39.5239,8.0,-79.35527,-4.0,23.80659,23.806600000000003,0.0,-15.871058999999999,20.0
4610,event_004610.csv,0.0,39.98524,-4.0,-39.98524,-44.0,0.0,39.52387,-88.0,-39.52387,-76.0,158.5568,39.5239,-40.0,-79.35527,-80.0,23.80659,23.806600000000003,0.0,-15.871058999999999,-40.0
4611,event_004611.csv,0.0,39.98524,-96.0,-39.98524,156.0,0.0,79.20153,136.0,-39.52387,-76.0,118.8792,79.20150000000001,-64.0,-39.67766999999999,-96.0,31.74213,15.871060000000003,0.0,-23.806599,4.0
4612,event_004612.csv,0.0,39.98524,-96.0,0.0,-100.0,0.0,39.52387,-96.0,-39.52387,20.0,118.8792,118.8792,96.0,-39.67766999999999,-100.0,23.80659,23.806600000000003,0.0,-15.871058999999999,20.0
4613,event_004613.csv,0.0,39.98524,-64.0,0.0,-100.0,0.0,39.52387,-100.0,-39.52387,-28.0,118.8792,79.20150000000001,20.0,-39.67766999999999,40.0,23.80659,23.806600000000003,0.0,-23.80659,20.0
4614,event_004614.csv,0.0,39.98524,-96.0,0.0,-100.0,0.0,39.52387,-40.0,-39.52387,12.0,138.71800000000002,59.36269999999999,16.0,-59.51647000000001,-100.0,15.87106,31.742130000000003,0.0,-7.935529,-52.0
4615,event_004615.csv,0.0,39.98524,-48.0,-39.98524,184.0,0.0,39.52387,-100.0,-39.52387,64.0,118.8792,79.20150000000001,-36.0,-39.67766999999999,-8.0,23.80659,23.806600000000003,0.0,-23.80659,-36.0
4616,event_004616.csv,0.0,39.98524,-60.0,0.0,-100.0,0.0,79.20153,8.0,-39.52387,-100.0,118.8792,118.8792,80.0,-79.35533,108.0,23.80659,23.806600000000003,0.0,-15.871058999999999,-36.0
4617,event_004617.csv,0.0,39.98524,-64.0,-39.98524,156.0,0.0,39.52387,24.0,-39.52387,36.0,158.5568,39.5239,16.0,-79.35527,120.0,23.80659,23.806600000000003,0.0,-15.871058999999999,-36.0
4618,event_004618.csv,0.0,39.98524,-100.0,-39.98524,-60.0,0.0,39.52387,-56.0,-39.52387,-100.0,118.8792,118.8792,8.0,-79.35533,-12.0,23.80659,23.806600000000003,0.0,-7.93553,-100.0
4619,event_004619.csv,0.0,39.98524,-100.0,0.0,-96.0,0.0,39.52387,-4.0,-39.52387,-88.0,118.8792,79.20150000000001,140.0,-79.35533,40.0,23.80659,23.806600000000003,0.0,-7.93553,-72.0
4620,event_004620.csv,0.0,39.98524,-80.0,0.0,-100.0,0.0,39.52387,-92.0,-39.52387,-24.0,118.8792,79.20150000000001,-40.0,-39.67766999999999,-64.0,15.87106,31.742130000000003,0.0,-7.935529,-36.0
4621,event_004621.csv,0.0,39.98524,-84.0,-39.98524,-16.0,0.0,39.52387,-16.0,-39.52387,-60.0,118.8792,79.20150000000001,16.0,-79.35533,36.0,23.80659,23.806600000000003,0.0,-15.871058999999999,24.0
4622,event_004622.csv,0.0,39.98524,-88.0,-39.98524,-8.0,0.0,39.52387,-96.0,-39.52387,84.0,118.8792,79.20150000000001,52.0,-39.67766999999999,164.0,23.80659,23.806600000000003,0.0,-15.871058999999999,4.0
4623,event_004623.csv,0.0,39.98524,-96.0,-39.98524,156.0,0.0,39.52387,-96.0,-39.52387,-60.0,118.8792,79.20150000000001,20.0,-39.67766999999999,-4.0,31.74213,15.871060000000003,0.0,-23.806599,20.0
4624,event_004624.csv,0.0,39.98524,-84.0,0.0,-100.0,0.0,39.52387,-76.0,-39.52387,-96.0,118.8792,79.20150000000001,8.0,-39.67766999999999,-60.0,23.80659,23.806600000000003,0.0,-15.871058999999999,16.0
4625,event_004625.csv,0.0,39.98524,-48.0,-39.98524,-72.0,0.0,39.52387,-84.0,-39.52387,128.0,138.71800000000002,59.36269999999999,-32.0,-59.51647000000001,-56.0,23.80659,23.806600000000003,0.0,-7.93553,-64.0
4626,event_004626.csv,0.0,39.98524,-72.0,0.0,-100.0,0.0,39.52387,-64.0,-39.52387,-68.0,118.8792,79.20150000000001,-72.0,-39.67766999999999,-12.0,23.80659,23.806600000000003,0.0,-7.93553,-64.0
4627,event_004627.csv,0.0,39.98524,-100.0,-39.98524,-28.0,0.0,39.52387,-88.0,-39.52387,-84.0,118.8792,118.8792,24.0,-39.67766999999999,-44.0,23.80659,23.806600000000003,0.0,-23.80659,-36.0
4628,event_004628.csv,0.0,39.98524,-84.0,0.0,-100.0,0.0,39.52387,-88.0,-39.52387,-100.0,158.5568,39.5239,144.0,-119.03293000000001,-20.0,23.80659,23.806600000000003,0.0,-7.93553,-36.0
4629,event_004629.csv,0.0,39.98524,-28.0,-39.98524,-80.0,0.0,39.52387,-76.0,-39.52387,-64.0,118.8792,118.8792,148.0,-39.67766999999999,112.0,23.80659,23.806600000000003,0.0,-7.93553,-40.0
4630,event_004630.csv,0.0,39.98524,-96.0,-39.98524,-84.0,0.0,39.52387,-64.0,-39.52387,-100.0,118.8792,158.55679999999998,-16.0,-118.8792,-4.0,31.74213,15.871060000000003,0.0,-15.87107,-20.0
4631,event_004631.csv,0.0,39.98524,-96.0,0.0,-100.0,0.0,39.52387,-88.0,-39.52387,-100.0,118.8792,118.8792,16.0,-79.35533,36.0,23.80659,23.806600000000003,0.0,-15.871058999999999,20.0
4632,event_004632.csv,0.0,39.98524,-60.0,-39.98524,12.0,0.0,39.52387,-40.0,-39.52387,84.0,118.8792,79.20150000000001,-28.0,-39.67766999999999,-12.0,23.80659,23.806600000000003,0.0,-23.80659,20.0
4633,event_004633.csv,0.0,39.98524,-96.0,-39.98524,-12.0,0.0,39.52387,-88.0,-39.52387,-60.0,118.8792,118.8792,8.0,-39.67766999999999,-92.0,31.74213,15.871060000000003,0.0,-15.87107,-64.0
4634,event_004634.csv,0.0,39.98524,-88.0,-39.98524,-60.0,0.0,39.52387,-32.0,-39.52387,-52.0,158.5568,39.5239,72.0,-119.03293000000001,-12.0,23.80659,23.806600000000003,0.0,-15.871058999999999,-40.0
4635,event_004635.csv,0.0,39.98524,-32.0,0.0,-100.0,0.0,79.20153,-48.0,-39.52387,-20.0,118.8792,79.20150000000001,8.0,-39.67766999999999,24.0,23.80659,23.806600000000003,0.0,-15.871058999999999,-20.0
4636,event_004636.csv,0.0,39.98524,-84.0,-39.98524,36.0,0.0,39.52387,56.0,-39.52387,-100.0,158.5568,118.87919999999997,12.0,-158.5568,36.0,23.80659,23.806600000000003,0.0,-23.80659,28.0
4637,event_004637.csv,0.0,39.98524,-96.0,-39.98524,88.0,0.0,39.52387,-96.0,-39.52387,-60.0,118.8792,79.20150000000001,-48.0,-39.67766999999999,-100.0,15.87106,31.742130000000003,0.0,-15.87106,-36.0
4638,event_004638.csv,0.0,39.98524,-72.0,-39.98524,120.0,0.0,39.52387,-80.0,-39.52387,-100.0,118.8792,198.2345,16.0,-118.8792,40.0,23.80659,23.806600000000003,0.0,-23.80659,24.0
4639,event_004639.csv,0.0,39.98524,-100.0,-39.98524,160.0,0.0,39.52387,-12.0,-39.52387,-56.0,118.8792,79.20150000000001,-76.0,-39.67766999999999,0.0,23.80659,23.806600000000003,0.0,-15.871058999999999,-48.0
4640,event_004640.csv,0.0,39.98524,-60.0,0.0,-100.0,0.0,39.52387,-96.0,-39.52387,-4.0,118.8792,118.8792,16.0,-79.35533,36.0,23.80659,23.806600000000003,0.0,-23.80659,20.0
4641,event_004641.csv,0.0,39.98524,-92.0,-39.98524,180.0,0.0,39.52387,-56.0,-39.52387,124.0,118.8792,118.8792,8.0,-39.67766999999999,-100.0,23.80659,23.806600000000003,0.0,-15.871058999999999,-36.0
4642,event_004642.csv,0.0,39.98524,-96.0,0.0,-100.0,0.0,39.52387,-52.0,-39.52387,-64.0,118.8792,79.20150000000001,-40.0,-39.67766999999999,-96.0,23.80659,23.806600000000003,0.0,-15.871058999999999,-40.0
4643,event_004643.csv,0.0,39.98524,-96.0,0.0,-100.0,0.0,39.52387,-16.0,-39.52387,-12.0,118.8792,118.8792,136.0,-39.67766999999999,-60.0,23.80659,23.806600000000003,0.0,-15.871058999999999,-64.0
4644,event_004644.csv,0.0,39.98524,-88.0,-39.98524,-92.0,0.0,39.52387,-72.0,-39.52387,52.0,118.8792,79.20150000000001,8.0,-79.35533,180.0,23.80659,23.806600000000003,0.0,-15.871058999999999,-52.0
4645,event_004645.csv,0.0,39.98524,-88.0,-39.98524,-64.0,0.0,39.52387,-92.0,-39.52387,-28.0,118.8792,158.55679999999998,20.0,-118.8792,40.0,23.80659,23.806600000000003,0.0,-15.871058999999999,20.0
4646,event_004646.csv,0.0,39.98524,-92.0,-39.98524,108.0,0.0,39.52387,20.0,-39.52387,52.0,118.8792,79.20150000000001,16.0,-39.67766999999999,-8.0,23.80659,23.806600000000003,0.0,-15.871058999999999,-40.0
4647,event_004647.csv,0.0,39.98524,-80.0,-39.98524,92.0,0.0,39.52387,-48.0,-39.52387,-76.0,118.8792,79.20150000000001,-64.0,-39.67766999999999,-88.0,23.80659,23.806600000000003,0.0,-15.871058999999999,20.0
4648,event_004648.csv,0.0,39.98524,-32.0,-39.98524,180.0,0.0,39.52387,-96.0,-39.52387,-52.0,118.8792,79.20150000000001,8.0,-39.67766999999999,-76.0,23.80659,23.806600000000003,0.0,-15.871058999999999,-92.0
4649,event_004649.csv,0.0,39.98524,-80.0,-39.98524,-100.0,0.0,39.52387,-88.0,-39.52387,-28.0,118.8792,118.8792,16.0,-79.35533,-4.0,27.77436,19.83883,0.0,-19.838829,20.0
4650,event_004650.csv,0.0,39.98524,-80.0,-39.98524,-52.0,0.0,39.52387,-20.0,-39.52387,-76.0,118.8792,79.20150000000001,116.0,-39.67766999999999,-84.0,23.80659,23.806600000000003,0.0,-7.93553,-28.0
4651,event_004651.csv,0.0,39.98524,-96.0,-39.98524,36.0,0.0,39.52387,-88.0,-39.52387,-100.0,118.8792,79.20150000000001,16.0,-39.67766999999999,-92.0,23.80659,23.806600000000003,0.0,-15.871058999999999,-60.0
4652,event_004652.csv,0.0,39.98524,-96.0,0.0,-100.0,0.0,39.52387,-72.0,-39.52387,-20.0,118.8792,79.20150000000001,60.0,-79.35533,116.0,31.74213,15.871060000000003,0.0,-23.806599,20.0
4653,event_004653.csv,0.0,39.98524,-88.0,-39.98524,156.0,0.0,39.52387,-64.0,-39.52387,36.0,138.71800000000002,59.36269999999999,196.0,-59.51647000000001,-56.0,15.87106,31.742130000000003,0.0,-7.935529,-40.0
4654,event_004654.csv,0.0,39.98524,-64.0,-39.98524,-84.0,0.0,39.52387,-96.0,-39.52387,-60.0,118.8792,79.20150000000001,-44.0,-39.67766999999999,36.0,23.80659,23.806600000000003,0.0,-15.871058999999999,-4.0
4655,event_004655.csv,0.0,39.98524,-96.0,-39.98524,-52.0,0.0,39.52387,-88.0,-39.52387,-12.0,118.8792,317.1137,128.0,-39.67766999999999,-88.0,23.80659,23.806600000000003,0.0,-15.871058999999999,-40.0
4656,event_004656.csv,0.0,39.98524,-92.0,-39.98524,160.0,0.0,39.52387,60.0,-79.20153,176.0,118.8792,79.20150000000001,-40.0,-39.67766999999999,-96.0,23.80659,23.806600000000003,0.0,-15.871058999999999,-40.0
4657,event_004657.csv,0.0,39.98524,-100.0,-39.98524,148.0,0.0,39.52387,-80.0,-39.52387,-60.0,158.5568,79.20159999999998,16.0,-119.03293000000001,36.0,23.80659,23.806600000000003,0.0,-23.80659,28.0
4658,event_004658.csv,0.0,39.98524,-88.0,-39.98524,12.0,0.0,39.52387,-40.0,-39.52387,-68.0,118.8792,79.20150000000001,-40.0,-39.67766999999999,-8.0,23.80659,23.806600000000003,0.0,-15.871058999999999,-40.0
4659,event_004659.csv,0.0,39.98524,-8.0,-39.98524,-28.0,0.0,39.52387,-64.0,-39.52387,-92.0,118.8792,79.20150000000001,12.0,-79.35533,-96.0,23.80659,23.806600000000003,0.0,-7.93553,-72.0
4660,event_004660.csv,0.0,39.98524,-76.0,-39.98524,80.0,0.0,39.52387,-60.0,-39.52387,-80.0,118.8792,39.67760000000001,-76.0,-39.67766999999999,-100.0,23.80659,23.806600000000003,0.0,-15.871058999999999,-64.0
4661,event_004661.csv,0.0,39.98524,-56.0,-39.98524,36.0,0.0,39.52387,-56.0,-39.52387,-84.0,118.8792,79.20150000000001,16.0,-79.35533,124.0,23.80659,23.806600000000003,0.0,-23.80659,-40.0
4662,event_004662.csv,0.0,39.98524,-96.0,0.0,-100.0,0.0,39.52387,-72.0,-39.52387,-44.0,118.8792,79.20150000000001,12.0,-79.35533,-100.0,31.74213,15.871060000000003,0.0,-15.87107,-20.0
4663,event_004663.csv,0.0,39.98524,-96.0,-39.98524,-60.0,0.0,39.52387,-64.0,-39.52387,-44.0,118.8792,79.20150000000001,92.0,-39.67766999999999,-48.0,23.80659,23.806600000000003,0.0,-15.871058999999999,-36.0
4664,event_004664.csv,0.0,39.98524,-96.0,-39.98524,12.0,0.0,39.52387,-72.0,-39.52387,100.0,118.8792,79.20150000000001,-80.0,-79.35533,36.0,31.74213,15.871060000000003,0.0,-15.87107,-20.0
4665,event_004665.csv,0.0,39.98524,-96.0,0.0,-100.0,0.0,39.52387,-88.0,-39.52387,-60.0,118.8792,79.20150000000001,-40.0,-39.67766999999999,-100.0,23.80659,23.806600000000003,0.0,-7.93553,-60.0
4666,event_004666.csv,0.0,39.98524,-96.0,-39.98524,-84.0,0.0,39.52387,-96.0,-39.52387,-100.0,118.8792,118.8792,160.0,-79.35533,132.0,31.74213,15.871060000000003,0.0,-15.87107,68.0
4667,event_004667.csv,0.0,39.98524,-52.0,-39.98524,-64.0,0.0,39.52387,-12.0,-39.52387,-32.0,118.8792,79.20150000000001,-20.0,-39.67766999999999,-56.0,23.80659,23.806600000000003,0.0,-15.871058999999999,8.0
4668,event_004668.csv,0.0,39.98524,-56.0,-39.98524,32.0,0.0,39.52387,-96.0,-39.52387,-28.0,118.8792,79.20150000000001,8.0,-79.35533,128.0,23.80659,23.806600000000003,0.0,-15.871058999999999,-36.0
4669,event_004669.csv,0.0,39.98524,-100.0,-39.98524,16.0,0.0,39.52387,-32.0,-39.52387,-36.0,118.8792,79.20150000000001,56.0,-79.35533,0.0,23.80659,23.806600000000003,0.0,-7.93553,-20.0
4670,event_004670.csv,0.0,39.98524,-96.0,-39.98524,-36.0,0.0,39.52387,-32.0,-39.52387,52.0,158.5568,39.5239,20.0,-79.35527,-92.0,19.838825,27.774365000000003,0.0,-19.838825,20.0
4671,event_004671.csv,0.0,39.98524,-80.0,-39.98524,-100.0,0.0,39.52387,-88.0,-39.52387,-76.0,118.8792,79.20150000000001,8.0,-39.67766999999999,36.0,23.80659,23.806600000000003,0.0,-15.871058999999999,-40.0
4672,event_004672.csv,0.0,39.98524,-92.0,-39.98524,-12.0,0.0,79.20153,184.0,-39.52387,-44.0,118.8792,79.20150000000001,16.0,-39.67766999999999,36.0,27.77436,19.83883,0.0,-11.903300000000002,-76.0
4673,event_004673.csv,0.0,39.98524,-20.0,-39.98524,8.0,0.0,39.52387,-52.0,-39.52387,-88.0,158.5568,79.20159999999998,60.0,-119.03293000000001,32.0,23.80659,23.806600000000003,0.0,-15.871058999999999,24.0
4674,event_004674.csv,0.0,39.98524,-76.0,0.0,-100.0,0.0,0.0,-100.0,-39.52387,-52.0,118.8792,118.8792,16.0,-79.35533,-4.0,15.87106,31.742130000000003,0.0,-7.935529,-84.0
4675,event_004675.csv,0.0,39.98524,-72.0,0.0,-100.0,0.0,39.52387,-100.0,-39.52387,-64.0,118.8792,79.20150000000001,-100.0,-39.67766999999999,0.0,23.80659,31.742130000000003,0.0,-15.871058999999999,-40.0
4676,event_004676.csv,0.0,39.98524,-68.0,-39.98524,104.0,0.0,39.52387,-52.0,-39.52387,0.0,158.5568,118.87919999999997,136.0,-158.5568,120.0,15.87106,31.742130000000003,0.0,-7.935529,-64.0
4677,event_004677.csv,0.0,39.98524,-96.0,-39.98524,-24.0,0.0,79.20153,-72.0,-39.52387,4.0,118.8792,79.20150000000001,16.0,-39.67766999999999,-84.0,23.80659,23.806600000000003,0.0,-7.93553,-52.0
4678,event_004678.csv,0.0,39.98524,-84.0,-39.98524,-20.0,0.0,39.52387,-8.0,-39.52387,-60.0,118.8792,79.20150000000001,152.0,-39.67766999999999,-20.0,15.87106,31.742130000000003,0.0,-15.87106,-40.0
4679,event_004679.csv,0.0,39.98524,-92.0,0.0,-100.0,0.0,39.52387,-8.0,-39.52387,-36.0,118.8792,79.20150000000001,-16.0,-39.67766999999999,-100.0,23.80659,23.806600000000003,0.0,-7.93553,8.0
4680,event_004680.csv,0.0,39.98524,-96.0,0.0,-100.0,0.0,79.20153,176.0,-39.52387,-44.0,138.71800000000002,99.04039999999998,16.0,-99.19413000000002,36.0,23.80659,23.806600000000003,0.0,-7.93553,-68.0
4681,event_004681.csv,0.0,39.98524,-100.0,-39.98524,16.0,0.0,39.52387,140.0,-39.52387,-72.0,118.8792,79.20150000000001,200.0,-39.67766999999999,-32.0,15.87106,31.742130000000003,0.0,-7.935529,-80.0
4682,event_004682.csv,0.0,39.98524,-88.0,-39.98524,120.0,0.0,39.52387,100.0,-39.52387,-80.0,118.8792,79.20150000000001,12.0,-39.67766999999999,-56.0,23.80659,23.806600000000003,0.0,-7.93553,-88.0
4683,event_004683.csv,0.0,79.97047,-64.0,-39.98524,-52.0,0.0,39.52387,-64.0,-39.52387,100.0,118.8792,79.20150000000001,152.0,-79.35533,124.0,23.80659,23.806600000000003,0.0,-15.871058999999999,-28.0
4684,event_004684.csv,0.0,39.98524,-24.0,0.0,-100.0,0.0,39.52387,20.0,-39.52387,-80.0,118.8792,79.20150000000001,-28.0,-39.67766999999999,-100.0,23.80659,23.806600000000003,0.0,-15.871058999999999,16.0
4685,event_004685.csv,0.0,39.98524,-72.0,0.0,-100.0,0.0,39.52387,-80.0,-39.52387,-100.0,118.8792,356.7913,160.0,-39.67766999999999,-84.0,23.80659,23.806600000000003,0.0,-15.871058999999999,-36.0
4686,event_004686.csv,0.0,39.98524,-48.0,-39.98524,12.0,0.0,39.52387,-72.0,-39.52387,-36.0,158.5568,39.5239,8.0,-119.03293000000001,40.0,23.80659,23.806600000000003,0.0,-15.871058999999999,20.0
4687,event_004687.csv,0.0,39.98524,-48.0,-39.98524,84.0,0.0,79.20153,-40.0,-39.52387,12.0,118.8792,118.8792,148.0,-39.67766999999999,-68.0,15.87106,31.742130000000003,0.0,-7.935529,-52.0
4688,event_004688.csv,0.0,39.98524,-88.0,0.0,-100.0,0.0,39.52387,-52.0,-39.52387,24.0,118.8792,118.8792,148.0,-39.67766999999999,-8.0,23.80659,23.806600000000003,0.0,-15.871058999999999,-40.0
4689,event_004689.csv,0.0,39.98524,-36.0,0.0,-100.0,0.0,39.52387,-76.0,-39.52387,-16.0,138.71800000000002,59.36269999999999,200.0,-99.19413000000002,0.0,23.80659,23.806600000000003,0.0,-15.871058999999999,-36.0
4690,event_004690.csv,0.0,39.98524,-88.0,-39.98524,36.0,0.0,39.52387,160.0,-39.52387,-84.0,158.5568,39.5239,8.0,-119.03293000000001,36.0,23.80659,23.806600000000003,0.0,-15.871058999999999,-52.0
4691,event_004691.csv,0.0,39.98524,-80.0,-39.98524,-36.0,0.0,39.52387,0.0,-39.52387,-44.0,118.8792,118.8792,24.0,-118.8792,40.0,23.80659,23.806600000000003,0.0,-15.871058999999999,20.0
4692,event_004692.csv,0.0,39.98524,-48.0,-39.98524,-24.0,0.0,39.52387,36.0,-39.52387,-88.0,118.8792,79.20150000000001,-28.0,-79.35533,-8.0,23.80659,23.806600000000003,0.0,-15.871058999999999,-28.0
4693,event_004693.csv,0.0,39.98524,-88.0,-39.98524,-84.0,0.0,79.20153,172.0,-39.52387,-100.0,138.71800000000002,99.04039999999998,20.0,-59.51647000000001,-68.0,23.80659,23.806600000000003,0.0,-15.871058999999999,-36.0
4694,event_004694.csv,0.0,39.98524,-96.0,-39.98524,124.0,0.0,39.52387,148.0,-39.52387,-92.0,118.8792,79.20150000000001,16.0,-39.67766999999999,-88.0,23.80659,23.806600000000003,0.0,-15.871058999999999,-52.0
4695,event_004695.csv,0.0,39.98524,-80.0,-39.98524,-4.0,0.0,39.52387,-88.0,-39.52387,-84.0,118.8792,79.20150000000001,16.0,-39.67766999999999,-56.0,23.80659,23.806600000000003,0.0,-23.80659,-36.0
4696,event_004696.csv,0.0,39.98524,-96.0,0.0,-100.0,0.0,39.52387,-96.0,-39.52387,-20.0,118.8792,118.8792,104.0,-118.8792,132.0,23.80659,23.806600000000003,0.0,-7.93553,28.0
4697,event_004697.csv,0.0,39.98524,-88.0,-39.98524,0.0,0.0,39.52387,32.0,-39.52387,12.0,118.8792,118.8792,108.0,-79.35533,32.0,23.80659,23.806600000000003,0.0,-7.93553,20.0
4698,event_004698.csv,0.0,39.98524,-96.0,-39.98524,-4.0,0.0,39.52387,-24.0,-39.52387,-84.0,118.8792,4881.1208,-4.0,0.0,-100.0,-23.80659,79.35531,0.0,-15.871070000000003,-16.0
4699,event_004699.csv,0.0,39.98524,-96.0,0.0,-100.0,0.0,39.52387,48.0,-39.52387,-92.0,158.5568,39.5239,168.0,-79.35527,0.0,23.80659,23.806600000000003,0.0,-15.871058999999999,-36.0
4700,event_004700.csv,0.0,39.98524,-88.0,0.0,-100.0,0.0,39.52387,-88.0,-39.52387,-72.0,118.8792,79.20150000000001,52.0,-79.35533,32.0,23.80659,23.806600000000003,0.0,-7.93553,-8.0
4701,event_004701.csv,0.0,39.98524,-80.0,0.0,-100.0,0.0,39.52387,-72.0,-39.52387,84.0,118.8792,118.8792,8.0,-79.35533,36.0,15.87106,31.742130000000003,0.0,-15.87106,-40.0
4702,event_004702.csv,0.0,39.98524,-96.0,-39.98524,12.0,0.0,39.52387,32.0,-39.52387,100.0,118.8792,79.20150000000001,16.0,-39.67766999999999,-68.0,23.80659,23.806600000000003,0.0,-15.871058999999999,-36.0
4703,event_004703.csv,0.0,39.98524,-100.0,-39.98524,152.0,0.0,39.52387,-84.0,-39.52387,88.0,118.8792,79.20150000000001,-20.0,-39.67766999999999,-96.0,31.74213,15.871060000000003,0.0,-15.87107,-20.0
4704,event_004704.csv,0.0,39.98524,-80.0,-39.98524,164.0,0.0,39.52387,-64.0,-39.52387,156.0,118.8792,118.8792,148.0,-39.67766999999999,-60.0,23.80659,23.806600000000003,0.0,-15.871058999999999,-36.0
4705,event_004705.csv,0.0,39.98524,-32.0,-39.98524,-68.0,0.0,39.52387,-88.0,-39.52387,-52.0,118.8792,79.20150000000001,-24.0,-79.35533,116.0,31.74213,15.871060000000003,0.0,-15.87107,-68.0
4706,event_004706.csv,0.0,39.98524,-84.0,0.0,-100.0,0.0,39.52387,-16.0,-39.52387,-60.0,118.8792,79.20150000000001,8.0,-79.35533,68.0,23.80659,23.806600000000003,0.0,-15.871058999999999,-28.0
4707,event_004707.csv,0.0,39.98524,-84.0,-39.98524,52.0,0.0,39.52387,-72.0,-39.52387,-92.0,118.8792,79.20150000000001,8.0,-39.67766999999999,36.0,23.80659,23.806600000000003,0.0,-15.871058999999999,-48.0
4708,event_004708.csv,0.0,39.98524,-60.0,-39.98524,-16.0,0.0,39.52387,-92.0,-39.52387,8.0,118.8792,39.67760000000001,-100.0,-39.67766999999999,-8.0,23.80659,31.742130000000003,0.0,-15.871058999999999,20.0
4709,event_004709.csv,0.0,39.98524,-80.0,-39.98524,-52.0,0.0,39.52387,-80.0,-39.52387,100.0,118.8792,118.8792,144.0,-39.67766999999999,40.0,23.80659,23.806600000000003,0.0,-15.871058999999999,-40.0
4710,event_004710.csv,0.0,39.98524,-56.0,-39.98524,96.0,0.0,39.52387,-92.0,-39.52387,-80.0,118.8792,79.20150000000001,144.0,-39.67766999999999,-96.0,23.80659,23.806600000000003,0.0,-7.93553,-80.0
4711,event_004711.csv,0.0,39.98524,-76.0,-39.98524,120.0,0.0,39.52387,-96.0,-39.52387,-84.0,118.8792,79.20150000000001,192.0,-39.67766999999999,-88.0,15.87106,31.742130000000003,0.0,-7.935529,-52.0
4712,event_004712.csv,0.0,39.98524,-80.0,-39.98524,188.0,0.0,39.52387,-64.0,-39.52387,-92.0,118.8792,118.8792,16.0,-79.35533,-4.0,23.80659,23.806600000000003,0.0,-15.871058999999999,16.0
4713,event_004713.csv,0.0,39.98524,-56.0,0.0,-100.0,0.0,39.52387,112.0,-39.52387,108.0,138.71800000000002,59.36269999999999,-40.0,-59.51647000000001,-96.0,23.80659,23.806600000000003,0.0,-15.871058999999999,-52.0
4714,event_004714.csv,0.0,39.98524,-52.0,-39.98524,-24.0,0.0,39.52387,-24.0,-39.52387,-60.0,118.8792,79.20150000000001,196.0,-39.67766999999999,-84.0,31.74213,15.871060000000003,0.0,-15.87107,-4.0
4715,event_004715.csv,0.0,39.98524,-100.0,-39.98524,48.0,0.0,39.52387,-100.0,-39.52387,-40.0,118.8792,79.20150000000001,-40.0,-39.67766999999999,-56.0,23.80659,23.806600000000003,0.0,-15.871058999999999,-48.0
4716,event_004716.csv,0.0,39.98524,-56.0,-39.98524,-16.0,0.0,39.52387,-84.0,-39.52387,-64.0,118.8792,4881.1208,0.0,-39.67766999999999,-64.0,-7.935531,63.484251,4.0,-7.935529,-24.0
4717,event_004717.csv,0.0,39.98524,-44.0,0.0,-100.0,0.0,39.52387,-100.0,-39.52387,32.0,118.8792,79.20150000000001,-28.0,-39.67766999999999,-80.0,23.80659,23.806600000000003,0.0,-23.80659,20.0
4718,event_004718.csv,0.0,39.98524,-52.0,-39.98524,68.0,0.0,39.52387,-80.0,-39.52387,-44.0,158.5568,39.5239,148.0,-79.35527,-12.0,31.74213,15.871060000000003,0.0,-23.806599,-36.0
4719,event_004719.csv,0.0,39.98524,-84.0,-39.98524,-88.0,0.0,39.52387,-100.0,-39.52387,-64.0,118.8792,39.67760000000001,-100.0,-79.35533,-8.0,23.80659,23.806600000000003,0.0,-15.871058999999999,-52.0
4720,event_004720.csv,0.0,39.98524,-100.0,0.0,-96.0,0.0,39.52387,-32.0,-39.52387,-84.0,118.8792,79.20150000000001,108.0,-79.35533,144.0,31.74213,15.871060000000003,0.0,-15.87107,20.0
4721,event_004721.csv,0.0,39.98524,-72.0,0.0,-100.0,0.0,39.52387,-80.0,-39.52387,-60.0,158.5568,39.5239,-72.0,-39.67760000000001,-96.0,23.80659,23.806600000000003,0.0,-15.871058999999999,-40.0
4722,event_004722.csv,0.0,39.98524,-96.0,0.0,-100.0,0.0,39.52387,-96.0,-39.52387,-44.0,118.8792,79.20150000000001,8.0,-39.67766999999999,-12.0,19.838825,27.774365000000003,0.0,-11.903293999999999,-36.0
4723,event_004723.csv,0.0,39.98524,-72.0,-39.98524,4.0,0.0,39.52387,32.0,-39.52387,-96.0,138.71800000000002,59.36269999999999,56.0,-99.19413000000002,188.0,23.80659,23.806600000000003,0.0,-7.93553,16.0
4724,event_004724.csv,0.0,39.98524,-16.0,-39.98524,60.0,0.0,39.52387,-88.0,-39.52387,-76.0,158.5568,39.5239,-80.0,-79.35527,-56.0,15.87106,31.742130000000003,0.0,-23.806591,20.0
4725,event_004725.csv,0.0,39.98524,-88.0,0.0,-100.0,0.0,39.52387,-92.0,-39.52387,-52.0,118.8792,79.20150000000001,-88.0,-39.67766999999999,-48.0,23.80659,23.806600000000003,0.0,-15.871058999999999,-36.0
4726,event_004726.csv,0.0,39.98524,-96.0,0.0,-100.0,0.0,39.52387,-80.0,-39.52387,-76.0,118.8792,79.20150000000001,-80.0,-79.35533,-100.0,23.80659,23.806600000000003,0.0,-15.871058999999999,-40.0
4727,event_004727.csv,0.0,39.98524,-96.0,-39.98524,-52.0,0.0,39.52387,-96.0,-39.52387,-68.0,118.8792,118.8792,-80.0,-79.35533,-100.0,23.80659,23.806600000000003,0.0,-15.871058999999999,20.0
4728,event_004728.csv,0.0,39.98524,-88.0,-39.98524,20.0,0.0,39.52387,-72.0,-39.52387,-68.0,118.8792,79.20150000000001,-56.0,-79.35533,40.0,23.80659,23.806600000000003,0.0,-15.871058999999999,20.0
4729,event_004729.csv,0.0,39.98524,-72.0,0.0,-100.0,0.0,39.52387,-96.0,-39.52387,-52.0,118.8792,79.20150000000001,-84.0,-79.35533,116.0,23.80659,23.806600000000003,0.0,-15.871058999999999,-40.0
4730,event_004730.csv,0.0,39.98524,-96.0,0.0,-100.0,0.0,39.52387,-88.0,-39.52387,-76.0,118.8792,158.55679999999998,16.0,-79.35533,-68.0,23.80659,23.806600000000003,0.0,-15.871058999999999,32.0
4731,event_004731.csv,0.0,39.98524,-80.0,0.0,-100.0,0.0,39.52387,-88.0,-39.52387,-100.0,118.8792,118.8792,64.0,-39.67766999999999,-68.0,23.80659,23.806600000000003,0.0,-23.80659,-36.0
4732,event_004732.csv,0.0,39.98524,-64.0,0.0,-100.0,0.0,39.52387,-48.0,-39.52387,-92.0,158.5568,39.5239,12.0,-79.35527,-36.0,23.80659,23.806600000000003,0.0,-7.93553,-40.0
4733,event_004733.csv,0.0,79.97047,-8.0,0.0,-100.0,0.0,39.52387,-96.0,-39.52387,-28.0,118.8792,4881.1208,0.0,0.0,-92.0,-7.935531,87.321601,8.0,-15.871058999999999,-16.0
4734,event_004734.csv,0.0,39.98524,-32.0,-39.98524,-84.0,0.0,39.52387,-48.0,-39.52387,-100.0,118.8792,79.20150000000001,-88.0,-39.67766999999999,-56.0,31.74213,15.871060000000003,0.0,-7.93554,-88.0
4735,event_004735.csv,0.0,39.98524,-48.0,0.0,-100.0,0.0,79.20153,116.0,-39.52387,0.0,118.8792,79.20150000000001,8.0,-79.35533,40.0,23.80659,23.806600000000003,0.0,-15.871058999999999,-40.0
4736,event_004736.csv,0.0,39.98524,-68.0,-39.98524,-64.0,0.0,39.52387,40.0,-39.52387,-92.0,138.71800000000002,59.36269999999999,-88.0,-99.19413000000002,36.0,19.838825,27.774365000000003,0.0,-19.838825,20.0
4737,event_004737.csv,0.0,39.98524,-80.0,0.0,-100.0,0.0,39.52387,-72.0,-39.52387,-20.0,118.8792,118.8792,12.0,-39.67766999999999,-92.0,23.80659,23.806600000000003,0.0,-7.93553,-92.0
4738,event_004738.csv,0.0,39.98524,-48.0,-39.98524,28.0,0.0,39.52387,-64.0,-39.52387,-52.0,118.8792,79.20150000000001,144.0,-39.67766999999999,-56.0,23.80659,23.806600000000003,0.0,-15.871058999999999,-36.0
4739,event_004739.csv,0.0,39.98524,-88.0,-39.98524,0.0,0.0,39.52387,-12.0,-39.52387,-92.0,158.5568,39.5239,8.0,-79.35527,-20.0,23.80659,23.806600000000003,0.0,-23.80659,20.0
4740,event_004740.csv,0.0,39.98524,-84.0,-39.98524,116.0,0.0,39.52387,-84.0,-39.52387,-8.0,158.5568,39.5239,96.0,-119.03293000000001,168.0,23.80659,23.806600000000003,0.0,-7.93553,-40.0
4741,event_004741.csv,0.0,39.98524,-56.0,-39.98524,-68.0,0.0,39.52387,-96.0,-39.52387,-44.0,118.8792,158.55679999999998,96.0,-79.35533,72.0,23.80659,23.806600000000003,0.0,-23.80659,-20.0
4742,event_004742.csv,0.0,39.98524,-80.0,-39.98524,-60.0,0.0,39.52387,-88.0,-39.52387,-36.0,118.8792,79.20150000000001,8.0,-79.35533,36.0,23.80659,23.806600000000003,0.0,-7.93553,-28.0
4743,event_004743.csv,0.0,39.98524,-88.0,-39.98524,-48.0,0.0,39.52387,-100.0,-39.52387,-44.0,118.8792,79.20150000000001,-72.0,-39.67766999999999,-48.0,23.80659,23.806600000000003,0.0,-7.93553,-100.0
4744,event_004744.csv,0.0,39.98524,-96.0,-39.98524,44.0,0.0,39.52387,-32.0,-39.52387,-60.0,118.8792,79.20150000000001,136.0,-39.67766999999999,-12.0,15.87106,31.742130000000003,0.0,-15.87106,-52.0
4745,event_004745.csv,0.0,39.98524,-100.0,-39.98524,4.0,0.0,39.52387,-96.0,-39.52387,-76.0,118.8792,79.20150000000001,104.0,-39.67766999999999,-48.0,23.80659,23.806600000000003,0.0,-15.871058999999999,28.0
4746,event_004746.csv,0.0,39.98524,-96.0,-39.98524,-60.0,0.0,79.20153,-32.0,-39.52387,124.0,158.5568,39.5239,12.0,-79.35527,32.0,31.74213,15.871060000000003,0.0,-23.806599,-40.0
4747,event_004747.csv,0.0,39.98524,-84.0,-39.98524,-28.0,0.0,39.52387,-32.0,-39.52387,20.0,118.8792,118.8792,12.0,-79.35533,-100.0,23.80659,23.806600000000003,0.0,-15.871058999999999,-24.0
4748,event_004748.csv,0.0,39.98524,-96.0,-39.98524,-68.0,0.0,39.52387,-64.0,-39.52387,-92.0,118.8792,79.20150000000001,4.0,-39.67766999999999,-24.0,23.80659,23.806600000000003,0.0,-7.93553,-64.0
4749,event_004749.csv,0.0,39.98524,-80.0,-39.98524,-20.0,0.0,39.52387,-88.0,-39.52387,-60.0,118.8792,118.8792,-28.0,-79.35533,-8.0,23.80659,31.742130000000003,0.0,-15.871058999999999,-28.0
4750,event_004750.csv,0.0,39.98524,-48.0,-39.98524,12.0,0.0,39.52387,16.0,-39.52387,-92.0,118.8792,79.20150000000001,64.0,-79.35533,-4.0,23.80659,23.806600000000003,0.0,-7.93553,20.0
4751,event_004751.csv,0.0,39.98524,-56.0,-39.98524,-80.0,0.0,39.52387,-88.0,-39.52387,132.0,118.8792,79.20150000000001,8.0,-79.35533,36.0,23.80659,23.806600000000003,0.0,-23.80659,-28.0
4752,event_004752.csv,0.0,39.98524,-80.0,0.0,-100.0,0.0,79.20153,-16.0,-39.52387,-84.0,138.71800000000002,59.36269999999999,-80.0,-59.51647000000001,-12.0,23.80659,23.806600000000003,0.0,-23.80659,-40.0
4753,event_004753.csv,0.0,39.98524,-96.0,-39.98524,-52.0,0.0,39.52387,-96.0,-39.52387,-28.0,118.8792,79.20150000000001,8.0,-79.35533,-8.0,23.80659,23.806600000000003,0.0,-7.93553,-64.0
4754,event_004754.csv,0.0,39.98524,-92.0,-39.98524,96.0,0.0,39.52387,-76.0,-39.52387,-48.0,158.5568,39.5239,-100.0,-119.03293000000001,176.0,23.80659,31.742130000000003,0.0,-15.871058999999999,-40.0
4755,event_004755.csv,0.0,39.98524,-88.0,0.0,-100.0,0.0,39.52387,-88.0,-39.52387,-100.0,118.8792,79.20150000000001,16.0,-39.67766999999999,-60.0,23.80659,23.806600000000003,0.0,-15.871058999999999,-52.0
4756,event_004756.csv,0.0,39.98524,-100.0,-39.98524,40.0,0.0,39.52387,-44.0,-39.52387,-8.0,118.8792,79.20150000000001,-84.0,-39.67766999999999,-12.0,23.80659,23.806600000000003,0.0,-15.871058999999999,-40.0
4757,event_004757.csv,0.0,39.98524,-100.0,-39.98524,-76.0,0.0,39.52387,-44.0,-39.52387,-84.0,118.8792,79.20150000000001,-40.0,-39.67766999999999,-76.0,23.80659,23.806600000000003,0.0,-7.93553,-48.0
4758,event_004758.csv,0.0,39.98524,-96.0,-39.98524,-4.0,0.0,39.52387,-72.0,-39.52387,-76.0,158.5568,39.5239,-72.0,-79.35527,-84.0,23.80659,23.806600000000003,0.0,-15.871058999999999,20.0
4759,event_004759.csv,0.0,39.98524,-80.0,-39.98524,12.0,0.0,39.52387,-40.0,-39.52387,-84.0,118.8792,79.20150000000001,-96.0,-39.67766999999999,-36.0,23.80659,23.806600000000003,0.0,-15.871058999999999,-40.0
4760,event_004760.csv,0.0,39.98524,-88.0,-39.98524,188.0,0.0,39.52387,-40.0,-39.52387,-84.0,118.8792,79.20150000000001,16.0,-39.67766999999999,-52.0,23.80659,23.806600000000003,0.0,-15.871058999999999,20.0
4761,event_004761.csv,0.0,39.98524,-48.0,0.0,-100.0,0.0,39.52387,-80.0,-39.52387,-76.0,118.8792,118.8792,152.0,-39.67766999999999,36.0,23.80659,23.806600000000003,0.0,-15.871058999999999,-36.0
4762,event_004762.csv,0.0,39.98524,-80.0,-39.98524,12.0,0.0,39.52387,-80.0,-39.52387,-60.0,158.5568,39.5239,-80.0,-79.35527,-20.0,23.80659,23.806600000000003,0.0,-15.871058999999999,-36.0
4763,event_004763.csv,0.0,39.98524,-88.0,-39.98524,164.0,0.0,39.52387,-88.0,-39.52387,36.0,118.8792,79.20150000000001,-84.0,-79.35533,36.0,23.80659,31.742130000000003,0.0,-15.871058999999999,-28.0
4764,event_004764.csv,0.0,39.98524,-92.0,0.0,-100.0,0.0,39.52387,-96.0,-39.52387,36.0,118.8792,118.8792,16.0,-79.35533,40.0,23.80659,23.806600000000003,0.0,-7.93553,-88.0
4765,event_004765.csv,0.0,39.98524,-100.0,0.0,-96.0,0.0,39.52387,-12.0,-39.52387,-52.0,118.8792,118.8792,112.0,-79.35533,84.0,23.80659,23.806600000000003,0.0,-7.93553,-60.0
4766,event_004766.csv,0.0,39.98524,-100.0,0.0,-84.0,0.0,39.52387,-40.0,-39.52387,-28.0,118.8792,118.8792,-40.0,-79.35533,120.0,23.80659,23.806600000000003,0.0,-23.80659,-28.0
4767,event_004767.csv,0.0,39.98524,-100.0,0.0,-96.0,0.0,39.52387,-64.0,-39.52387,-100.0,118.8792,79.20150000000001,8.0,-79.35533,36.0,23.80659,23.806600000000003,0.0,-7.93553,-36.0
4768,event_004768.csv,0.0,39.98524,-88.0,0.0,-100.0,0.0,39.52387,-84.0,-39.52387,40.0,118.8792,79.20150000000001,-28.0,-39.67766999999999,-88.0,23.80659,23.806600000000003,0.0,-7.93553,-64.0
4769,event_004769.csv,0.0,39.98524,-88.0,-39.98524,-16.0,0.0,39.52387,-92.0,-39.52387,-72.0,138.71800000000002,59.36269999999999,4.0,-59.51647000000001,-68.0,23.80659,23.806600000000003,0.0,-15.871058999999999,-40.0
4770,event_004770.csv,0.0,39.98524,32.0,-39.98524,-88.0,0.0,39.52387,-56.0,-39.52387,-12.0,118.8792,79.20150000000001,8.0,-79.35533,124.0,23.80659,23.806600000000003,0.0,-15.871058999999999,-36.0
4771,event_004771.csv,0.0,39.98524,-44.0,0.0,-100.0,0.0,39.52387,0.0,-39.52387,12.0,118.8792,79.20150000000001,12.0,-79.35533,44.0,23.80659,23.806600000000003,0.0,-15.871058999999999,24.0
4772,event_004772.csv,0.0,39.98524,-64.0,-39.98524,-84.0,0.0,39.52387,-24.0,-39.52387,-68.0,118.8792,79.20150000000001,-28.0,-79.35533,-4.0,31.74213,15.871060000000003,0.0,-15.87107,12.0
4773,event_004773.csv,0.0,2479.854,4.0,-39.98524,-92.0,0.0,3609.437,4.0,0.0,-100.0,158.5568,4841.4432,-4.0,-39.67760000000001,-100.0,0.0,119.0637,8.0,-23.80659,-16.0
4774,event_004774.csv,0.0,39.98524,-56.0,-39.98524,-76.0,0.0,39.52387,-72.0,-39.52387,-92.0,118.8792,79.20150000000001,-24.0,-39.67766999999999,-92.0,15.87106,31.742130000000003,0.0,-7.935529,-28.0
4775,event_004775.csv,0.0,39.98524,-64.0,0.0,-100.0,0.0,39.52387,-88.0,-39.52387,-76.0,118.8792,79.20150000000001,16.0,-39.67766999999999,60.0,23.80659,23.806600000000003,0.0,-15.871058999999999,-28.0
4776,event_004776.csv,0.0,39.98524,-100.0,-39.98524,-80.0,0.0,39.52387,-60.0,-39.52387,-80.0,118.8792,79.20150000000001,4.0,-39.67766999999999,-80.0,23.80659,23.806600000000003,0.0,-7.93553,-48.0
4777,event_004777.csv,0.0,39.98524,-40.0,-39.98524,-92.0,0.0,39.52387,-88.0,-39.52387,-84.0,158.5568,39.5239,-84.0,-79.35527,-16.0,23.80659,23.806600000000003,0.0,-15.871058999999999,-40.0
4778,event_004778.csv,0.0,39.98524,-72.0,0.0,-100.0,0.0,39.52387,-100.0,-39.52387,-16.0,118.8792,79.20150000000001,84.0,-39.67766999999999,-64.0,23.80659,23.806600000000003,0.0,-7.93553,-64.0
4779,event_004779.csv,0.0,39.98524,-84.0,-39.98524,148.0,0.0,118.8792,80.0,-39.52387,-100.0,118.8792,79.20150000000001,8.0,-39.67766999999999,-36.0,23.80659,23.806600000000003,0.0,-23.80659,-40.0
4780,event_004780.csv,0.0,39.98524,-96.0,0.0,-100.0,0.0,39.52387,-32.0,-39.52387,20.0,118.8792,79.20150000000001,8.0,-39.67766999999999,-100.0,23.80659,23.806600000000003,0.0,-7.93553,4.0
4781,event_004781.csv,0.0,39.98524,-16.0,-39.98524,-52.0,0.0,79.20153,124.0,-39.52387,-80.0,158.5568,39.5239,16.0,-79.35527,-88.0,31.74213,15.871060000000003,0.0,-15.87107,-52.0
4782,event_004782.csv,0.0,39.98524,-88.0,-39.98524,-96.0,0.0,39.52387,-100.0,-39.52387,-96.0,118.8792,79.20150000000001,20.0,-39.67766999999999,-56.0,23.80659,23.806600000000003,0.0,-7.93553,-88.0
4783,event_004783.csv,0.0,39.98524,-56.0,-39.98524,116.0,0.0,39.52387,40.0,-39.52387,-92.0,118.8792,79.20150000000001,184.0,-39.67766999999999,32.0,31.74213,15.871060000000003,0.0,-23.806599,4.0
4784,event_004784.csv,0.0,39.98524,-88.0,0.0,-100.0,0.0,39.52387,-40.0,-39.52387,-76.0,118.8792,79.20150000000001,16.0,-39.67766999999999,-8.0,23.80659,23.806600000000003,0.0,-15.871058999999999,-36.0
4785,event_004785.csv,0.0,39.98524,-92.0,0.0,-100.0,0.0,39.52387,-100.0,-39.52387,-36.0,118.8792,39.67760000000001,-84.0,-39.67766999999999,-8.0,23.80659,23.806600000000003,0.0,-15.871058999999999,20.0
4786,event_004786.csv,0.0,39.98524,-88.0,-39.98524,-100.0,0.0,39.52387,-96.0,-39.52387,-100.0,158.5568,39.5239,16.0,-79.35527,-68.0,15.87106,31.742130000000003,0.0,-7.935529,-40.0
4787,event_004787.csv,0.0,39.98524,-84.0,-39.98524,-76.0,0.0,39.52387,136.0,-39.52387,-52.0,158.5568,39.5239,40.0,-79.35527,-76.0,23.80659,23.806600000000003,0.0,-7.93553,-76.0
4788,event_004788.csv,0.0,79.97047,-100.0,-39.98524,24.0,0.0,39.52387,-100.0,-39.52387,-56.0,138.71800000000002,59.36269999999999,-16.0,-59.51647000000001,-56.0,23.80659,23.806600000000003,0.0,-15.871058999999999,-36.0
4789,event_004789.csv,0.0,39.98524,-92.0,-39.98524,140.0,0.0,39.52387,-84.0,-39.52387,-40.0,118.8792,79.20150000000001,-88.0,-39.67766999999999,48.0,23.80659,23.806600000000003,0.0,-15.871058999999999,-36.0
4790,event_004790.csv,0.0,39.98524,-80.0,-39.98524,-92.0,0.0,39.52387,-88.0,-39.52387,44.0,158.5568,79.20159999999998,56.0,-119.03293000000001,36.0,23.80659,23.806600000000003,0.0,-7.93553,12.0
4791,event_004791.csv,0.0,39.98524,-96.0,-39.98524,96.0,0.0,39.52387,-88.0,-39.52387,-84.0,158.5568,39.5239,8.0,-79.35527,-48.0,23.80659,23.806600000000003,0.0,-7.93553,-52.0
4792,event_004792.csv,0.0,39.98524,-88.0,0.0,-100.0,0.0,39.52387,-96.0,-39.52387,28.0,118.8792,79.20150000000001,8.0,-39.67766999999999,-84.0,23.80659,23.806600000000003,0.0,-7.93553,-68.0
4793,event_004793.csv,0.0,39.98524,-68.0,-39.98524,-88.0,0.0,39.52387,-20.0,-39.52387,-88.0,118.8792,79.20150000000001,-16.0,-39.67766999999999,4.0,15.87106,31.742130000000003,0.0,-7.935529,-40.0
4794,event_004794.csv,0.0,39.98524,-100.0,-39.98524,52.0,0.0,39.52387,-96.0,-39.52387,-20.0,118.8792,118.8792,8.0,-118.8792,36.0,7.935531,39.677659000000006,0.0,-23.806591,16.0
4795,event_004795.csv,0.0,39.98524,-16.0,-39.98524,60.0,0.0,39.52387,-88.0,-39.52387,-92.0,118.8792,79.20150000000001,16.0,-39.67766999999999,-4.0,23.80659,23.806600000000003,0.0,-15.871058999999999,-52.0
4796,event_004796.csv,0.0,39.98524,-92.0,-39.98524,-80.0,0.0,39.52387,-76.0,-39.52387,-72.0,158.5568,39.5239,-52.0,-79.35527,-8.0,23.80659,23.806600000000003,0.0,-15.871058999999999,-40.0
4797,event_004797.csv,0.0,39.98524,-96.0,-39.98524,-52.0,0.0,79.20153,-88.0,-39.52387,20.0,118.8792,79.20150000000001,-64.0,-39.67766999999999,-20.0,31.74213,15.871060000000003,0.0,-15.87107,20.0
4798,event_004798.csv,0.0,39.98524,-88.0,-39.98524,64.0,0.0,39.52387,-68.0,-39.52387,-96.0,158.5568,39.5239,12.0,-119.03293000000001,-4.0,23.80659,23.806600000000003,0.0,-15.871058999999999,-48.0
4799,event_004799.csv,0.0,39.98524,-88.0,0.0,-100.0,0.0,39.52387,-68.0,-39.52387,4.0,118.8792,118.8792,16.0,-39.67766999999999,-4.0,23.80659,23.806600000000003,0.0,-15.871058999999999,28.0
4800,event_004800.csv,0.0,39.98524,-88.0,0.0,-100.0,0.0,39.52387,-92.0,-39.52387,-88.0,118.8792,79.20150000000001,-28.0,-39.67766999999999,-100.0,23.80659,23.806600000000003,0.0,-15.871058999999999,-40.0
4801,event_004801.csv,0.0,39.98524,-60.0,-39.98524,16.0,0.0,39.52387,-84.0,-39.52387,-80.0,118.8792,79.20150000000001,16.0,-79.35533,172.0,23.80659,23.806600000000003,0.0,-15.871058999999999,-48.0
4802,event_004802.csv,0.0,39.98524,-96.0,-39.98524,36.0,0.0,39.52387,-88.0,-39.52387,-76.0,118.8792,79.20150000000001,12.0,-39.67766999999999,-56.0,23.80659,23.806600000000003,0.0,-15.871058999999999,20.0
4803,event_004803.csv,0.0,39.98524,-84.0,0.0,-100.0,0.0,39.52387,-84.0,-39.52387,-64.0,118.8792,79.20150000000001,20.0,-39.67766999999999,-92.0,15.87106,31.742130000000003,0.0,-15.87106,20.0
4804,event_004804.csv,0.0,39.98524,-92.0,0.0,-100.0,0.0,39.52387,-96.0,-39.52387,-60.0,118.8792,79.20150000000001,4.0,-39.67766999999999,-68.0,23.80659,23.806600000000003,0.0,-15.871058999999999,8.0
4805,event_004805.csv,0.0,39.98524,-88.0,-39.98524,-4.0,0.0,39.52387,-40.0,-39.52387,-52.0,118.8792,79.20150000000001,-96.0,-39.67766999999999,168.0,23.80659,23.806600000000003,0.0,-7.93553,-88.0
4806,event_004806.csv,0.0,39.98524,-76.0,-39.98524,156.0,0.0,39.52387,-64.0,-39.52387,-12.0,118.8792,79.20150000000001,8.0,-39.67766999999999,-68.0,23.80659,23.806600000000003,0.0,-23.80659,20.0
4807,event_004807.csv,0.0,39.98524,-96.0,-39.98524,12.0,0.0,39.52387,-88.0,-39.52387,-84.0,118.8792,79.20150000000001,8.0,-39.67766999999999,-100.0,23.80659,23.806600000000003,0.0,-15.871058999999999,24.0
4808,event_004808.csv,0.0,39.98524,-100.0,-39.98524,120.0,0.0,39.52387,-84.0,-39.52387,-96.0,118.8792,118.8792,112.0,-79.35533,132.0,31.74213,15.871060000000003,0.0,-15.87107,144.0
4809,event_004809.csv,0.0,39.98524,-72.0,0.0,-100.0,0.0,39.52387,8.0,-39.52387,-84.0,158.5568,39.5239,-100.0,-79.35527,-20.0,23.80659,23.806600000000003,0.0,-15.871058999999999,20.0
4810,event_004810.csv,0.0,39.98524,-40.0,0.0,-100.0,0.0,39.52387,40.0,-39.52387,-36.0,118.8792,79.20150000000001,20.0,-39.67766999999999,-4.0,23.80659,23.806600000000003,0.0,-23.80659,20.0
4811,event_004811.csv,0.0,39.98524,-20.0,-39.98524,-28.0,0.0,39.52387,-96.0,-39.52387,-92.0,118.8792,79.20150000000001,12.0,-39.67766999999999,-44.0,23.80659,23.806600000000003,0.0,-7.93553,-52.0
4812,event_004812.csv,0.0,39.98524,-56.0,-39.98524,-52.0,0.0,39.52387,-88.0,-39.52387,-80.0,118.8792,39.67760000000001,-100.0,-79.35533,44.0,31.74213,15.871060000000003,0.0,-23.806599,20.0
4813,event_004813.csv,0.0,39.98524,-84.0,0.0,-100.0,0.0,39.52387,-84.0,-39.52387,-88.0,118.8792,79.20150000000001,-28.0,-79.35533,40.0,23.80659,23.806600000000003,0.0,-15.871058999999999,-40.0
4814,event_004814.csv,0.0,39.98524,-80.0,-39.98524,36.0,0.0,39.52387,-96.0,-39.52387,-100.0,158.5568,39.5239,-56.0,-79.35527,-64.0,23.80659,23.806600000000003,0.0,-15.871058999999999,-52.0
4815,event_004815.csv,0.0,39.98524,-92.0,-39.98524,-32.0,0.0,39.52387,-84.0,-39.52387,-88.0,158.5568,39.5239,20.0,-119.03293000000001,36.0,23.80659,23.806600000000003,0.0,-15.871058999999999,-40.0
4816,event_004816.csv,0.0,39.98524,-96.0,0.0,-100.0,0.0,39.52387,-60.0,-39.52387,-100.0,118.8792,79.20150000000001,8.0,-39.67766999999999,-92.0,31.74213,15.871060000000003,0.0,-23.806599,4.0
4817,event_004817.csv,0.0,39.98524,-80.0,-39.98524,140.0,0.0,39.52387,-64.0,-39.52387,-44.0,118.8792,79.20150000000001,144.0,-79.35533,120.0,23.80659,23.806600000000003,0.0,-15.871058999999999,-36.0
4818,event_004818.csv,0.0,39.98524,-88.0,0.0,-100.0,0.0,39.52387,-96.0,-39.52387,-100.0,118.8792,79.20150000000001,56.0,-39.67766999999999,-44.0,23.80659,23.806600000000003,0.0,-7.93553,-64.0
4819,event_004819.csv,0.0,39.98524,-84.0,0.0,-100.0,0.0,79.20153,-36.0,-39.52387,40.0,118.8792,118.8792,-100.0,-79.35533,-80.0,23.80659,23.806600000000003,0.0,-7.93553,-96.0
4820,event_004820.csv,0.0,39.98524,-88.0,-39.98524,-84.0,0.0,39.52387,-80.0,-39.52387,-68.0,118.8792,79.20150000000001,-80.0,-79.35533,-8.0,15.87106,31.742130000000003,0.0,-7.935529,-92.0
4821,event_004821.csv,0.0,39.98524,-100.0,-39.98524,-76.0,0.0,39.52387,-48.0,-39.52387,-84.0,118.8792,79.20150000000001,140.0,-79.35533,172.0,23.80659,23.806600000000003,0.0,-7.93553,-52.0
4822,event_004822.csv,0.0,39.98524,-96.0,0.0,-100.0,0.0,39.52387,-84.0,-39.52387,-92.0,118.8792,118.8792,16.0,-79.35533,44.0,23.80659,23.806600000000003,0.0,-15.871058999999999,-36.0
4823,event_004823.csv,0.0,39.98524,-88.0,-39.98524,-36.0,0.0,39.52387,-24.0,-39.52387,-92.0,118.8792,79.20150000000001,-28.0,-39.67766999999999,124.0,23.80659,23.806600000000003,0.0,-15.871058999999999,-52.0
4824,event_004824.csv,0.0,39.98524,-44.0,-39.98524,-20.0,0.0,39.52387,-40.0,-39.52387,-4.0,118.8792,79.20150000000001,-80.0,-79.35533,124.0,15.87106,31.742130000000003,0.0,-15.87106,-40.0
4825,event_004825.csv,0.0,39.98524,-92.0,-39.98524,-84.0,0.0,39.52387,-72.0,-39.52387,-84.0,158.5568,39.5239,8.0,-79.35527,-100.0,23.80659,23.806600000000003,0.0,-15.871058999999999,-36.0
4826,event_004826.csv,0.0,39.98524,-96.0,-39.98524,188.0,0.0,39.52387,-88.0,-39.52387,-76.0,118.8792,79.20150000000001,4.0,-39.67766999999999,-100.0,23.80659,23.806600000000003,0.0,-7.93553,8.0
4827,event_004827.csv,0.0,79.97047,96.0,-39.98524,-52.0,0.0,39.52387,-88.0,-39.52387,-52.0,138.71800000000002,336.9525,68.0,-99.19413000000002,-100.0,23.80659,23.806600000000003,0.0,-7.93553,4.0
4828,event_004828.csv,0.0,39.98524,-56.0,-39.98524,24.0,0.0,79.20153,72.0,-39.52387,-76.0,118.8792,79.20150000000001,148.0,-39.67766999999999,-100.0,23.80659,23.806600000000003,0.0,-23.80659,8.0
4829,event_004829.csv,0.0,39.98524,-68.0,-39.98524,-88.0,0.0,39.52387,-84.0,-39.52387,-32.0,118.8792,79.20150000000001,-32.0,-39.67766999999999,-44.0,23.80659,23.806600000000003,0.0,-15.871058999999999,-36.0
4830,event_004830.csv,0.0,39.98524,-88.0,-39.98524,-64.0,0.0,39.52387,-80.0,-39.52387,-100.0,118.8792,79.20150000000001,-84.0,-79.35533,-96.0,23.80659,23.806600000000003,0.0,-15.871058999999999,20.0
4831,event_004831.csv,0.0,39.98524,-92.0,0.0,-100.0,0.0,39.52387,-100.0,-39.52387,-80.0,118.8792,118.8792,24.0,-79.35533,-4.0,23.80659,23.806600000000003,0.0,-7.93553,-48.0
4832,event_004832.csv,0.0,39.98524,-88.0,-39.98524,-68.0,0.0,39.52387,64.0,-39.52387,-44.0,138.71800000000002,59.36269999999999,-28.0,-59.51647000000001,-100.0,23.80659,23.806600000000003,0.0,-15.871058999999999,-28.0
4833,event_004833.csv,0.0,39.98524,-64.0,0.0,-100.0,0.0,39.52387,8.0,-39.52387,-68.0,158.5568,39.5239,-48.0,-119.03293000000001,40.0,23.80659,23.806600000000003,0.0,-7.93553,12.0
4834,event_004834.csv,0.0,39.98524,-72.0,-39.98524,-36.0,0.0,39.52387,-72.0,-39.52387,60.0,118.8792,79.20150000000001,16.0,-39.67766999999999,-56.0,23.80659,23.806600000000003,0.0,-15.871058999999999,-36.0
4835,event_004835.csv,0.0,39.98524,-28.0,-39.98524,176.0,0.0,39.52387,148.0,-39.52387,-64.0,118.8792,79.20150000000001,20.0,-79.35533,160.0,23.80659,23.806600000000003,0.0,-7.93553,-96.0
4836,event_004836.csv,0.0,39.98524,-92.0,-39.98524,-12.0,0.0,79.20153,112.0,-39.52387,-52.0,118.8792,79.20150000000001,-52.0,-39.67766999999999,-76.0,23.80659,23.806600000000003,0.0,-7.93553,-52.0
4837,event_004837.csv,0.0,39.98524,-100.0,-39.98524,88.0,0.0,39.52387,-4.0,-39.52387,-88.0,118.8792,79.20150000000001,-52.0,-39.67766999999999,-8.0,15.87106,31.742130000000003,0.0,-15.87106,-48.0
4838,event_004838.csv,0.0,39.98524,-84.0,-39.98524,-44.0,0.0,39.52387,-32.0,-39.52387,-20.0,158.5568,39.5239,-40.0,-79.35527,-76.0,23.80659,23.806600000000003,0.0,-7.93553,-52.0
4839,event_004839.csv,0.0,39.98524,-96.0,-39.98524,148.0,0.0,39.52387,-40.0,-39.52387,-84.0,158.5568,39.5239,-40.0,-79.35527,-4.0,23.80659,23.806600000000003,0.0,-23.80659,-36.0
4840,event_004840.csv,0.0,39.98524,-80.0,0.0,-100.0,0.0,39.52387,-64.0,-39.52387,-52.0,118.8792,79.20150000000001,20.0,-39.67766999999999,-56.0,23.80659,23.806600000000003,0.0,-7.93553,-40.0
4841,event_004841.csv,0.0,39.98524,-100.0,-39.98524,24.0,0.0,39.52387,12.0,-39.52387,-80.0,118.8792,79.20150000000001,-96.0,-39.67766999999999,36.0,15.87106,31.742130000000003,0.0,-15.87106,20.0
4842,event_004842.csv,0.0,39.98524,-68.0,-39.98524,-20.0,0.0,39.52387,-40.0,-39.52387,-44.0,118.8792,79.20150000000001,16.0,-39.67766999999999,-76.0,23.80659,23.806600000000003,0.0,-23.80659,-40.0
4843,event_004843.csv,0.0,39.98524,-88.0,-39.98524,92.0,0.0,39.52387,-96.0,-39.52387,-76.0,118.8792,79.20150000000001,8.0,-39.67766999999999,-92.0,23.80659,23.806600000000003,0.0,-7.93553,12.0
4844,event_004844.csv,0.0,39.98524,-64.0,-39.98524,-84.0,0.0,39.52387,-96.0,-39.52387,12.0,118.8792,79.20150000000001,8.0,-79.35533,36.0,23.80659,23.806600000000003,0.0,-7.93553,12.0
4845,event_004845.csv,0.0,39.98524,-88.0,-39.98524,-60.0,0.0,39.52387,-64.0,-39.52387,-92.0,118.8792,118.8792,8.0,-79.35533,32.0,23.80659,23.806600000000003,0.0,-15.871058999999999,20.0
4846,event_004846.csv,0.0,39.98524,-88.0,0.0,-100.0,0.0,39.52387,-88.0,-39.52387,-84.0,118.8792,79.20150000000001,56.0,-39.67766999999999,-48.0,23.80659,23.806600000000003,0.0,-15.871058999999999,-8.0
4847,event_004847.csv,0.0,39.98524,-92.0,-39.98524,76.0,0.0,39.52387,-56.0,-39.52387,-68.0,158.5568,39.5239,16.0,-79.35527,-100.0,23.80659,23.806600000000003,0.0,-15.871058999999999,-40.0
4848,event_004848.csv,0.0,39.98524,-8.0,0.0,-100.0,0.0,39.52387,-64.0,-39.52387,-28.0,118.8792,118.8792,200.0,-39.67766999999999,-96.0,23.80659,23.806600000000003,0.0,-7.93553,-60.0
4849,event_004849.csv,0.0,39.98524,-72.0,-39.98524,-100.0,0.0,39.52387,32.0,-39.52387,-84.0,158.5568,277.4361,16.0,-79.35527,-84.0,15.87106,31.742130000000003,0.0,-7.935529,-36.0
4850,event_004850.csv,0.0,39.98524,-72.0,-39.98524,-20.0,0.0,39.52387,-88.0,-39.52387,-68.0,118.8792,39.67760000000001,-100.0,-39.67766999999999,-84.0,23.80659,23.806600000000003,0.0,-7.93553,8.0
4851,event_004851.csv,0.0,39.98524,-92.0,0.0,-100.0,0.0,39.52387,-36.0,-39.52387,-80.0,118.8792,118.8792,148.0,-39.67766999999999,-4.0,15.87106,31.742130000000003,0.0,-7.935529,-40.0
4852,event_004852.csv,0.0,39.98524,-68.0,0.0,-100.0,0.0,39.52387,-40.0,-39.52387,-76.0,118.8792,118.8792,200.0,-39.67766999999999,60.0,31.74213,15.871060000000003,0.0,-23.806599,20.0
4853,event_004853.csv,0.0,39.98524,4.0,-39.98524,-28.0,0.0,39.52387,-64.0,-39.52387,-100.0,158.5568,79.20159999999998,16.0,-119.03293000000001,-52.0,23.80659,23.806600000000003,0.0,-15.871058999999999,-16.0
4854,event_004854.csv,0.0,39.98524,-88.0,-39.98524,-36.0,0.0,39.52387,-92.0,-39.52387,-52.0,118.8792,118.8792,152.0,-79.35533,-56.0,23.80659,23.806600000000003,0.0,-15.871058999999999,-40.0
4855,event_004855.csv,0.0,39.98524,-96.0,0.0,-100.0,0.0,39.52387,80.0,-39.52387,-100.0,118.8792,79.20150000000001,20.0,-39.67766999999999,-100.0,23.80659,23.806600000000003,0.0,-7.93553,-60.0
4856,event_004856.csv,0.0,39.98524,-40.0,-39.98524,20.0,0.0,39.52387,-80.0,-39.52387,-92.0,118.8792,118.8792,16.0,-118.8792,-4.0,23.80659,23.806600000000003,0.0,-7.93553,100.0
4857,event_004857.csv,0.0,39.98524,-72.0,-39.98524,-92.0,0.0,39.52387,-88.0,-39.52387,-92.0,118.8792,79.20150000000001,20.0,-79.35533,96.0,23.80659,23.806600000000003,0.0,-15.871058999999999,20.0
4858,event_004858.csv,0.0,39.98524,-76.0,-39.98524,108.0,0.0,39.52387,-40.0,-39.52387,-52.0,118.8792,79.20150000000001,-96.0,-39.67766999999999,-72.0,23.80659,23.806600000000003,0.0,-7.93553,-60.0
4859,event_004859.csv,0.0,39.98524,-8.0,0.0,-100.0,0.0,39.52387,-72.0,-39.52387,-84.0,118.8792,79.20150000000001,-40.0,-79.35533,36.0,23.80659,23.806600000000003,0.0,-15.871058999999999,-36.0
4860,event_004860.csv,0.0,39.98524,-96.0,-39.98524,-64.0,0.0,39.52387,-68.0,-39.52387,-8.0,118.8792,79.20150000000001,8.0,-39.67766999999999,124.0,23.80659,23.806600000000003,0.0,-15.871058999999999,16.0
4861,event_004861.csv,0.0,39.98524,-80.0,-39.98524,116.0,0.0,39.52387,-100.0,-39.52387,28.0,118.8792,118.8792,20.0,-39.67766999999999,-8.0,23.80659,23.806600000000003,0.0,-15.871058999999999,-60.0
4862,event_004862.csv,0.0,39.98524,-100.0,0.0,-96.0,0.0,39.52387,-60.0,-39.52387,-72.0,118.8792,79.20150000000001,68.0,-39.67766999999999,-96.0,23.80659,23.806600000000003,0.0,-7.93553,-36.0
4863,event_004863.csv,0.0,39.98524,-88.0,-39.98524,-44.0,0.0,39.52387,-48.0,-39.52387,-60.0,118.8792,79.20150000000001,-40.0,-79.35533,124.0,23.80659,23.806600000000003,0.0,-23.80659,20.0
4864,event_004864.csv,0.0,39.98524,-56.0,0.0,-100.0,0.0,39.52387,-52.0,-39.52387,-96.0,118.8792,79.20150000000001,20.0,-39.67766999999999,28.0,23.80659,23.806600000000003,0.0,-15.871058999999999,20.0
4865,event_004865.csv,0.0,39.98524,-52.0,-39.98524,-76.0,0.0,39.52387,-60.0,-39.52387,-88.0,118.8792,118.8792,124.0,-79.35533,-12.0,23.80659,23.806600000000003,0.0,-15.871058999999999,-40.0
4866,event_004866.csv,0.0,39.98524,-92.0,-39.98524,192.0,0.0,79.20153,-92.0,-39.52387,144.0,118.8792,79.20150000000001,20.0,-79.35533,120.0,23.80659,23.806600000000003,0.0,-15.871058999999999,-40.0
4867,event_004867.csv,0.0,39.98524,-56.0,0.0,-100.0,0.0,39.52387,16.0,-39.52387,-12.0,138.71800000000002,59.36269999999999,-52.0,-59.51647000000001,0.0,23.80659,23.806600000000003,0.0,-7.93553,-52.0
4868,event_004868.csv,0.0,39.98524,-68.0,-39.98524,20.0,0.0,39.52387,-80.0,-39.52387,-68.0,118.8792,79.20150000000001,-40.0,-39.67766999999999,-16.0,23.80659,31.742130000000003,0.0,-15.871058999999999,-28.0
4869,event_004869.csv,0.0,39.98524,-88.0,0.0,-100.0,0.0,39.52387,-100.0,-39.52387,72.0,158.5568,79.20159999999998,148.0,-119.03293000000001,-4.0,31.74213,15.871060000000003,0.0,-23.806599,152.0
4870,event_004870.csv,0.0,39.98524,-64.0,0.0,-100.0,0.0,39.52387,-8.0,-39.52387,-76.0,118.8792,118.8792,8.0,-79.35533,-20.0,23.80659,23.806600000000003,0.0,-7.93553,-36.0
4871,event_004871.csv,0.0,39.98524,-96.0,-39.98524,148.0,0.0,39.52387,-96.0,-39.52387,-84.0,118.8792,396.46900000000005,16.0,-39.67766999999999,-44.0,23.80659,23.806600000000003,0.0,-15.871058999999999,-12.0
4872,event_004872.csv,0.0,39.98524,-68.0,0.0,-100.0,0.0,39.52387,-44.0,-39.52387,-88.0,118.8792,118.8792,-32.0,-79.35533,-12.0,23.80659,23.806600000000003,0.0,-7.93553,-72.0
4873,event_004873.csv,0.0,39.98524,-92.0,-39.98524,-64.0,0.0,39.52387,-88.0,-39.52387,-60.0,118.8792,79.20150000000001,8.0,-39.67766999999999,-88.0,23.80659,23.806600000000003,0.0,-15.871058999999999,-40.0
4874,event_004874.csv,0.0,39.98524,-48.0,-39.98524,-72.0,0.0,39.52387,-16.0,-39.52387,-100.0,118.8792,118.8792,96.0,-79.35533,-8.0,23.80659,23.806600000000003,0.0,-7.93553,-20.0
4875,event_004875.csv,0.0,39.98524,-56.0,-39.98524,28.0,0.0,39.52387,-72.0,-39.52387,-84.0,118.8792,158.55679999999998,-52.0,-118.8792,-28.0,23.80659,23.806600000000003,0.0,-7.93553,-80.0
4876,event_004876.csv,0.0,39.98524,-88.0,-39.98524,52.0,0.0,39.52387,-32.0,-39.52387,-76.0,118.8792,79.20150000000001,-28.0,-39.67766999999999,-96.0,23.80659,23.806600000000003,0.0,-7.93553,-60.0
4877,event_004877.csv,0.0,39.98524,-88.0,-39.98524,-60.0,0.0,79.20153,128.0,-39.52387,52.0,118.8792,79.20150000000001,-56.0,-39.67766999999999,-36.0,23.80659,23.806600000000003,0.0,-7.93553,-28.0
4878,event_004878.csv,0.0,39.98524,-48.0,-39.98524,120.0,0.0,39.52387,-96.0,-39.52387,-44.0,118.8792,79.20150000000001,-28.0,-79.35533,120.0,23.80659,23.806600000000003,0.0,-15.871058999999999,-52.0
4879,event_004879.csv,0.0,39.98524,-92.0,-39.98524,172.0,0.0,39.52387,-56.0,-39.52387,-96.0,118.8792,118.8792,16.0,-39.67766999999999,-72.0,23.80659,23.806600000000003,0.0,-7.93553,-60.0
4880,event_004880.csv,0.0,39.98524,-72.0,0.0,-100.0,0.0,39.52387,-96.0,-39.52387,-44.0,118.8792,79.20150000000001,144.0,-39.67766999999999,-76.0,15.87106,31.742130000000003,0.0,-15.87106,-40.0
4881,event_004881.csv,0.0,39.98524,-88.0,-39.98524,-100.0,0.0,39.52387,-88.0,-39.52387,-44.0,118.8792,79.20150000000001,-16.0,-39.67766999999999,0.0,23.80659,23.806600000000003,0.0,-15.871058999999999,20.0
4882,event_004882.csv,0.0,39.98524,-76.0,-39.98524,44.0,0.0,39.52387,-88.0,-39.52387,-28.0,118.8792,79.20150000000001,8.0,-39.67766999999999,44.0,23.80659,23.806600000000003,0.0,-15.871058999999999,-52.0
4883,event_004883.csv,0.0,39.98524,-68.0,-39.98524,100.0,0.0,39.52387,-4.0,-39.52387,-96.0,118.8792,79.20150000000001,12.0,-39.67766999999999,-72.0,23.80659,23.806600000000003,0.0,-15.871058999999999,-48.0
4884,event_004884.csv,0.0,39.98524,-32.0,-39.98524,-12.0,0.0,39.52387,-48.0,-39.52387,-84.0,118.8792,79.20150000000001,-40.0,-79.35533,-60.0,27.77436,19.83883,0.0,-11.903300000000002,-52.0
4885,event_004885.csv,0.0,39.98524,-100.0,-39.98524,24.0,0.0,39.52387,-92.0,-39.52387,-40.0,158.5568,39.5239,20.0,-79.35527,-24.0,23.80659,23.806600000000003,0.0,-23.80659,-40.0
4886,event_004886.csv,0.0,39.98524,-100.0,-39.98524,-92.0,0.0,39.52387,-64.0,-39.52387,-20.0,118.8792,79.20150000000001,-72.0,-39.67766999999999,-92.0,23.80659,23.806600000000003,0.0,-15.871058999999999,-52.0
4887,event_004887.csv,0.0,39.98524,-84.0,0.0,-100.0,0.0,39.52387,-100.0,-39.52387,0.0,118.8792,79.20150000000001,100.0,-39.67766999999999,-48.0,23.80659,23.806600000000003,0.0,-23.80659,-40.0
4888,event_004888.csv,0.0,39.98524,-96.0,0.0,-100.0,0.0,39.52387,-72.0,-39.52387,-100.0,118.8792,79.20150000000001,20.0,-39.67766999999999,-100.0,23.80659,23.806600000000003,0.0,-15.871058999999999,-52.0
4889,event_004889.csv,0.0,39.98524,-80.0,-39.98524,-68.0,0.0,39.52387,80.0,-39.52387,-52.0,118.8792,79.20150000000001,-44.0,-79.35533,44.0,23.80659,23.806600000000003,0.0,-7.93553,-68.0
4890,event_004890.csv,0.0,39.98524,-48.0,-39.98524,-72.0,0.0,39.52387,-64.0,-39.52387,-12.0,118.8792,79.20150000000001,104.0,-39.67766999999999,-96.0,23.80659,23.806600000000003,0.0,-15.871058999999999,-36.0
4891,event_004891.csv,0.0,39.98524,-92.0,-39.98524,-68.0,0.0,39.52387,-64.0,-39.52387,-44.0,118.8792,79.20150000000001,16.0,-39.67766999999999,-20.0,31.74213,15.871060000000003,0.0,-23.806599,-36.0
4892,event_004892.csv,0.0,39.98524,8.0,0.0,-100.0,0.0,39.52387,-88.0,-39.52387,-60.0,158.5568,79.20159999999998,-32.0,-79.35527,-48.0,23.80659,23.806600000000003,0.0,-7.93553,-92.0
4893,event_004893.csv,0.0,39.98524,-64.0,-39.98524,-72.0,0.0,39.52387,-88.0,-39.52387,-52.0,118.8792,79.20150000000001,4.0,-39.67766999999999,120.0,27.77436,19.83883,0.0,-11.903300000000002,-52.0
4894,event_004894.csv,0.0,39.98524,-56.0,-39.98524,-52.0,0.0,39.52387,-88.0,-39.52387,-96.0,158.5568,79.20159999999998,16.0,-79.35527,36.0,23.80659,23.806600000000003,0.0,-15.871058999999999,20.0
4895,event_004895.csv,0.0,39.98524,-56.0,-39.98524,-52.0,0.0,39.52387,-88.0,-39.52387,-100.0,138.71800000000002,59.36269999999999,-40.0,-59.51647000000001,-16.0,31.74213,15.871060000000003,0.0,-15.87107,-28.0
4896,event_004896.csv,0.0,39.98524,-100.0,0.0,-96.0,0.0,39.52387,-96.0,-39.52387,-68.0,158.5568,39.5239,-96.0,-119.03293000000001,44.0,31.74213,15.871060000000003,0.0,-23.806599,20.0
4897,event_004897.csv,0.0,39.98524,-84.0,0.0,-100.0,0.0,0.0,-100.0,-39.52387,-68.0,138.71800000000002,59.36269999999999,16.0,-59.51647000000001,-48.0,23.80659,23.806600000000003,0.0,-15.871058999999999,-28.0
4898,event_004898.csv,0.0,39.98524,-72.0,-39.98524,-88.0,0.0,39.52387,-8.0,-39.52387,-76.0,158.5568,39.5239,72.0,-119.03293000000001,160.0,23.80659,23.806600000000003,0.0,-7.93553,-52.0
4899,event_004899.csv,0.0,39.98524,-76.0,-39.98524,-100.0,0.0,39.52387,-72.0,-39.52387,-84.0,118.8792,118.8792,144.0,-79.35533,120.0,23.80659,23.806600000000003,0.0,-15.871058999999999,-36.0
4900,event_004900.csv,0.0,39.98524,-100.0,0.0,-96.0,0.0,39.52387,48.0,-39.52387,172.0,118.8792,79.20150000000001,8.0,-39.67766999999999,28.0,15.87106,31.742130000000003,0.0,-15.87106,-28.0
4901,event_004901.csv,0.0,39.98524,-80.0,0.0,-100.0,0.0,39.52387,-80.0,-39.52387,-44.0,118.8792,79.20150000000001,20.0,-39.67766999999999,-88.0,23.80659,23.806600000000003,0.0,-15.871058999999999,-48.0
4902,event_004902.csv,0.0,39.98524,-72.0,-39.98524,140.0,0.0,39.52387,-88.0,-39.52387,-12.0,118.8792,79.20150000000001,8.0,-39.67766999999999,-4.0,23.80659,23.806600000000003,0.0,-15.871058999999999,20.0
4903,event_004903.csv,0.0,39.98524,-72.0,-39.98524,28.0,0.0,39.52387,-40.0,-39.52387,-92.0,118.8792,79.20150000000001,52.0,-39.67766999999999,0.0,23.80659,23.806600000000003,0.0,-15.871058999999999,8.0
4904,event_004904.csv,0.0,39.98524,-84.0,0.0,-100.0,0.0,39.52387,-84.0,-39.52387,-56.0,158.5568,39.5239,12.0,-79.35527,120.0,23.80659,23.806600000000003,0.0,-7.93553,-64.0
4905,event_004905.csv,0.0,39.98524,-84.0,-39.98524,-72.0,0.0,39.52387,-92.0,-39.52387,-32.0,118.8792,79.20150000000001,-52.0,-79.35533,0.0,23.80659,23.806600000000003,0.0,-15.871058999999999,20.0
4906,event_004906.csv,0.0,39.98524,-96.0,-39.98524,-100.0,0.0,39.52387,-24.0,-39.52387,-100.0,138.71800000000002,336.9525,-60.0,-19.83880000000002,28.0,31.74213,15.871060000000003,0.0,-15.87107,-52.0
4907,event_004907.csv,0.0,39.98524,-100.0,-39.98524,16.0,0.0,39.52387,-100.0,-39.52387,-88.0,118.8792,79.20150000000001,92.0,-39.67766999999999,-80.0,23.80659,23.806600000000003,0.0,-23.80659,-40.0
4908,event_004908.csv,0.0,39.98524,-80.0,-39.98524,-20.0,0.0,39.52387,-88.0,-39.52387,-12.0,118.8792,594.7035000000001,-28.0,-39.67766999999999,140.0,23.80659,23.806600000000003,0.0,-15.871058999999999,-4.0
4909,event_004909.csv,0.0,39.98524,-48.0,-39.98524,20.0,39.52387,0.0,-96.0,-79.04774,-52.0,118.8792,79.20150000000001,8.0,-39.67766999999999,-64.0,23.80659,23.806600000000003,0.0,-15.871058999999999,20.0
4910,event_004910.csv,0.0,39.98524,-96.0,-39.98524,44.0,0.0,39.52387,-56.0,-39.52387,-60.0,158.5568,79.20159999999998,12.0,-79.35527,-4.0,23.80659,23.806600000000003,0.0,-15.871058999999999,20.0
4911,event_004911.csv,0.0,39.98524,-56.0,-39.98524,60.0,0.0,39.52387,-8.0,-39.52387,-68.0,118.8792,79.20150000000001,52.0,-39.67766999999999,-88.0,23.80659,23.806600000000003,0.0,-15.871058999999999,-36.0
4912,event_004912.csv,0.0,39.98524,-80.0,-39.98524,-96.0,0.0,39.52387,-72.0,-39.52387,-60.0,118.8792,79.20150000000001,144.0,-79.35533,40.0,23.80659,23.806600000000003,0.0,-15.871058999999999,-40.0
4913,event_004913.csv,0.0,39.98524,-88.0,-39.98524,-28.0,0.0,39.52387,8.0,-39.52387,-100.0,118.8792,79.20150000000001,8.0,-39.67766999999999,-84.0,23.80659,23.806600000000003,0.0,-15.871058999999999,-36.0
4914,event_004914.csv,0.0,39.98524,-100.0,-39.98524,40.0,0.0,39.52387,-100.0,-39.52387,-64.0,118.8792,79.20150000000001,-36.0,-39.67766999999999,-56.0,23.80659,23.806600000000003,0.0,-15.871058999999999,-28.0
4915,event_004915.csv,0.0,39.98524,-88.0,-39.98524,16.0,0.0,39.52387,-80.0,-39.52387,-84.0,118.8792,79.20150000000001,-24.0,-39.67766999999999,-100.0,23.80659,23.806600000000003,0.0,-15.871058999999999,-36.0
4916,event_004916.csv,0.0,39.98524,-88.0,-39.98524,-92.0,0.0,39.52387,-80.0,-39.52387,-100.0,158.5568,79.20159999999998,-24.0,-119.03293000000001,-52.0,31.74213,15.871060000000003,0.0,-15.87107,-100.0
4917,event_004917.csv,0.0,39.98524,-64.0,-39.98524,76.0,0.0,39.52387,-96.0,-39.52387,-4.0,118.8792,79.20150000000001,8.0,-39.67766999999999,-100.0,23.80659,23.806600000000003,0.0,-15.871058999999999,-40.0
4918,event_004918.csv,0.0,39.98524,-88.0,-39.98524,92.0,0.0,39.52387,-24.0,-39.52387,-68.0,118.8792,79.20150000000001,20.0,-39.67766999999999,-36.0,23.80659,23.806600000000003,0.0,-15.871058999999999,-52.0
4919,event_004919.csv,0.0,39.98524,-96.0,-39.98524,184.0,0.0,39.52387,-76.0,-39.52387,-48.0,118.8792,118.8792,144.0,-39.67766999999999,36.0,23.80659,23.806600000000003,0.0,-15.871058999999999,-40.0
4920,event_004920.csv,0.0,39.98524,-76.0,-39.98524,8.0,0.0,39.52387,-44.0,-39.52387,-88.0,158.5568,39.5239,140.0,-79.35527,-88.0,23.80659,23.806600000000003,0.0,-23.80659,-40.0
4921,event_004921.csv,0.0,39.98524,-56.0,-39.98524,-12.0,0.0,39.52387,-80.0,-39.52387,-92.0,118.8792,79.20150000000001,-40.0,-39.67766999999999,-64.0,23.80659,23.806600000000003,0.0,-15.871058999999999,20.0
4922,event_004922.csv,0.0,39.98524,-96.0,-39.98524,24.0,0.0,39.52387,-72.0,-39.52387,-100.0,158.5568,79.20159999999998,16.0,-79.35527,-100.0,23.80659,23.806600000000003,0.0,-23.80659,20.0
4923,event_004923.csv,0.0,39.98524,-96.0,-39.98524,-68.0,0.0,79.20153,88.0,-39.52387,52.0,158.5568,39.5239,-36.0,-119.03293000000001,-92.0,23.80659,23.806600000000003,0.0,-15.871058999999999,-20.0
4924,event_004924.csv,0.0,39.98524,-96.0,0.0,-100.0,0.0,79.20153,172.0,-39.52387,72.0,118.8792,79.20150000000001,12.0,-39.67766999999999,120.0,23.80659,23.806600000000003,0.0,-15.871058999999999,20.0
4925,event_004925.csv,0.0,79.97047,-24.0,-39.98524,-12.0,0.0,39.52387,-80.0,-39.52387,-76.0,118.8792,79.20150000000001,-88.0,-39.67766999999999,-76.0,31.74213,15.871060000000003,0.0,-23.806599,4.0
4926,event_004926.csv,0.0,39.98524,-88.0,-39.98524,-84.0,0.0,39.52387,-64.0,-39.52387,-92.0,118.8792,79.20150000000001,-96.0,-79.35533,-8.0,31.74213,15.871060000000003,0.0,-23.806599,-36.0
4927,event_004927.csv,0.0,39.98524,-44.0,-39.98524,76.0,0.0,39.52387,-80.0,-39.52387,-28.0,158.5568,39.5239,-48.0,-79.35527,-68.0,23.80659,23.806600000000003,0.0,-15.871058999999999,-40.0
4928,event_004928.csv,0.0,39.98524,-96.0,-39.98524,-68.0,0.0,39.52387,-88.0,-39.52387,-100.0,118.8792,79.20150000000001,48.0,-39.67766999999999,-96.0,31.74213,15.871060000000003,0.0,-15.87107,-68.0
4929,event_004929.csv,0.0,39.98524,-92.0,-39.98524,-4.0,0.0,39.52387,-72.0,-39.52387,72.0,158.5568,39.5239,-40.0,-79.35527,-100.0,15.87106,31.742130000000003,0.0,-7.935529,-40.0
4930,event_004930.csv,0.0,39.98524,4.0,-39.98524,-48.0,0.0,39.52387,-100.0,-39.52387,-8.0,118.8792,79.20150000000001,-28.0,-39.67766999999999,-88.0,23.80659,23.806600000000003,0.0,-7.93553,-64.0
4931,event_004931.csv,0.0,39.98524,-88.0,-39.98524,140.0,0.0,39.52387,-88.0,-39.52387,-96.0,118.8792,79.20150000000001,16.0,-39.67766999999999,-96.0,23.80659,23.806600000000003,0.0,-15.871058999999999,4.0
4932,event_004932.csv,0.0,39.98524,-96.0,-39.98524,168.0,0.0,39.52387,-8.0,-39.52387,-84.0,118.8792,79.20150000000001,-32.0,-79.35533,-96.0,23.80659,23.806600000000003,0.0,-7.93553,-68.0
4933,event_004933.csv,0.0,39.98524,-88.0,0.0,-100.0,0.0,39.52387,-24.0,-39.52387,-100.0,118.8792,79.20150000000001,20.0,-39.67766999999999,-36.0,23.80659,31.742130000000003,0.0,-15.871058999999999,20.0
4934,event_004934.csv,0.0,39.98524,-32.0,-39.98524,12.0,0.0,39.52387,-56.0,-39.52387,-84.0,118.8792,79.20150000000001,16.0,-39.67766999999999,-12.0,23.80659,23.806600000000003,0.0,-15.871058999999999,-40.0
4935,event_004935.csv,0.0,39.98524,-64.0,-39.98524,112.0,0.0,39.52387,-96.0,-39.52387,-92.0,118.8792,118.8792,16.0,-79.35533,0.0,23.80659,23.806600000000003,0.0,-15.871058999999999,60.0
4936,event_004936.csv,0.0,39.98524,-84.0,-39.98524,72.0,0.0,39.52387,-92.0,-39.52387,-88.0,118.8792,79.20150000000001,16.0,-39.67766999999999,-8.0,15.87106,31.742130000000003,0.0,-7.935529,-40.0
4937,event_004937.csv,0.0,39.98524,-100.0,-39.98524,-24.0,0.0,39.52387,-84.0,-39.52387,-16.0,118.8792,79.20150000000001,140.0,-39.67766999999999,-56.0,23.80659,23.806600000000003,0.0,-7.93553,-64.0
4938,event_004938.csv,0.0,39.98524,-80.0,0.0,-100.0,0.0,39.52387,-64.0,-39.52387,-100.0,118.8792,79.20150000000001,16.0,-39.67766999999999,-92.0,23.80659,23.806600000000003,0.0,-7.93553,-52.0
4939,event_004939.csv,0.0,39.98524,-76.0,-39.98524,136.0,0.0,39.52387,-84.0,-39.52387,-96.0,158.5568,39.5239,140.0,-79.35527,-88.0,15.87106,31.742130000000003,0.0,-15.87106,24.0
4940,event_004940.csv,0.0,39.98524,-40.0,-39.98524,-36.0,0.0,39.52387,-96.0,-39.52387,-100.0,118.8792,118.8792,-56.0,-39.67766999999999,-84.0,23.80659,23.806600000000003,0.0,-7.93553,-92.0
4941,event_004941.csv,0.0,39.98524,-92.0,-39.98524,64.0,0.0,39.52387,-84.0,-39.52387,168.0,118.8792,79.20150000000001,20.0,-39.67766999999999,-80.0,23.80659,23.806600000000003,0.0,-15.871058999999999,-40.0
4942,event_004942.csv,0.0,39.98524,-96.0,-39.98524,-68.0,0.0,39.52387,-72.0,-39.52387,-92.0,118.8792,79.20150000000001,64.0,-39.67766999999999,-36.0,23.80659,23.806600000000003,0.0,-15.871058999999999,20.0
4943,event_004943.csv,0.0,39.98524,-100.0,-39.98524,8.0,0.0,39.52387,-12.0,-39.52387,-96.0,118.8792,79.20150000000001,20.0,-39.67766999999999,-72.0,23.80659,23.806600000000003,0.0,-15.871058999999999,-36.0
4944,event_004944.csv,0.0,39.98524,-92.0,-39.98524,12.0,0.0,39.52387,-32.0,-39.52387,-80.0,118.8792,79.20150000000001,-28.0,-39.67766999999999,-88.0,23.80659,23.806600000000003,0.0,-15.871058999999999,-52.0
4945,event_004945.csv,0.0,39.98524,-76.0,-39.98524,176.0,0.0,39.52387,-84.0,-39.52387,0.0,118.8792,118.8792,20.0,-39.67766999999999,-100.0,23.80659,23.806600000000003,0.0,-7.93553,-96.0
4946,event_004946.csv,0.0,39.98524,-100.0,-39.98524,84.0,0.0,39.52387,-88.0,-39.52387,-92.0,118.8792,79.20150000000001,20.0,-39.67766999999999,-100.0,23.80659,23.806600000000003,0.0,-15.871058999999999,20.0
4947,event_004947.csv,0.0,39.98524,-100.0,-39.98524,-64.0,0.0,39.52387,-68.0,-39.52387,-88.0,118.8792,79.20150000000001,-52.0,-39.67766999999999,-72.0,23.80659,23.806600000000003,0.0,-15.871058999999999,-40.0
4948,event_004948.csv,0.0,39.98524,-88.0,0.0,-100.0,0.0,39.52387,-96.0,-39.52387,-84.0,158.5568,79.20159999999998,-88.0,-119.03293000000001,-64.0,23.80659,23.806600000000003,0.0,-23.80659,20.0
4949,event_004949.csv,0.0,39.98524,-28.0,-39.98524,-36.0,0.0,39.52387,144.0,-39.52387,-16.0,118.8792,158.55679999999998,56.0,-118.8792,32.0,23.80659,23.806600000000003,0.0,-15.871058999999999,24.0
4950,event_004950.csv,0.0,39.98524,-100.0,-39.98524,20.0,0.0,39.52387,-88.0,-39.52387,-100.0,158.5568,39.5239,-40.0,-119.03293000000001,0.0,31.74213,15.871060000000003,0.0,-23.806599,32.0
4951,event_004951.csv,0.0,39.98524,-60.0,-39.98524,-100.0,0.0,39.52387,-64.0,-39.52387,-100.0,138.71800000000002,59.36269999999999,-76.0,-59.51647000000001,-100.0,23.80659,23.806600000000003,0.0,-15.871058999999999,-72.0
4952,event_004952.csv,0.0,39.98524,-92.0,-39.98524,76.0,0.0,39.52387,-24.0,-39.52387,-12.0,118.8792,79.20150000000001,4.0,-39.67766999999999,-20.0,23.80659,23.806600000000003,0.0,-15.871058999999999,-52.0
4953,event_004953.csv,0.0,39.98524,-64.0,0.0,-100.0,0.0,39.52387,-88.0,-39.52387,48.0,118.8792,118.8792,16.0,-39.67766999999999,124.0,23.80659,23.806600000000003,0.0,-15.871058999999999,-52.0
4954,event_004954.csv,0.0,39.98524,-68.0,0.0,-100.0,0.0,39.52387,-100.0,-39.52387,-80.0,118.8792,79.20150000000001,20.0,-39.67766999999999,-80.0,23.80659,23.806600000000003,0.0,-15.871058999999999,-36.0
4955,event_004955.csv,0.0,39.98524,-92.0,-39.98524,144.0,0.0,39.52387,-76.0,-39.52387,-72.0,118.8792,79.20150000000001,4.0,-39.67766999999999,24.0,23.80659,23.806600000000003,0.0,-15.871058999999999,-8.0
4956,event_004956.csv,0.0,39.98524,-84.0,-39.98524,60.0,0.0,39.52387,-48.0,-39.52387,-100.0,118.8792,79.20150000000001,20.0,-39.67766999999999,0.0,23.80659,23.806600000000003,0.0,-15.871058999999999,-36.0
4957,event_004957.csv,0.0,39.98524,-92.0,-39.98524,-36.0,0.0,39.52387,-88.0,-39.52387,-28.0,138.71800000000002,59.36269999999999,8.0,-59.51647000000001,-76.0,23.80659,23.806600000000003,0.0,-15.871058999999999,20.0
4958,event_004958.csv,0.0,39.98524,-96.0,-39.98524,188.0,0.0,39.52387,-88.0,-39.52387,-92.0,158.5568,39.5239,-96.0,-79.35527,-12.0,23.80659,23.806600000000003,0.0,-15.871058999999999,-40.0
4959,event_004959.csv,0.0,39.98524,-96.0,-39.98524,-84.0,0.0,39.52387,-96.0,-39.52387,-60.0,118.8792,118.8792,52.0,-39.67766999999999,-92.0,23.80659,23.806600000000003,0.0,-7.93553,-72.0
4960,event_004960.csv,0.0,39.98524,-100.0,-39.98524,52.0,0.0,39.52387,-32.0,-39.52387,-92.0,118.8792,79.20150000000001,-40.0,-39.67766999999999,-60.0,23.80659,23.806600000000003,0.0,-15.871058999999999,-36.0
4961,event_004961.csv,0.0,39.98524,-96.0,0.0,-100.0,0.0,39.52387,-80.0,-39.52387,-100.0,118.8792,79.20150000000001,-40.0,-39.67766999999999,-56.0,23.80659,23.806600000000003,0.0,-7.93553,-92.0
4962,event_004962.csv,0.0,39.98524,-80.0,-39.98524,-52.0,0.0,39.52387,-72.0,-39.52387,-100.0,118.8792,317.1137,64.0,-39.67766999999999,-68.0,31.74213,15.871060000000003,0.0,-15.87107,-48.0
4963,event_004963.csv,0.0,39.98524,-84.0,-39.98524,-28.0,0.0,39.52387,-80.0,-39.52387,-92.0,118.8792,118.8792,60.0,-79.35533,-12.0,23.80659,23.806600000000003,0.0,-15.871058999999999,16.0
4964,event_004964.csv,0.0,39.98524,-72.0,-39.98524,-68.0,0.0,39.52387,-56.0,-39.52387,-76.0,118.8792,79.20150000000001,8.0,-79.35533,124.0,23.80659,23.806600000000003,0.0,-15.871058999999999,20.0
4965,event_004965.csv,0.0,39.98524,-72.0,-39.98524,-80.0,0.0,39.52387,-76.0,-39.52387,0.0,138.71800000000002,59.36269999999999,-60.0,-59.51647000000001,-80.0,15.87106,31.742130000000003,0.0,-7.935529,-48.0
4966,event_004966.csv,0.0,39.98524,-96.0,0.0,-100.0,0.0,39.52387,-48.0,-39.52387,-92.0,118.8792,79.20150000000001,16.0,-39.67766999999999,-60.0,23.80659,23.806600000000003,0.0,-7.93553,-52.0
4967,event_004967.csv,0.0,39.98524,-96.0,-39.98524,188.0,0.0,39.52387,-96.0,-39.52387,-44.0,118.8792,79.20150000000001,8.0,-39.67766999999999,-36.0,23.80659,23.806600000000003,0.0,-15.871058999999999,-28.0
4968,event_004968.csv,0.0,39.98524,-60.0,-39.98524,176.0,0.0,39.52387,-100.0,-39.52387,-56.0,118.8792,79.20150000000001,-60.0,-118.8792,124.0,23.80659,23.806600000000003,0.0,-15.871058999999999,-36.0
4969,event_004969.csv,0.0,39.98524,-96.0,-39.98524,-60.0,0.0,39.52387,-88.0,-39.52387,-52.0,118.8792,317.1137,-32.0,-39.67766999999999,-88.0,23.80659,23.806600000000003,0.0,-7.93553,-92.0
4970,event_004970.csv,0.0,39.98524,-96.0,-39.98524,28.0,0.0,39.52387,-56.0,-39.52387,-92.0,118.8792,79.20150000000001,-72.0,-79.35533,40.0,23.80659,31.742130000000003,0.0,-15.871058999999999,-60.0
4971,event_004971.csv,0.0,39.98524,-84.0,-39.98524,-12.0,0.0,39.52387,-80.0,-39.52387,-28.0,118.8792,79.20150000000001,-100.0,-39.67766999999999,32.0,31.74213,15.871060000000003,0.0,-15.87107,-80.0
4972,event_004972.csv,0.0,39.98524,-96.0,0.0,-100.0,0.0,39.52387,-80.0,-39.52387,-52.0,158.5568,39.5239,16.0,-79.35527,-84.0,23.80659,23.806600000000003,0.0,-15.871058999999999,-28.0
4973,event_004973.csv,0.0,39.98524,-92.0,-39.98524,-60.0,0.0,39.52387,-16.0,-39.52387,-60.0,118.8792,79.20150000000001,-88.0,-39.67766999999999,-12.0,23.80659,23.806600000000003,0.0,-15.871058999999999,-40.0
4974,event_004974.csv,0.0,39.98524,-92.0,-39.98524,-36.0,0.0,39.52387,-56.0,-39.52387,-100.0,118.8792,79.20150000000001,-28.0,-39.67766999999999,-20.0,23.80659,23.806600000000003,0.0,-15.871058999999999,-28.0
4975,event_004975.csv,0.0,39.98524,-100.0,-39.98524,52.0,0.0,39.52387,-56.0,-39.52387,-92.0,138.71800000000002,99.04039999999998,104.0,-59.51647000000001,-100.0,15.87106,31.742130000000003,0.0,-7.935529,-48.0
4976,event_004976.csv,0.0,39.98524,-96.0,-39.98524,-52.0,0.0,79.20153,56.0,-39.52387,-84.0,118.8792,79.20150000000001,-96.0,0.0,-100.0,23.80659,23.806600000000003,0.0,-7.93553,-92.0
4977,event_004977.csv,0.0,39.98524,-92.0,-39.98524,-100.0,0.0,39.52387,56.0,-39.52387,-92.0,158.5568,39.5239,12.0,-79.35527,-8.0,23.80659,23.806600000000003,0.0,-15.871058999999999,-36.0
4978,event_004978.csv,0.0,39.98524,-92.0,-39.98524,-96.0,0.0,79.20153,-88.0,-39.52387,-36.0,158.5568,39.5239,16.0,-79.35527,60.0,23.80659,23.806600000000003,0.0,-15.871058999999999,4.0
4979,event_004979.csv,0.0,39.98524,-88.0,0.0,-100.0,0.0,39.52387,-80.0,-39.52387,-60.0,118.8792,79.20150000000001,-96.0,-39.67766999999999,-28.0,23.80659,23.806600000000003,0.0,-15.871058999999999,-40.0
4980,event_004980.csv,0.0,39.98524,-72.0,-39.98524,20.0,0.0,39.52387,-96.0,-39.52387,-92.0,118.8792,79.20150000000001,12.0,-39.67766999999999,-96.0,23.80659,23.806600000000003,0.0,-7.93553,-52.0
4981,event_004981.csv,0.0,39.98524,-80.0,-39.98524,12.0,0.0,39.52387,-88.0,-39.52387,-60.0,118.8792,118.8792,16.0,-79.35533,36.0,31.74213,15.871060000000003,0.0,-15.87107,-92.0
4982,event_004982.csv,0.0,39.98524,-100.0,-39.98524,-76.0,0.0,39.52387,-80.0,-39.52387,-76.0,118.8792,79.20150000000001,-40.0,-79.35533,-12.0,23.80659,23.806600000000003,0.0,-15.871058999999999,-40.0
4983,event_004983.csv,0.0,39.98524,-80.0,0.0,-100.0,0.0,39.52387,-88.0,-39.52387,20.0,158.5568,79.20159999999998,160.0,-119.03293000000001,188.0,23.80659,23.806600000000003,0.0,-15.871058999999999,180.0
4984,event_004984.csv,0.0,39.98524,-36.0,-39.98524,-44.0,0.0,39.52387,-48.0,-39.52387,-12.0,118.8792,317.1137,168.0,-79.35533,36.0,23.80659,23.806600000000003,0.0,-15.871058999999999,12.0
4985,event_004985.csv,0.0,39.98524,-96.0,-39.98524,156.0,0.0,39.52387,-56.0,-39.52387,-76.0,118.8792,79.20150000000001,64.0,-39.67766999999999,-36.0,23.80659,23.806600000000003,0.0,-7.93553,-52.0
4986,event_004986.csv,0.0,39.98524,-72.0,-39.98524,-96.0,0.0,39.52387,-68.0,-39.52387,-16.0,118.8792,79.20150000000001,-60.0,-79.35533,124.0,23.80659,23.806600000000003,0.0,-15.871058999999999,20.0
4987,event_004987.csv,0.0,39.98524,-32.0,-39.98524,84.0,0.0,39.52387,-40.0,-39.52387,-100.0,118.8792,79.20150000000001,24.0,-39.67766999999999,-76.0,23.80659,23.806600000000003,0.0,-15.871058999999999,-36.0
4988,event_004988.csv,0.0,39.98524,-88.0,-39.98524,-76.0,0.0,39.52387,-16.0,-39.52387,-28.0,118.8792,79.20150000000001,-40.0,-79.35533,36.0,23.80659,23.806600000000003,0.0,-7.93553,-64.0
4989,event_004989.csv,0.0,39.98524,-64.0,-39.98524,-84.0,0.0,39.52387,-8.0,-39.52387,-60.0,118.8792,79.20150000000001,16.0,-39.67766999999999,-76.0,23.80659,23.806600000000003,0.0,-15.871058999999999,-36.0
4990,event_004990.csv,0.0,39.98524,-60.0,-39.98524,-48.0,0.0,39.52387,-92.0,-39.52387,-96.0,118.8792,79.20150000000001,8.0,-39.67766999999999,-80.0,23.80659,23.806600000000003,0.0,-7.93553,-64.0
4991,event_004991.csv,0.0,39.98524,-100.0,-39.98524,-72.0,0.0,39.52387,-60.0,-39.52387,-56.0,118.8792,79.20150000000001,96.0,-79.35533,-8.0,23.80659,23.806600000000003,0.0,-15.871058999999999,-64.0
4992,event_004992.csv,0.0,39.98524,-76.0,-39.98524,32.0,0.0,39.52387,-88.0,0.0,-100.0,158.5568,79.20159999999998,20.0,-119.03293000000001,40.0,15.87106,31.742130000000003,0.0,-7.935529,-40.0
4993,event_004993.csv,0.0,39.98524,-96.0,-39.98524,20.0,0.0,39.52387,-24.0,-39.52387,-84.0,118.8792,79.20150000000001,8.0,-79.35533,-12.0,23.80659,23.806600000000003,0.0,-15.871058999999999,-36.0
4994,event_004994.csv,0.0,39.98524,-68.0,-39.98524,-44.0,0.0,39.52387,-56.0,-39.52387,-76.0,118.8792,118.8792,140.0,-79.35533,120.0,23.80659,23.806600000000003,0.0,-15.871058999999999,28.0
4995,event_004995.csv,0.0,39.98524,-64.0,-39.98524,52.0,0.0,39.52387,-24.0,-39.52387,-92.0,118.8792,79.20150000000001,-40.0,-39.67766999999999,36.0,23.80659,23.806600000000003,0.0,-15.871058999999999,-36.0
4996,event_004996.csv,0.0,39.98524,-80.0,-39.98524,-20.0,0.0,39.52387,-56.0,-39.52387,-28.0,118.8792,79.20150000000001,160.0,-39.67766999999999,-68.0,23.80659,23.806600000000003,0.0,-15.871058999999999,28.0
4997,event_004997.csv,0.0,39.98524,-96.0,-39.98524,-4.0,0.0,39.52387,-8.0,-39.52387,-44.0,118.8792,79.20150000000001,8.0,-39.67766999999999,-8.0,23.80659,23.806600000000003,0.0,-15.871058999999999,-48.0
4998,event_004998.csv,0.0,39.98524,-96.0,-39.98524,140.0,0.0,39.52387,-72.0,-39.52387,-100.0,118.8792,79.20150000000001,-52.0,-39.67766999999999,-76.0,23.80659,23.806600000000003,0.0,-15.871058999999999,-52.0
4999,event_004999.csv,0.0,39.98524,-100.0,-39.98524,-24.0,0.0,39.52387,-20.0,-39.52387,-80.0,118.8792,79.20150000000001,16.0,-39.67766999999999,-76.0,23.80659,23.806600000000003,0.0,-23.80659,-40.0
